{
    "name": "Tresure Chest",
    "rarity": 1,
    "loot": [
        {
            "type": "iron_ingot",
            "maxAmount": 8,
            "minAmount": 1,
            "rarity": 1,
            "slotTypes": "STORAGE"
        },
        {
            "type": "iron_nugget",
            "maxAmount": 10,
            "minAmount": 1,
            "rarity": 1,
            "slotTypes": "STORAGE"
        },
        {
            "type": "emerald",
            "maxAmount": 5,
            "minAmount": 1,
            "rarity": 1,
            "slottypes": "STORAGE"
        },
        {
            "type": "lapis_lazuli",
            "maxamount": 10,
            "minAmount": 1,
            "rarity": 2,
            "slottypes": "STORAGE"
        },
        {
            "type": "gold_nugget",
            "maxamount": 10,
            "minAmount": 1,
            "rarity": 3,
            "slottypes": "STORAGE"
        },
        {
            "type": "gold_ingot",
            "maxamount": 5,
            "minAmount": 1,
            "rarity": 4,
            "slottypes": "STORAGE"
        },
        {
            "type": "experience_bottle",
            "maxamount": 1,
            "rarity": 6,
            "slottypes": "STORAGE"
        },
        {
            "type": "diamond",
            "maxamount": 1,
            "rarity": 6,
            "slottypes": "STORAGE"
        }
    ]
}
