{
    "beholder.bite": {
        "sounds": [
            "littleroom_beholder:bite_1",
            "littleroom_beholder:bite_2"
        ]
    },
    "beholder.laser": {
        "sounds": [
            "littleroom_beholder:laser_1",
            "littleroom_beholder:laser_2",
            "littleroom_beholder:laser_3"
        ]
    },
    "beholder.laser_build": {
        "sounds": [
            "littleroom_beholder:laser_build_1",
            "littleroom_beholder:laser_build_2",
            "littleroom_beholder:laser_build_3",
            "littleroom_beholder:laser_build_4"
        ]
    },
    "beholder.laser_dance": {
        "sounds": [
            "littleroom_beholder:laser_dance"
        ]
    },
    "beholder.laser_dance_build": {
        "sounds": [
            "littleroom_beholder:laser_dance_build"
        ]
    },
    "beholder.open_maw": {
        "sounds": [
            "littleroom_beholder:open_maw"
        ]
    },
    "beholder.idle": {
        "sounds": [
            "littleroom_beholder:idle_1",
            "littleroom_beholder:idle_2",
            "littleroom_beholder:idle_3"
        ]
    },
    "beholder.scream": {
        "sounds": [
            "littleroom_beholder:scream_1",
            "littleroom_beholder:scream_2",
            "littleroom_beholder:scream_3"
        ]
    },
    "beholder.deflect_hit": {
        "sounds": [
            "littleroom_beholder:deflect_hit_1",
            "littleroom_beholder:deflect_hit_2"
        ]
    },
    "beholder.death": {
        "sounds": [
            "littleroom_beholder:death"
        ]
    },
    "beholder.shield_hit": {
        "sounds": [
            "littleroom_beholder:shield_hit_1",
            "littleroom_beholder:shield_hit_2",
            "littleroom_beholder:shield_hit_3"
        ]
    },
    "beholder.deflect": {
        "sounds": [
            "littleroom_beholder:deflect_1",
            "littleroom_beholder:deflect_2",
            "littleroom_beholder:deflect_3"
        ]
    },
    "beholder.vanish": {
        "sounds": [
            "littleroom_beholder:vanish"
        ]
    }
}