{"cachedId":{"mega_warden_hidden:right_ribs1":268,"eldric:chain_18":33,"mega_warden_hidden:right_ribs2":259,"eldric:chain_19":35,"eldric:chain_16":39,"mega_warden_damage:antler_vines2":232,"eldric:chain_17":34,"eldric:chain_14":36,"mega_warden_damage:left_finger_1_6":255,"eldric:chain_15":40,"eldric:chain_12":58,"mega_warden_damage:left_finger_1_4":253,"eldric:chain_13":63,"mega_warden_damage:left_finger_1_5":248,"eldric:chain_10":55,"mega_warden_damage:left_finger_1_2":254,"eldric:chain_11":60,"mega_warden_damage:left_finger_1_3":245,"eldric:body":1,"lrd_beholder_gibs:gib_2":163,"lrd_beholder:tentacle_8_1_cube":110,"lrd_beholder_gibs:gib_1":162,"mega_warden_damage:left_finger_1_1":246,"lrd_beholder:tentacle_6_1_cube":124,"lrd_beholder:tentacle_4_1_cube":134,"lrd_beholder:tentacle_2_1_cube":149,"lrd_beholder:right_cheek":94,"mega_warden:right_ribs2":172,"mega_warden:right_ribs1":181,"lrd_beholder:right_jaw_stretch":101,"mega_warden:head":177,"mega_warden_damage:upper_torso":220,"lrd_beholder:right_horn":88,"mega_warden:left_foot":175,"mega_warden_damage:antler_sensor":234,"lrd_beholder:left_jaw_veins":112,"mega_warden_hidden:upper_torso":261,"eldric:bicep_left":5,"mega_warden_hidden:spirit_1_5":276,"mega_warden_hidden:spirit_1_6":281,"lrd_beholder:left_jaw":98,"lrd_beholder_gibs:left_horn":160,"mega_warden_hidden:spirit_1_1":270,"mega_warden_hidden:spirit_1_2":279,"mega_warden_hidden:spirit_1_3":290,"mega_warden_hidden:spirit_1_4":265,"eldric:chain_38":24,"eldric:chain_39":21,"mega_warden_hidden:right_forearm":277,"eldric:chain_36":48,"eldric:chain_37":52,"lrd_beholder:broken_tentacle":85,"eldric:chain_34":43,"eldric:chain_35":49,"eldric:chain_32":41,"eldric:chain_33":44,"eldric:chain_30":45,"eldric:chain_31":42,"mega_warden:swipe_fx2":195,"eldric:jaw":8,"mega_warden_damage:right_ribs1":227,"mega_warden_damage:right_ribs2":218,"mega_warden:left_leg":170,"eldric:chain_29":46,"eldric:chain_27":50,"eldric:chain_28":47,"eldric:chain_25":37,"lrd_beholder:tentacle_6_1_cube2":123,"eldric:chain_26":51,"eldric:chain_23":31,"lrd_beholder:tentacle_6_1_cube4":121,"eldric:chain_24":38,"lrd_beholder:tentacle_6_1_cube3":122,"eldric:chain_21":29,"eldric:forearm_right":11,"eldric:chain_22":32,"lrd_beholder:tentacle_6_1_cube5":120,"eldric:chain_20":30,"mega_warden:left_forearm":191,"mega_warden_hidden:drool":280,"mega_warden_damage:lower_torso":213,"mega_warden:antler_sensor3":184,"lrd_beholder:dead_bottom_eyelid":86,"eldric_lava_spike:groundcrack":75,"lrd_beholder:body":84,"eldric:eyebrow_right":7,"lrd_beholder:tentacle_3_1_cube2":138,"mega_warden:jaw":185,"lrd_beholder:tentacle_3_1_cube3":137,"lrd_beholder:tentacle_3_1_cube4":136,"lrd_beholder:tentacle_3_1_cube5":135,"mega_warden:upper_torso":174,"lrd_beholder:left_horn":97,"lrd_beholder:center_jaw_veins":107,"eldric:hammer":27,"eldric:chain_49":25,"eldric:chain_47":22,"eldric_lava_spike:lava_shard":76,"eldric:chain_48":26,"mega_warden_hidden:right_finger_1_6":293,"eldric:chain_45":17,"eldric:chain_46":23,"eldric:leg_right":3,"eldric:chain_43":15,"eldric:chain_44":18,"eldric:chain_41":19,"lrd_beholder:right_jaw":89,"mega_warden_hidden:right_foot":263,"mega_warden_hidden:right_finger_1_1":284,"eldric:chain_42":16,"mega_warden:drool":193,"lrd_beholder:dead_body":83,"eldric:chain_40":20,"mega_warden_hidden:right_finger_1_5":285,"mega_warden_hidden:right_finger_1_4":291,"mega_warden_hidden:right_finger_1_3":283,"mega_warden_hidden:right_finger_1_2":292,"mega_warden_hidden:left_arm":267,"mega_warden_damage:left_arm":226,"eldric:bicep_right":4,"mega_warden_pet:right_arm":300,"mega_warden_damage:left_foot":221,"mega_warden_damage:swipe_fx":247,"mega_warden:antler_sensor":188,"eldric:foot_right":10,"mega_warden_damage:jaw":231,"mega_warden_rocks:rock3":304,"mega_warden_rocks:rock2":307,"mega_warden_rocks:rock5":308,"mega_warden_rocks:rock4":305,"mega_warden_hidden:swipe_fx":288,"mega_warden_rocks:rock1":306,"mega_warden_hidden:left_finger_1_1":287,"mega_warden_hidden:left_finger_1_2":295,"mega_warden_hidden:left_finger_1_3":286,"mega_warden_hidden:left_finger_1_4":294,"mega_warden_hidden:left_finger_1_5":289,"mega_warden_hidden:left_finger_1_6":296,"eldric:foot_left":13,"mega_warden_hidden:lower_torso":256,"lrd_beholder:tentacle_8_1_cube5":104,"lrd_beholder:tentacle_8_1_cube3":108,"lrd_beholder:tentacle_8_1_cube4":105,"mega_warden_damage:left_forearm":237,"lrd_beholder:tentacle_8_1_cube2":109,"lrd_beholder:tentacle_5_1_cube":129,"mega_warden_damage:left_ribs2":219,"mega_warden_damage:drool":239,"mega_warden:left_ribs1":182,"mega_warden:left_ribs2":173,"mega_warden:antler_vines2":186,"mega_warden:left_finger_1_5":202,"mega_warden:left_finger_1_4":207,"mega_warden:left_finger_1_6":209,"eldric:beard_1":14,"mega_warden_pet:right_leg":301,"eldric_megahit_fx:fx_3":79,"eldric_megahit_fx:fx_4":80,"lrd_beholder:tentacle_3_1_cube":139,"lrd_beholder:tentacle_7_1_cube":119,"lrd_beholder:tentacle_2_1_cube5":141,"eldric:beard_2":66,"lrd_beholder:tentacle_2_1_cube4":142,"mega_warden_damage:left_ribs1":228,"mega_warden_damage:right_forearm":236,"lrd_beholder:tentacle_2_1_cube3":144,"lrd_beholder:tentacle_2_1_cube2":147,"eldric_megahit_fx:fx_1":77,"eldric_megahit_fx:fx_2":78,"lrd_beholder:tentacle_5_1_cube5":125,"lrd_beholder:tentacle_5_1_cube4":126,"mega_warden_hidden:right_arm":266,"lrd_beholder:tentacle_5_1_cube3":127,"mega_warden_damage:right_arm":225,"lrd_beholder:tentacle_5_1_cube2":128,"mega_warden:spirit_1_2":192,"mega_warden:left_finger_1_1":200,"mega_warden_damage:left_leg":216,"eldric_scrapmetal:anvil_piece":81,"mega_warden:spirit_1_3":203,"mega_warden:left_finger_1_3":199,"mega_warden:spirit_1_1":183,"mega_warden:left_finger_1_2":208,"mega_warden:rock4":166,"mega_warden:rock3":165,"mega_warden:rock2":169,"lrd_beholder:veins_1":91,"mega_warden:rock1":168,"lrd_beholder:veins_2":102,"lrd_beholder:veins_3":113,"mega_warden_damage:antler_vines":233,"lrd_beholder:veins_4":87,"lrd_beholder:veins_5":99,"mega_warden:rock5":164,"mega_warden_hidden:antler_vines2":273,"mega_warden:lower_torso":167,"eldric:leg_left":6,"mega_warden_hidden:swipe_fx2":282,"mega_warden:spirit_1_6":194,"mega_warden:spirit_1_4":178,"mega_warden:spirit_1_5":189,"lrd_beholder:pupil":103,"mega_warden_damage:swipe_fx2":241,"eldric_lava_spike:ground_shard_3":72,"eldric_lava_spike:ground_shard_2":73,"mega_warden_damage:antler_sensor3":230,"eldric_lava_spike:ground_shard_4":71,"mega_warden_damage:head":223,"eldric_lava_spike:ground_shard_1":74,"mega_warden:right_foot":176,"eldric:forearm_left":12,"mega_warden_pet:torso":297,"lrd_beholder:left_cheek":93,"mega_warden_damage:spirit_1_1":229,"mega_warden_damage:spirit_1_4":224,"mega_warden_hidden:right_leg":258,"mega_warden_damage:right_foot":222,"mega_warden_damage:spirit_1_5":235,"mega_warden_damage:spirit_1_2":238,"mega_warden_damage:spirit_1_3":249,"lrd_beholder:tongue_2":116,"mega_warden_damage:right_leg":217,"mega_warden_hidden:antler_sensor":275,"lrd_beholder:tongue_1":106,"mega_warden_damage:spirit_1_6":240,"mega_warden_hidden:left_leg":257,"mega_warden_pet:left_arm":302,"eldric:fingers_left":53,"lrd_beholder:bottom_eyelid":95,"lrd_beholder:tentacle_1_eyeball":148,"mega_warden_pet:left_leg":299,"eldric:anvil_piece":69,"eldric:eyebrow_left":9,"mega_warden_hidden:antler_vines":274,"lrd_beholder:glow_eyeball_2":153,"lrd_beholder:glow_eyeball_1":155,"lrd_beholder:glow_eyeball_4":151,"lrd_beholder:glow_eyeball_3":152,"mega_warden_hidden:left_ribs1":269,"eldric_anvil:anvil":70,"lrd_beholder:glow_eyeball_5":150,"mega_warden_hidden:left_ribs2":260,"mega_warden_pet:drool":303,"mega_warden_pet:head":298,"lrd_beholder:glow_eyeball_laser_2":159,"lrd_beholder:glow_eyeball_laser_1":154,"mega_warden_hidden:antler_sensor3":271,"eldric:chain_8":59,"eldric:chain_7":54,"lrd_beholder:center_jaw":96,"eldric:chain_6":56,"eldric:chain_5":64,"eldric:hammer_swirl_2":68,"eldric:chain_4":65,"eldric:hammer_swirl_1":67,"eldric:chain_3":61,"lrd_beholder:glow_eyeball_laser_5":156,"mega_warden_hidden:head":264,"mega_warden_hidden:left_forearm":278,"eldric:chain_2":62,"lrd_beholder:glow_eyeball_laser_4":157,"eldric:fingers_right":28,"lrd_beholder:glow_eyeball_laser_3":158,"lrd_beholder:tentacle_7_1_cube4":115,"mega_warden:right_finger_1_4":204,"lrd_beholder:tentacle_7_1_cube5":114,"mega_warden:right_finger_1_3":196,"lrd_beholder:tentacle_7_1_cube2":118,"mega_warden:right_finger_1_2":205,"lrd_beholder:tentacle_7_1_cube3":117,"mega_warden:right_finger_1_1":197,"mega_warden:right_finger_1_6":206,"eldric:chain_9":57,"mega_warden:right_finger_1_5":198,"lrd_beholder:tentacle_1_eyeball5":140,"lrd_beholder:tentacle_1_eyeball4":143,"lrd_beholder_gibs:eye_ball":161,"lrd_beholder:right_jaw_veins":100,"lrd_beholder:tentacle_1_eyeball3":145,"mega_warden:right_leg":171,"lrd_beholder:tentacle_1_eyeball2":146,"mega_warden_damage:right_finger_1_1":243,"mega_warden_damage:right_finger_1_2":251,"mega_warden:swipe_fx":201,"mega_warden_hidden:left_foot":262,"mega_warden:antler_vines":187,"mega_warden_damage:right_finger_1_5":244,"mega_warden_damage:right_finger_1_6":252,"lrd_beholder:eyebrow":90,"mega_warden_damage:right_finger_1_3":242,"eldric_slam_fx:hexadecagon":82,"mega_warden_damage:right_finger_1_4":250,"eldric:head":2,"lrd_beholder:glow_eyeball":92,"mega_warden:left_arm":180,"mega_warden:right_arm":179,"mega_warden:right_forearm":190,"lrd_beholder:tentacle_4_1_cube2":133,"lrd_beholder:tentacle_4_1_cube3":132,"mega_warden_damage:rock2":215,"lrd_beholder:tentacle_4_1_cube4":131,"mega_warden_damage:rock1":214,"lrd_beholder:tentacle_4_1_cube5":130,"mega_warden_damage:rock4":212,"mega_warden_damage:rock3":211,"mega_warden_damage:rock5":210,"lrd_beholder:left_jaw_stretch":111,"mega_warden_hidden:jaw":272},"unused":[],"nextId":309}