{"cachedId":{"eldric:chain_18":33,"eldric:chain_19":35,"eldric:chain_16":39,"eldric:anvil_piece":69,"eldric:eyebrow_left":9,"eldric:beard_1":14,"eldric:chain_17":34,"eldric:chain_14":36,"eldric:chain_15":40,"eldric:chain_12":58,"eldric:chain_13":63,"eldric:chain_10":55,"eldric:chain_11":60,"eldric_anvil:anvil":70,"eldric:body":1,"eldric_megahit_fx:fx_3":79,"eldric_megahit_fx:fx_4":80,"eldric_lava_spike:groundcrack":75,"eldric:beard_2":66,"eldric:eyebrow_right":7,"eldric_megahit_fx:fx_1":77,"eldric_megahit_fx:fx_2":78,"eldric:chain_8":59,"eldric:chain_7":54,"eldric:chain_6":56,"eldric:chain_5":64,"eldric:hammer_swirl_2":68,"eldric:chain_4":65,"eldric:hammer_swirl_1":67,"eldric:chain_3":61,"eldric:chain_2":62,"eldric:hammer":27,"eldric:fingers_right":28,"eldric:chain_49":25,"eldric_scrapmetal:anvil_piece":81,"eldric:chain_47":22,"eldric_lava_spike:lava_shard":76,"eldric:chain_48":26,"eldric:chain_45":17,"eldric:chain_46":23,"eldric:leg_right":3,"eldric:chain_43":15,"eldric:chain_44":18,"eldric:chain_9":57,"eldric:chain_41":19,"eldric:chain_42":16,"eldric:chain_40":20,"eldric:leg_left":6,"eldric:bicep_left":5,"eldric:bicep_right":4,"eldric:chain_38":24,"eldric:chain_39":21,"eldric:chain_36":48,"eldric:chain_37":52,"eldric:chain_34":43,"eldric:chain_35":49,"eldric:chain_32":41,"eldric:foot_right":10,"eldric:chain_33":44,"eldric_slam_fx:hexadecagon":82,"eldric:chain_30":45,"eldric_lava_spike:ground_shard_3":72,"eldric:chain_31":42,"eldric_lava_spike:ground_shard_2":73,"eldric_lava_spike:ground_shard_4":71,"eldric:head":2,"eldric_lava_spike:ground_shard_1":74,"eldric:forearm_left":12,"eldric:jaw":8,"eldric:foot_left":13,"eldric:chain_29":46,"eldric:chain_27":50,"eldric:chain_28":47,"eldric:chain_25":37,"eldric:chain_26":51,"eldric:chain_23":31,"eldric:chain_24":38,"eldric:chain_21":29,"eldric:forearm_right":11,"eldric:chain_22":32,"eldric:chain_20":30,"eldric:fingers_left":53},"unused":[],"nextId":83}