{"cachedId":{"fdexplosion_resources:ffxc9":292,"fdexplosion_resources:ffxc8":290,"fallendefendress:left_foot":388,"defendrestatue:shield":377,"fallendefendress:sndpfx2":411,"fallendefendress:sndpfx3":409,"fallendefendress:sndpfx4":408,"fallendefender3:left_arm":90,"fallendefendress:sndpfx5":406,"fallendefendress:sndpfx1":413,"fallendefender:sfe_frame7":59,"fallendefender:sfe_frame8":51,"fallendefender:sfe_frame5":63,"fallendefender:sfe_frame6":61,"fallendefendress:sndpfx6":404,"fallendefendress:sndpfx7":402,"fallendefender:sfe_frame9":50,"fallendefendress:sndpfx8":400,"fallendefendress:sndpfx9":415,"fdexplosion_resources:ffxc3":294,"fallendefender:sfe_frame0":47,"fdexplosion_resources:ffxc2":299,"fdexplosion_resources:ffxc1":300,"fallendefender:sfe_frame3":52,"fdexplosion_resources:ffxc7":291,"fallendefender:sfe_frame4":65,"fdexplosion_resources:ffxc6":295,"fallendefender:sfe_frame1":56,"fdexplosion_resources:ffxc5":296,"fallendefender:sfe_frame2":54,"fdexplosion_resources:ffxc4":293,"fdexplosion_resources:ffxb9":319,"fallendefendress:left_forearm":393,"fdexplosion_resources:ffxb8":320,"fdexplosion_resources:ffxb7":317,"fdefender_shockwaveresources:rswe_2":141,"fdexplosion_resources:ffxb2":322,"fdefender_shockwaveresources:rswe_3":142,"fdexplosion_resources:ffxb1":327,"fdefender_shockwaveresources:rswe_4":139,"fdexplosion_resources:ffxb6":318,"fdexplosion_resources:ffxb5":323,"fdexplosion_resources:ffxb4":324,"fdefender_shockwaveresources:rswe_1":140,"fdexplosion_resources:ffxb3":321,"fhero_shockwave:frame1":357,"fallendefendress3:right_shin":466,"fallendefender2:hip":70,"fdexplosion_resources:frame5":186,"fdexplosion_resources:frame4":181,"fdexplosion_resources:frame7":184,"fdexplosion_resources:frame6":187,"fdexplosion_resources:frame1":182,"fdexplosion_resources:firewavea2":208,"fdexplosion_resources:firewavea1":210,"fdexplosion_resources:frame3":180,"fdexplosion_resources:firewavea4":206,"fdexplosion_resources:frame2":183,"fdexplosion_resources:firewavea3":209,"fallendefender3:right_arm":96,"fallendefender:svorden":30,"fdexplosion_resources:frame8":185,"fdexplosion_resources:explosionb10":350,"fdexplosion_resources:explosionb11":348,"fdexplosion_resources:explosionb12":353,"fallendefender:left_forearm":24,"fallendefender3:left_shin":84,"fdexplosion_resources:ffxd9":333,"fallendefendress3:hand":471,"fallendefender:hip":15,"fdexplosion_resources:ravage10":169,"fdexplosion_resources:ravage11":177,"fdexplosion_resources:ravage12":176,"fdexplosion_resources:ravage13":179,"fdefender_shockwaveresources:rswf_1":153,"fdexplosion_resources:ravage14":178,"fdexplosion_resources:ffxd4":336,"fdefender_shockwaveresources:rswf_2":154,"fdexplosion_resources:ravage15":173,"fdexplosion_resources:ffxd3":341,"fdefender_shockwaveresources:rswf_3":151,"fdexplosion_resources:ravage16":171,"fdexplosion_resources:ffxd2":342,"fallendefender2:hand":82,"fdefender_shockwaveresources:rswf_4":152,"fdexplosion_resources:ravage17":175,"fdexplosion_resources:ffxd1":339,"fdexplosion_resources:ravage18":174,"fdexplosion_resources:ffxd8":334,"fallendefendress2:right_foot":443,"fdexplosion_resources:ravage19":160,"fdexplosion_resources:ffxd7":337,"fdexplosion_resources:ffxd6":338,"defenderstatue:hand":10,"fdexplosion_resources:ffxd5":335,"fallendefendress:left_arm":390,"fdefender_shockwaveresources:rswg_4":149,"defenderstatue:right_arm":6,"fallendefendress3:left_foot":461,"fallendefender2:left_foot":72,"fdexplosion_resources:ravage20":164,"fdexplosion_resources:ravage21":163,"fdexplosion_resources:ravage22":166,"fdexplosion_resources:ravage23":165,"fdexplosion_resources:ravage24":168,"ravager_fireblade2:fb1":368,"fdexplosion_resources:ravage25":167,"fdexplosion_resources:fb9":288,"fallendefendress:right_shin":384,"fallendefendress3:left_forearm":460,"fallendefendress3:right_leg":467,"fallendefendress2:left_shin":441,"fallendefendress3:shield":457,"fallendefender3:right_shin":93,"fallendefender3:head":91,"fdefender_shockwaveresources:rswg_1":150,"fdefender_shockwaveresources:rswg_2":147,"fdefender_shockwaveresources:rswg_3":148,"fallendefender:sndpfx12":34,"fallendefender:sndpfx11":36,"fallendefender:sndpfx14":45,"fallendefender:sndpfx13":32,"fdefender_shockwaveresources:rswh_3":137,"fdefender_shockwaveresources:rswh_4":138,"fallendefendress2:svorden":454,"fallendefender:sndpfx10":38,"fallendefendress:shield2":397,"fallendefendress2:hand":451,"fallendefendress2:chest":442,"fallendefender3:left_forearm":88,"fallendefender:sndpfx16":41,"fallendefender:sndpfx15":43,"fallendefender3:right_leg":94,"fallendefender:right_foot":19,"fdefender_shockwaveresources:rswh_1":135,"fdefender_shockwaveresources:rswh_2":136,"fallendefender3:shield":85,"fallendefender:left_shin":17,"fdefender_shockwaveresources:rswi_2":132,"fallendefender:right_forearm":25,"fdefender_shockwaveresources:rswi_3":133,"fdefender_shockwaveresources:rswi_4":134,"fallendefender2:left_forearm":71,"fallendefendress2:right_arm":447,"fdexplosion_resources:rwsb14":195,"fallendefender2:svorden":67,"fdexplosion_resources:rwsb12":199,"fdexplosion_resources:rwsb13":197,"defenderstatue:head":7,"fdexplosion_resources:rwsb10":191,"fdexplosion_resources:rwsb11":201,"ravage_effectus_xd:ravage1":367,"fdexplosion_resources:ffxd2_1":312,"fdexplosion_resources:ffxd2_2":310,"fdexplosion_resources:ffxd2_3":309,"fdexplosion_resources:ffxd2_4":308,"fdexplosion_resources:ffxd2_5":316,"fallendefender2:left_arm":73,"fallendefender:left_leg":14,"fallendefendress:shield":396,"fallendefendress:chest":386,"defendrestatue:head":373,"fallendefendress:shieldennfx":398,"fdefender_shockwaveresources:rswi_1":131,"fallendefender:shield2":28,"fdexplosion_resources:rwsb5":200,"fdexplosion_resources:rwsb6":194,"fdexplosion_resources:rwsb7":196,"fdexplosion_resources:rwsb8":192,"fdefender_shockwaveresources:rswj_1":115,"fdexplosion_resources:rwsb1":190,"fdefender_shockwaveresources:rswj_2":116,"fdexplosion_resources:rwsb2":188,"fdefender_shockwaveresources:rswj_3":117,"fdexplosion_resources:rwsb3":189,"fdefender_shockwaveresources:rswj_4":118,"fdexplosion_resources:rwsb4":198,"fdexplosion_resources:rwsb9":193,"fallendefender2:right_foot":81,"fdexplosion_resources:rsw5":248,"fdexplosion_resources:rsw6":254,"fdexplosion_resources:rsw7":253,"fdexplosion_resources:rsw8":256,"fdexplosion_resources:rsw1":252,"fdexplosion_resources:rsw2":246,"fhero_shockwave2:frame1":358,"fdexplosion_resources:rsw3":245,"defendrestatue:core2":369,"fdexplosion_resources:rsw4":250,"defenderstatue:right_forearm":9,"fallendefendress:right_forearm":394,"fallendefender:sndpfx1":44,"fdexplosion_resources:ffxd2_6":315,"fdexplosion_resources:ffxd2_7":314,"fallendefender:sndpfx3":40,"fdexplosion_resources:ffxd2_8":313,"fallendefender:sndpfx2":42,"fdexplosion_resources:ffxd2_9":307,"fallendefender:sndpfx9":46,"fallendefender:sndpfx8":31,"fallendefendress2:shield":452,"fallendefender:sndpfx5":37,"fallendefender:sndpfx4":39,"fallendefendress3:right_arm":469,"fallendefender:sndpfx7":33,"fallendefender:sndpfx6":35,"fallendefendress2:right_leg":437,"fallendefender2:left_leg":75,"defenderstatue:left_arm":5,"fallendefender:hand":26,"fallendefender:left_arm":21,"fdefender_shockwaveresources:rswk_4":110,"fallendefendress:sfe_frame10":418,"fallendefendress:sfe_frame11":429,"fallendefendress:sfe_frame12":431,"fdefender_shockwaveresources:rswk_1":107,"fallendefendress:sfe_frame13":433,"fdefender_shockwaveresources:rswk_2":108,"fallendefendress:sfe_frame14":435,"fdefender_shockwaveresources:rswk_3":109,"fallendefendress:sfe_frame15":422,"fallendefendress:sfe_frame16":424,"fallendefendress:sfe_frame17":426,"fallendefendress:sfe_frame18":427,"fdexplosion_resources:fb16":273,"fdexplosion_resources:fb17":272,"fdexplosion_resources:fb14":275,"fdexplosion_resources:fb15":274,"fallendefendress2:shieldennfx":453,"fdexplosion_resources:fb12":277,"fdexplosion_resources:fb13":276,"fdexplosion_resources:fb10":280,"fallendefendress2:fravager_chipcitums":436,"fdexplosion_resources:fb11":278,"fallendefender:chest":18,"defenderstatue:shield":11,"fallendefender:sfe_frame12":62,"fallendefender:sfe_frame13":64,"fallendefendress:left_leg":382,"fallendefender:sfe_frame10":49,"fallendefender:sfe_frame11":60,"fallendefender:sfe_frame16":55,"fdexplosion_resources:explosionb8":347,"fallendefender:sfe_frame17":57,"fdexplosion_resources:explosionb9":354,"fallendefender:sfe_frame14":66,"fdexplosion_resources:explosionb6":351,"fallendefender:sfe_frame15":53,"fdexplosion_resources:explosionb7":349,"fdexplosion_resources:explosionb4":343,"fdexplosion_resources:explosionb5":352,"fallendefender:sfe_frame18":58,"fdexplosion_resources:explosionb2":345,"fdexplosion_resources:explosionb3":344,"fdexplosion_resources:explosionb1":346,"fdefender_shockwaveresources:rswl_3":113,"fdefender_shockwaveresources:rswl_4":114,"fdefender_shockwaveresources:rswl_1":111,"fdefender_shockwaveresources:rswl_2":112,"defender_fireprojectile:fb1":3,"fallendefendress2:hip":439,"fallendefendress2:left_forearm":449,"fdexplosion_resources:rsw12":251,"fdexplosion_resources:rsw13":243,"fdexplosion_resources:rsw10":247,"fdexplosion_resources:rsw11":249,"fallendefender3:hip":87,"fdexplosion_resources:rsw14":244,"fdexplosion_resources:fb18":271,"fdexplosion_resources:fb19":270,"fallendefendress:hand":395,"fdexplosion_resources:fb20":281,"fallendefender:shieldennfx":29,"fallendefendress2:left_leg":438,"fdefender_shockwaveresources:rswm_2":101,"fdefender_shockwaveresources:rswm_3":102,"fdefender_shockwaveresources:rswm_4":99,"fdefender_shockwaveresources:rswm_1":100,"fallendefendress3:svorden":455,"fallendefendress3:right_foot":470,"fallendefender2:shield":78,"defendrestatue:breastplate":370,"fallendefendress2:right_shin":440,"fallendefender2:right_arm":80,"defendrestatue:hand2":376,"fallendefendress2:left_arm":446,"fdexplosion_resources:firewavea13":214,"fdexplosion_resources:firewavea12":213,"fdexplosion_resources:firewavea11":212,"fdexplosion_resources:firewavea10":211,"fallendefendress:breastplate":389,"fallendefender3:svorden":83,"fdefender_shockwaveresources:rswn_1":105,"fdexplosion_resources:ravageb12":228,"fdefender_shockwaveresources:rswn_2":106,"fdexplosion_resources:ravageb13":234,"fdefender_shockwaveresources:rswn_3":103,"fdexplosion_resources:ravageb10":231,"fhero_supershockwave_vert:rswa_1":364,"fdefender_shockwaveresources:rswn_4":104,"fdexplosion_resources:ravageb11":229,"fhero_supershockwave_vert:rswa_2":365,"fallendefendress:left_shin":385,"fallendefendress3:hip":459,"fhero_supershockwave_vert:rswa_3":366,"fhero_supershockwave_vert:rswa_4":363,"fallendefender3:left_foot":89,"fallendefender:right_leg":13,"fdexplosion_resources:ravageb14":233,"fdexplosion_resources:ravageb15":232,"fdexplosion_resources:ravageb1":230,"fdexplosion_resources:ravageb2":240,"fdexplosion_resources:ravageb3":239,"fallendefendress2:head":448,"fdexplosion_resources:ravageb4":242,"fdexplosion_resources:ravageb5":241,"fdexplosion_resources:ravageb6":236,"fdexplosion_resources:ravageb7":235,"fallendefendress3:left_leg":465,"fdexplosion_resources:ravageb8":238,"fdexplosion_resources:ravageb9":237,"fallendefender:shield":27,"fallendefender2:right_leg":77,"fallendefendress2:breastplate":445,"fallendefender2:right_forearm":79,"fallendefender:right_shin":16,"fdexplosion_resources:rsw9":255,"fhero_fireexplosion:frame1":355,"fallendefendress3:chest":458,"fdexplosion_resources:ffxd2_10":311,"fallendefender2:left_shin":68,"fallendefender:left_foot":20,"fdexplosion_resources:ffxd10":340,"defenderstatue:svorden":12,"fallendefendress2:left_foot":444,"fallendefender2:head":74,"fdexplosion_resources:firewaveb12":226,"fdexplosion_resources:firewaveb11":225,"fallendefendress:right_foot":387,"fdexplosion_resources:firewaveb10":224,"defendrestatue:left_arm2":371,"fdexplosion_resources:firewaveb13":227,"fhero_fireffects:fb1":356,"fallendefendress:lame":417,"fallendefendress:sfe_frame2":423,"fallendefendress:sfe_frame1":425,"fallendefendress:sfe_frame0":416,"fdexplosion_resources:ffxc10":298,"fallendefendress:right_leg":381,"fallendefendress:sndpfx10":407,"fallendefendress:sndpfx11":405,"fallendefendress:sndpfx12":403,"fdexplosion_resources:ffxc17":305,"fallendefendress:sndpfx13":401,"fallendefendress:sndpfx14":414,"fdexplosion_resources:ffxc15":301,"fallendefendress:sndpfx15":412,"fdexplosion_resources:ffxc16":306,"fallendefendress:sndpfx16":410,"fdexplosion_resources:ffxc13":303,"fallendefendress3:head":464,"fdexplosion_resources:ffxc14":302,"fdexplosion_resources:ffxc11":297,"fallendefender2:right_shin":76,"fdexplosion_resources:ffxc12":304,"fallendefender2:chest":69,"fallendefender3:right_foot":97,"fallendefender3:hand":98,"fdefender_shockwaveresources:rswa_1":120,"fdefender_shockwaveresources:rswa_2":121,"fhero_supershockwave:rswa_2":361,"fdefender_shockwaveresources:rswa_3":122,"fhero_supershockwave:rswa_1":360,"fallendefender3:right_forearm":95,"fdefender_shockwaveresources:rswa_4":119,"fhero_supershockwave:rswa_4":359,"fhero_supershockwave:rswa_3":362,"fallendefendress3:left_shin":456,"defenderstatue:core":4,"fallendefender3:chest":86,"defender_fireblade2:fb1":2,"fdexplosion_resources:ffxb10":328,"fdexplosion_resources:ffxb11":326,"fdexplosion_resources:ffxb16":329,"fdexplosion_resources:ffxb14":331,"fdexplosion_resources:ffxb15":330,"fdexplosion_resources:ffxb12":325,"fdexplosion_resources:ffxb13":332,"fdexplosion_resources:fb3":282,"fdexplosion_resources:fb4":285,"fallendefendress:right_arm":391,"fdexplosion_resources:fb1":279,"fdexplosion_resources:fb2":283,"fdexplosion_resources:fb7":286,"fdexplosion_resources:fb8":289,"fallendefendress:fravager_chipcitums":380,"fdexplosion_resources:fb5":284,"fdexplosion_resources:fb6":287,"defendrestatue:shieldennfx":378,"fallendefendress:head":392,"fdefender_shockwaveresources:rswb_1":129,"fdefender_shockwaveresources:rswb_2":130,"fdefender_shockwaveresources:rswb_3":127,"fdefender_shockwaveresources:rswb_4":128,"fdexplosion_resources:ravage9":172,"fdexplosion_resources:ravage7":162,"fdexplosion_resources:ravage8":170,"fallendefendress3:breastplate":463,"fallendefender:head":23,"fdexplosion_resources:ravage5":159,"fdexplosion_resources:ravage6":161,"fdexplosion_resources:firewaveb7":216,"fdexplosion_resources:firewaveb6":219,"fdexplosion_resources:firewaveb9":215,"defendrestatue:right_forearm2":375,"fdexplosion_resources:firewaveb8":217,"fdexplosion_resources:ffxa11":267,"fdexplosion_resources:ffxa12":266,"defenderstatue:left_forearm":8,"fdexplosion_resources:ffxa10":268,"fallendefender:lame":48,"fdexplosion_resources:ffxa13":265,"defendrestatue:svorden":379,"fdexplosion_resources:firewavea6":204,"fdexplosion_resources:firewavea5":207,"fdexplosion_resources:firewavea8":202,"fdexplosion_resources:firewavea7":205,"fdexplosion_resources:firewavea9":203,"fdexplosion_resources:firewaveb1":222,"fdexplosion_resources:firewaveb3":220,"fdexplosion_resources:firewaveb2":223,"fdexplosion_resources:firewaveb5":218,"fdexplosion_resources:firewaveb4":221,"fdefender_shockwaveresources:rswc_4":125,"fallendefendress3:left_arm":462,"fallendefendress3:right_forearm":468,"fdefender_shockwaveresources:rswc_1":126,"fdefender_shockwaveresources:rswc_2":123,"fdefender_shockwaveresources:rswc_3":124,"fdexplosion_resources:ffxa9":269,"fdexplosion_resources:ffxa8":259,"fdexplosion_resources:ffxa7":260,"fdexplosion_resources:ffxa6":257,"defendrestatue:left_forearm2":374,"defendrestatue:right_arm2":372,"fallendefendress2:right_forearm":450,"fdexplosion_resources:ffxa1":262,"fdexplosion_resources:ffxa5":258,"fallendefender3:left_leg":92,"fdexplosion_resources:ffxa4":263,"fdexplosion_resources:ffxa3":264,"fdexplosion_resources:ffxa2":261,"fallendefender:right_arm":22,"fallendefendress:sfe_frame6":430,"fallendefendress:sfe_frame5":432,"fallendefendress:sfe_frame4":434,"fallendefendress:sfe_frame3":421,"fallendefendress:sfe_frame9":419,"fallendefendress:sfe_frame8":420,"fallendefendress:sfe_frame7":428,"fdefender_shockwaveresources:rswd_3":145,"fdexplosion_resources:ravage3":157,"fdefender_shockwaveresources:rswd_4":146,"fdexplosion_resources:ravage4":158,"fdexplosion_resources:ravage1":155,"fdexplosion_resources:ravage2":156,"defender_fire_blade:llamus":1,"fallendefendress:svorden":399,"fdefender_shockwaveresources:rswd_1":143,"fdefender_shockwaveresources:rswd_2":144,"fallendefendress:hip":383,"mega_warden:rock5":472,"mega_warden:rock3":473,"mega_warden:rock4":474,"mega_warden:lower_torso":475,"mega_warden:rock1":476,"mega_warden:rock2":477,"mega_warden:left_leg":478,"mega_warden:right_leg":479,"mega_warden:right_ribs2":480,"mega_warden:left_ribs2":481,"mega_warden:upper_torso":482,"mega_warden:left_foot":483,"mega_warden:right_foot":484,"mega_warden:head":485,"mega_warden:spirit_1_4":486,"mega_warden:right_arm":487,"mega_warden:left_arm":488,"mega_warden:right_ribs1":489,"mega_warden:left_ribs1":490,"mega_warden:spirit_1_1":491,"mega_warden:antler_sensor3":492,"mega_warden:jaw":493,"mega_warden:antler_vines2":494,"mega_warden:antler_vines":495,"mega_warden:antler_sensor":496,"mega_warden:spirit_1_5":497,"mega_warden:right_forearm":498,"mega_warden:left_forearm":499,"mega_warden:spirit_1_2":500,"mega_warden:drool":501,"mega_warden:spirit_1_6":502,"mega_warden:swipe_fx2":503,"mega_warden:right_finger_1_3":504,"mega_warden:right_finger_1_1":505,"mega_warden:right_finger_1_5":506,"mega_warden:left_finger_1_3":507,"mega_warden:left_finger_1_1":508,"mega_warden:swipe_fx":509,"mega_warden:left_finger_1_5":510,"mega_warden:spirit_1_3":511,"mega_warden:right_finger_1_4":512,"mega_warden:right_finger_1_2":513,"mega_warden:right_finger_1_6":514,"mega_warden:left_finger_1_4":515,"mega_warden:left_finger_1_2":516,"mega_warden:left_finger_1_6":517,"mega_warden_damage:rock5":518,"mega_warden_damage:rock3":519,"mega_warden_damage:rock4":520,"mega_warden_damage:lower_torso":521,"mega_warden_damage:rock1":522,"mega_warden_damage:rock2":523,"mega_warden_damage:left_leg":524,"mega_warden_damage:right_leg":525,"mega_warden_damage:right_ribs2":526,"mega_warden_damage:left_ribs2":527,"mega_warden_damage:upper_torso":528,"mega_warden_damage:left_foot":529,"mega_warden_damage:right_foot":530,"mega_warden_damage:head":531,"mega_warden_damage:spirit_1_4":532,"mega_warden_damage:right_arm":533,"mega_warden_damage:left_arm":534,"mega_warden_damage:right_ribs1":535,"mega_warden_damage:left_ribs1":536,"mega_warden_damage:spirit_1_1":537,"mega_warden_damage:antler_sensor3":538,"mega_warden_damage:jaw":539,"mega_warden_damage:antler_vines2":540,"mega_warden_damage:antler_vines":541,"mega_warden_damage:antler_sensor":542,"mega_warden_damage:spirit_1_5":543,"mega_warden_damage:right_forearm":544,"mega_warden_damage:left_forearm":545,"mega_warden_damage:spirit_1_2":546,"mega_warden_damage:drool":547,"mega_warden_damage:spirit_1_6":548,"mega_warden_damage:swipe_fx2":549,"mega_warden_damage:right_finger_1_3":550,"mega_warden_damage:right_finger_1_1":551,"mega_warden_damage:right_finger_1_5":552,"mega_warden_damage:left_finger_1_3":553,"mega_warden_damage:left_finger_1_1":554,"mega_warden_damage:swipe_fx":555,"mega_warden_damage:left_finger_1_5":556,"mega_warden_damage:spirit_1_3":557,"mega_warden_damage:right_finger_1_4":558,"mega_warden_damage:right_finger_1_2":559,"mega_warden_damage:right_finger_1_6":560,"mega_warden_damage:left_finger_1_4":561,"mega_warden_damage:left_finger_1_2":562,"mega_warden_damage:left_finger_1_6":563,"mega_warden_hidden:lower_torso":564,"mega_warden_hidden:left_leg":565,"mega_warden_hidden:right_leg":566,"mega_warden_hidden:right_ribs2":567,"mega_warden_hidden:left_ribs2":568,"mega_warden_hidden:upper_torso":569,"mega_warden_hidden:left_foot":570,"mega_warden_hidden:right_foot":571,"mega_warden_hidden:head":572,"mega_warden_hidden:spirit_1_4":573,"mega_warden_hidden:right_arm":574,"mega_warden_hidden:left_arm":575,"mega_warden_hidden:right_ribs1":576,"mega_warden_hidden:left_ribs1":577,"mega_warden_hidden:spirit_1_1":578,"mega_warden_hidden:antler_sensor3":579,"mega_warden_hidden:jaw":580,"mega_warden_hidden:antler_vines2":581,"mega_warden_hidden:antler_vines":582,"mega_warden_hidden:antler_sensor":583,"mega_warden_hidden:spirit_1_5":584,"mega_warden_hidden:right_forearm":585,"mega_warden_hidden:left_forearm":586,"mega_warden_hidden:spirit_1_2":587,"mega_warden_hidden:drool":588,"mega_warden_hidden:spirit_1_6":589,"mega_warden_hidden:swipe_fx2":590,"mega_warden_hidden:right_finger_1_3":591,"mega_warden_hidden:right_finger_1_1":592,"mega_warden_hidden:right_finger_1_5":593,"mega_warden_hidden:left_finger_1_3":594,"mega_warden_hidden:left_finger_1_1":595,"mega_warden_hidden:swipe_fx":596,"mega_warden_hidden:left_finger_1_5":597,"mega_warden_hidden:spirit_1_3":598,"mega_warden_hidden:right_finger_1_4":599,"mega_warden_hidden:right_finger_1_2":600,"mega_warden_hidden:right_finger_1_6":601,"mega_warden_hidden:left_finger_1_4":602,"mega_warden_hidden:left_finger_1_2":603,"mega_warden_hidden:left_finger_1_6":604,"mega_warden_pet:torso":605,"mega_warden_pet:head":606,"mega_warden_pet:left_leg":607,"mega_warden_pet:right_arm":608,"mega_warden_pet:right_leg":609,"mega_warden_pet:left_arm":610,"mega_warden_pet:drool":611,"mega_warden_rocks:rock3":612,"mega_warden_rocks:rock4":613,"mega_warden_rocks:rock1":614,"mega_warden_rocks:rock2":615,"mega_warden_rocks:rock5":616},"unused":[],"nextId":617}