{"cachedId":{"lrd_beholder:tentacle_5_1_cube":47,"lrd_beholder:bottom_eyelid":13,"lrd_beholder:tentacle_1_eyeball":66,"lrd_beholder:glow_eyeball_2":71,"lrd_beholder:glow_eyeball_1":73,"lrd_beholder:glow_eyeball_4":69,"lrd_beholder:glow_eyeball_3":70,"lrd_beholder:dead_bottom_eyelid":4,"lrd_beholder:glow_eyeball_5":68,"lrd_beholder_gibs:gib_2":81,"lrd_beholder:tentacle_8_1_cube":28,"lrd_beholder_gibs:gib_1":80,"lrd_beholder:tentacle_3_1_cube":57,"lrd_beholder:tentacle_7_1_cube":37,"lrd_beholder:tentacle_6_1_cube":42,"lrd_beholder:tentacle_2_1_cube5":59,"lrd_beholder:body":2,"lrd_beholder:tentacle_4_1_cube":52,"lrd_beholder:tentacle_2_1_cube4":60,"lrd_beholder:tentacle_2_1_cube":67,"lrd_beholder:tentacle_2_1_cube3":62,"lrd_beholder:tentacle_2_1_cube2":65,"lrd_beholder:glow_eyeball_laser_2":77,"lrd_beholder:glow_eyeball_laser_1":72,"lrd_beholder:right_cheek":12,"lrd_beholder:tentacle_3_1_cube2":56,"lrd_beholder:right_jaw_stretch":19,"lrd_beholder:tentacle_3_1_cube3":55,"lrd_beholder:tentacle_3_1_cube4":54,"lrd_beholder:tentacle_3_1_cube5":53,"lrd_beholder:tentacle_5_1_cube5":43,"lrd_beholder:center_jaw":14,"lrd_beholder:tentacle_5_1_cube4":44,"lrd_beholder:left_horn":15,"lrd_beholder:glow_eyeball_laser_5":74,"lrd_beholder:center_jaw_veins":25,"lrd_beholder:tentacle_5_1_cube3":45,"lrd_beholder:glow_eyeball_laser_4":75,"lrd_beholder:tentacle_5_1_cube2":46,"lrd_beholder:glow_eyeball_laser_3":76,"lrd_beholder:tentacle_7_1_cube4":33,"lrd_beholder:tentacle_7_1_cube5":32,"lrd_beholder:tentacle_7_1_cube2":36,"lrd_beholder:tentacle_7_1_cube3":35,"lrd_beholder:right_horn":6,"lrd_beholder:veins_1":9,"lrd_beholder:right_jaw":7,"lrd_beholder:veins_2":20,"lrd_beholder:veins_3":31,"lrd_beholder:tentacle_1_eyeball5":58,"lrd_beholder:dead_body":1,"lrd_beholder:veins_4":5,"lrd_beholder:tentacle_1_eyeball4":61,"lrd_beholder_gibs:eye_ball":79,"lrd_beholder:veins_5":17,"lrd_beholder:right_jaw_veins":18,"lrd_beholder:tentacle_1_eyeball3":63,"lrd_beholder:tentacle_1_eyeball2":64,"lrd_beholder:left_jaw_veins":30,"lrd_beholder:left_jaw":16,"lrd_beholder_gibs:left_horn":78,"lrd_beholder:broken_tentacle":3,"lrd_beholder:eyebrow":8,"lrd_beholder:pupil":21,"lrd_beholder:glow_eyeball":10,"lrd_beholder:tentacle_4_1_cube2":51,"lrd_beholder:tentacle_4_1_cube3":50,"lrd_beholder:tentacle_4_1_cube4":49,"lrd_beholder:tentacle_4_1_cube5":48,"lrd_beholder:left_cheek":11,"lrd_beholder:tentacle_8_1_cube5":22,"lrd_beholder:tentacle_6_1_cube2":41,"lrd_beholder:tentacle_6_1_cube4":39,"lrd_beholder:tentacle_6_1_cube3":40,"lrd_beholder:tentacle_6_1_cube5":38,"lrd_beholder:left_jaw_stretch":29,"lrd_beholder:tongue_2":34,"lrd_beholder:tongue_1":24,"lrd_beholder:tentacle_8_1_cube3":26,"lrd_beholder:tentacle_8_1_cube4":23,"lrd_beholder:tentacle_8_1_cube2":27},"unused":[],"nextId":82}