{"cachedId":{"tower_skeleton_throne:step_1":189,"tower_skeleton:chest":13,"tower_skeleton_throne:step_2":188,"tower_skeleton:left_hand_thumb_2":64,"tower_skeleton:left_hand_thumb_1":53,"tower_skeleton:right_pauldron":16,"tower_skeleton_chest:spike":91,"tower_skeleton_chest:glow":81,"tower_skeleton_parts:right_hand_finger_1_2_skeleton":135,"tower_skeleton_parts:left_hand_finger_1_3_skeleton":133,"tower_skeleton:death_sword_prop":2,"tower_skeleton_parts:right_hand_thumb_2_skeleton":138,"tower_skeleton:right_shoulder":22,"tower_skeleton:left_shin":14,"tower_skeleton_parts:piece_1":120,"tower_skeleton_parts:piece_2":121,"tower_skeleton:spine_3":35,"tower_skeleton_parts:piece_5":117,"tower_skeleton_parts:piece_6":118,"tower_skeleton:sword_shard_2":67,"tower_skeleton:sword_shard_3":69,"tower_skeleton_parts:piece_4":122,"tower_skeleton_throne:fence_8":173,"tower_skeleton:sword_shard_1":68,"tower_skeleton_throne:fence_9":172,"tower_skeleton_parts:left_hand_finger_1_1_skeleton":134,"tower_skeleton_throne:fence_4":168,"tower_skeleton_throne:maw":163,"tower_skeleton_throne:fence_5":167,"tower_skeleton_throne:fence_6":170,"tower_skeleton_throne:fence_7":169,"tower_skeleton_minion:right_arm":100,"tower_skeleton_throne:fence_1":164,"tower_skeleton_throne:fence_2":166,"tower_skeleton_throne:fence_3":165,"tower_skeleton_minion:head":98,"tower_skeleton_parts:piece_7":125,"tower_skeleton_parts:piece_8":119,"tower_skeleton_minion:left_shin":103,"tower_skeleton_throne:rock_9":181,"tower_skeleton_throne:rock_8":183,"tower_skeleton_throne:rock_7":184,"tower_skeleton_parts:left_hand_finger_1_6_skeleton":139,"tower_skeleton_throne:rock_6":186,"tower_skeleton_throne:rock_5":175,"tower_skeleton_throne:rock_4":176,"tower_skeleton:piece_1":3,"tower_skeleton:piece_3":5,"tower_skeleton:piece_2":4,"tower_skeleton_minion:right_forearm":105,"tower_skeleton:piece_4":6,"tower_skeleton:head":40,"tower_skeleton_summon_hole:hole":157,"tower_skeleton_throne:rock_3":179,"tower_skeleton_throne:rock_2":180,"tower_skeleton_throne:rock_1":174,"tower_skeleton:spine_2":27,"tower_skeleton_parts:left_hand_skeleton":126,"tower_skeleton:spine_1":17,"tower_skeleton:shard_souls_3":77,"tower_skeleton_minion:right_leg":97,"tower_skeleton:shard_souls_2":75,"tower_skeleton:shard_souls_1":76,"tower_skeleton_summon_hole:rock_1":162,"tower_skeleton:left_forearm":37,"tower_skeleton:right_hand_finger_1_2":70,"tower_skeleton:right_hand_finger_1_3":59,"tower_skeleton:right_hand_finger_1_4":71,"tower_skeleton_parts:right_hand_finger_1_5_skeleton":129,"tower_skeleton:right_hand_finger_1_5":60,"tower_skeleton:right_hand_finger_1_1":58,"tower_skeleton:left_shoulder":21,"tower_skeleton_summon_hole:rock_2":161,"tower_skeleton_shield_break:explosion_fx_2":144,"tower_skeleton_summon_hole:rock_3":159,"tower_skeleton:hand_souls":52,"tower_skeleton_summon_hole:rock_4":158,"tower_skeleton:right_hand_finger_1_6":72,"tower_skeleton:right_boot_strap":32,"tower_skeleton_minion:left_forearm":106,"tower_skeleton_shield_break:explosion_fx_1":143,"tower_skeleton_chest:horn_right":92,"tower_skeleton:waist":7,"tower_skeleton_slash_fx:ground":153,"tower_skeleton_minion:left_hand":110,"tower_skeleton:left_thigh":9,"tower_skeleton_minion:left_foot":107,"tower_skeleton_throne:rock_13":177,"tower_skeleton_throne:rock_12":185,"tower_skeleton_throne:rock_11":187,"tower_skeleton_throne:rock_10":182,"tower_skeleton_minion:left_leg":96,"tower_skeleton_parts:right_hand_skeleton":124,"tower_skeleton_chest:head":83,"tower_skeleton_parts:left_forearm_skeleton":123,"tower_skeleton_summon_hole:shard_souls_2":160,"tower_skeleton:right_forearm":38,"tower_skeleton:left_bicep":29,"tower_skeleton:horn_left":47,"tower_skeleton_parts:left_hand_thumb_2_skeleton":140,"tower_skeleton_throne:fence_10":171,"tower_skeleton:left_foot":23,"tower_skeleton:scene_shield":1,"tower_skeleton:sword":56,"tower_skeleton:left_hand":43,"tower_skeleton_shield_break:dust_circle":145,"tower_skeleton_shield_break:piece_7":152,"tower_skeleton_shield_break:piece_6":147,"tower_skeleton_shield_break:piece_8":148,"tower_skeleton_shield_break:piece_2":150,"tower_skeleton_shield_break:piece_5":146,"tower_skeleton_parts:left_hand_finger_1_2_skeleton":142,"tower_skeleton_shield_break:piece_4":151,"tower_skeleton_minion:pelvis":94,"tower_skeleton_parts:right_hand_thumb_1_skeleton":130,"tower_skeleton_shield_break:piece_1":149,"tower_skeleton:back_sword":18,"tower_skeleton:cape_5":33,"tower_skeleton:cape_3":39,"tower_skeleton:cape_4":25,"tower_skeleton:right_hand":44,"tower_skeleton:cape_1":26,"tower_skeleton:cape_2":34,"tower_skeleton:right_thigh":12,"tower_skeleton_throne:dead_bush_1":190,"tower_skeleton:shield":42,"tower_skeleton_throne:web_2":193,"tower_skeleton_throne:web_1":192,"tower_skeleton:right_thigh_armor":11,"tower_skeleton:right_foot":24,"tower_skeleton:left_pauldron":20,"tower_skeleton_minion:left_arm":102,"tower_skeleton_chest:horn_left":93,"tower_skeleton_parts:right_hand_finger_1_3_skeleton":128,"tower_skeleton_chest:web":79,"tower_skeleton_parts:right_bicep_skeleton":113,"tower_skeleton_minion:spear_2":101,"tower_skeleton_minion:spear_1":99,"tower_skeleton_parts:left_hand_finger_1_4_skeleton":141,"tower_skeleton:hand_souls_2":51,"tower_skeleton:right_bicep":30,"tower_skeleton:hand_souls_3":50,"tower_skeleton_chest:souls":82,"tower_skeleton_parts:right_forearm_skeleton":116,"tower_skeleton_parts:right_hand_finger_1_1_skeleton":127,"tower_skeleton:right_shin":15,"tower_skeleton_parts:right_hand_finger_1_6_skeleton":137,"tower_skeleton_chest:lid":80,"tower_skeleton:left_hand_finger_1_6":63,"tower_skeleton:left_hand_finger_1_5":49,"tower_skeleton:jaw":45,"tower_skeleton_parts:left_hand_thumb_1_skeleton":132,"tower_skeleton:horn_right":46,"tower_skeleton_throne:throne":178,"tower_skeleton_chest:spike8":90,"tower_skeleton_chest:spike7":89,"tower_skeleton_chest:spike6":88,"tower_skeleton_chest:spike5":87,"tower_skeleton_chest:spike4":86,"tower_skeleton_chest:spike3":85,"tower_skeleton_slash_fx:fx_3":156,"tower_skeleton_chest:spike2":84,"tower_skeleton_parts:right_hand_finger_1_4_skeleton":136,"tower_skeleton:left_thigh_armor":10,"tower_skeleton_parts:left_bicep_skeleton":114,"tower_skeleton:abdomen":8,"tower_skeleton_slash_fx:fx_2":155,"tower_skeleton_slash_fx:fx_1":154,"tower_skeleton_minion:chest":95,"tower_skeleton:left_boot_strap":31,"tower_skeleton_minion:right_shin":104,"tower_skeleton_throne:dead_bush_2":191,"tower_skeleton_chest:base":78,"tower_skeleton:neck_chain_2":28,"tower_skeleton:neck_chain_1":19,"tower_skeleton_minion:right_foot":108,"tower_skeleton_minion:right_hand":109,"tower_skeleton:neck_chain_6":62,"tower_skeleton:left_hand_finger_1_4":66,"tower_skeleton:neck_chain_5":48,"tower_skeleton:left_hand_finger_1_3":55,"tower_skeleton:right_hand_shield":57,"tower_skeleton:neck_chain_4":41,"tower_skeleton:left_hand_finger_1_2":65,"tower_skeleton:neck_chain_3":36,"tower_skeleton:left_hand_finger_1_1":54,"tower_skeleton_parts:shield_1":115,"tower_skeleton_parts:shield_2":112,"tower_skeleton_parts:left_hand_finger_1_5_skeleton":131,"tower_skeleton:neck_chain_7":74,"tower_skeleton_parts:shield_3":111,"tower_skeleton:right_hand_thumb_1":61,"tower_skeleton:right_hand_thumb_2":73,"parasite_bud:base":194,"parasite_bud:tentacle_1_6":195,"parasite_bud:pustule_1_center2":196,"parasite_bud:pustule_2_center":197,"parasite_bud:pustule_1_center":198,"parasite_bud:tentacle_1_11":199,"parasite_bud:tentacle_1_1":200,"parasite_bud:tentacle_1_7":201,"parasite_bud:pustule_1_outer2":202,"parasite_bud:pustule_2_outer":203,"parasite_bud:pustule_1_outer":204,"parasite_bud:tentacle_1_12":205,"parasite_bud:tentacle_1_2":206,"parasite_bud:tentacle_1_8":207,"parasite_bud:tentacle_1_13":208,"parasite_bud:tentacle_1_3":209,"parasite_bud:tentacle_1_9":210,"parasite_bud:tentacle_1_14":211,"parasite_bud:tentacle_1_4":212,"parasite_bud:tentacle_1_10":213,"parasite_bud:tentacle_1_15":214,"parasite_bud:tentacle_1_5":215,"parasite_ground_cloud:cloud":216,"parasite_ground_cloud:cloud2":217,"parasitic_abomination:cloud":218,"parasitic_abomination:cloud2":219,"parasitic_abomination:swipe_fx":220,"parasitic_abomination:spine_6":221,"parasitic_abomination:spine_7":222,"parasitic_abomination:spine_5":223,"parasitic_abomination:spine_8":224,"parasitic_abomination:spine_4":225,"parasitic_abomination:spine_9":226,"parasitic_abomination:spine_3":227,"parasitic_abomination:spine_10":228,"parasitic_abomination:spine_2":229,"parasitic_abomination:spine_11":230,"parasitic_abomination:spine_1":231,"parasitic_abomination:spine_12":232,"parasitic_abomination:chest":233,"parasitic_abomination:heart":234,"parasitic_abomination:spine_13":235,"parasitic_abomination:tentacle_1_6":236,"parasitic_abomination:eye_socket":237,"parasitic_abomination:bubo_large_1":238,"parasitic_abomination:tongue_1":239,"parasitic_abomination:tendril_1_1":240,"parasitic_abomination:right_bicep":241,"parasitic_abomination:bubo_small_1":242,"parasitic_abomination:bubo_small_2":243,"parasitic_abomination:tendril_1_5":244,"parasitic_abomination:tendril_1_6":245,"parasitic_abomination:heart_overlay":246,"parasitic_abomination:tentacle_1_5":247,"parasitic_abomination:eye_bottomlid":248,"parasitic_abomination:eye_ball":249,"parasitic_abomination:eye_toplid":250,"parasitic_abomination:tongue_2":251,"parasitic_abomination:tendril_1_2":252,"parasitic_abomination:right_forearm":253,"parasitic_abomination:tendril_1_9":254,"parasitic_abomination:tendril_1_7":255,"parasitic_abomination:tentacle_1_4":256,"parasitic_abomination:eye_pupil":257,"parasitic_abomination:tongue_3":258,"parasitic_abomination:tendril_1_3":259,"parasitic_abomination:right_hand":260,"parasitic_abomination:tendril_1_10":261,"parasitic_abomination:tendril_1_8":262,"parasitic_abomination:tentacle_1_3":263,"parasitic_abomination:tongue_4":264,"parasitic_abomination:tendril_1_4":265,"parasitic_abomination:blade_2":266,"parasitic_abomination:blade_1":267,"parasitic_abomination:tentacle_1_2":268,"parasitic_abomination:tongue_5":269,"parasitic_abomination:tentacle_1_1":270,"parasitic_abomination:tongue_6":271,"parasitic_abomination:maw":272,"parasitic_abomination:tongue_7":273,"parasitic_abomination:jaw_1_10":274,"parasitic_abomination:jaw_1_4":275,"parasitic_abomination:jaw_1_3":276,"parasitic_abomination:jaw_1_7":277,"parasitic_abomination:tongue_8":278,"parasitic_abomination:jaw_1_11":279,"parasitic_abomination:jaw_1_5":280,"parasitic_abomination:jaw_1_2":281,"parasitic_abomination:jaw_1_8":282,"parasitic_abomination:tongue_9":283,"parasitic_abomination:jaw_1_12":284,"parasitic_abomination:jaw_1_6":285,"parasitic_abomination:jaw_1_1":286,"parasitic_abomination:jaw_1_9":287,"parasitic_abomination:tongue_10":288,"parasitic_abomination_parts:chest":289,"parasitic_abomination_parts:swipe_fx_4":290,"parasitic_abomination_parts:swipe_fx_3":291,"parasitic_abomination_parts:swipe_fx_2":292,"parasitic_abomination_parts:swipe_fx_1":293,"toro_wither:body":294,"toro_wither:head":295,"toro_wither:left_rib":296,"toro_wither:core":297,"toro_wither:right_arm":298,"toro_wither:right_neck":299,"toro_wither:left_arm":300,"toro_wither:right_rib":301,"toro_wither:left_neck":302,"toro_wither:spine":303,"toro_wither:jaw":304,"toro_wither:right_forearm":305,"toro_wither:right_head":306,"toro_wither:left_forearm":307,"toro_wither:left_head":308,"toro_wither:spine2":309,"toro_wither:right_claw":310,"toro_wither:left_claw":311,"toro_wither_pool:pool":312,"toro_wither_skull:left_head":313,"toro_wither_skull_2ndphase:head":314,"toro_wither_skull_2ndphase:jaw":315,"toro_wither_still:body":316,"toro_wither_still:nothing":317,"toro_wither_still:head":318,"toro_wither_still:left_rib":319,"toro_wither_still:core":320,"toro_wither_still:right_arm":321,"toro_wither_still:right_neck":322,"toro_wither_still:left_arm":323,"toro_wither_still:right_rib":324,"toro_wither_still:left_neck":325,"toro_wither_still:spine":326,"toro_wither_still:jaw":327,"toro_wither_still:right_forearm":328,"toro_wither_still:right_head":329,"toro_wither_still:left_forearm":330,"toro_wither_still:left_head":331,"toro_wither_still:spine2":332,"toro_wither_still:right_claw":333,"toro_wither_still:left_claw":334,"toro_wither_terror:body":335,"toro_wither_terror:tail1":336,"toro_wither_terror:right_arm":337,"toro_wither_terror:left_arm":338,"toro_wither_terror:neck":339,"toro_wither_terror:tail2":340,"toro_wither_terror:right_forearm":341,"toro_wither_terror:left_forearm":342,"toro_wither_terror:head":343,"toro_wither_terror:tail3":344,"toro_wither_terror:right_hand":345,"toro_wither_terror:left_hand":346,"toro_wither_terror:jaw":347,"toro_wither_terror:right_finger_pinky":348,"toro_wither_terror:head_on_hand":349,"toro_wither_terror:right_finger_index":350,"toro_wither_terror:right_finger_mid":351,"toro_wither_terror:right_thumb":352,"toro_wither_terror:left_finger_index":353,"toro_wither_terror:left_finger_pinky":354,"toro_wither_terror:left_thumb":355,"toro_wither_terror:left_finger_mid":356,"toro_wither_terror:jaw2":357},"unused":[],"nextId":358}