{
    "name": "Jungle Temple",
    "rarity": 1,
    "loot": [
        {
            "type": "bone",
            "maxAmount": 6,
            "minAmount": 4,
            "rarity": 2,
            "slotTypes": "STORAGE"
        },
        {
            "type": "rotten_flesh",
            "maxAmount": 7,
            "minAmount": 3,
            "rarity": 2,
            "slotTypes": "STORAGE"
        },
        {
            "type": "gold_ingot",
            "maxAmount": 7,
            "minAmount": 2,
            "rarity": 2,
            "slottypes": "STORAGE"
        },
        {
            "type": "bamboo",
            "maxamount": 3,
            "minAmount": 1,
            "rarity": 2,
            "slottypes": "STORAGE"
        },
        {
            "type": "iron_ingot",
            "maxamount": 5,
            "minAmount": 1,
            "rarity": 3,
            "slottypes": "STORAGE"
        },
        {
            "type": "diamond",
            "maxamount": 3,
            "minAmount": 1,
            "rarity": 8,
            "slottypes": "STORAGE"
        },
        {
            "type": "saddle",
            "maxamount": 1,
            "rarity": 8,
            "slottypes": "STORAGE"
        },
        {
            "type": "emerald",
            "maxamount": 3,
            "minAmount": 1,
            "rarity": 12,
            "slottypes": "STORAGE"
        },
        {
            "type": "enchanted_book",
            "maxamount": 1,
            "rarity": 22,
            "slottypes": "STORAGE",
            "enchantments": [
                {
                    "enchantment": "binding_curse",
                    "chance": 0.25,
                    "maxLevel": 1,
                    "minLevel": 1
                },
                {
                    "enchantment": "vanishing_curse",
                    "chance": 0.25,
                    "maxLevel": 1,
                    "minLevel": 1
                },
                {
                    "enchantment": "frost_walker",
                    "chance": 0.25,
                    "maxLevel": 2,
                    "minLevel": 1
                },
                {
                    "enchantment": "mending",
                    "chance": 0.25,
                    "maxLevel": 1,
                    "minLevel": 1
                }
            ]
        },
        {
            "type": "iron_horse_armor",
            "maxamount": 1,
            "rarity": 22,
            "slottypes": "STORAGE"
        },
        {
            "type": "golden_horse_armor",
            "maxamount": 1,
            "rarity": 22,
            "slottypes": "STORAGE"
        },
        {
            "type": "diamond_horse_armor",
            "maxamount": 1,
            "rarity": 22,
            "slottypes": "STORAGE"
        }
    ]
}
