{
    "name": "Ruined Portal",
    "rarity": 1,
    "loot": [
        {
            "type": "iron_nugget",
            "maxAmount": 18,
            "minAmount": 9,
            "rarity": 2,
            "slotTypes": "STORAGE"
        },
        {
            "type": "flint",
            "maxAmount": 4,
            "minAmount": 1,
            "rarity": 2,
            "slotTypes": "STORAGE"
        },
        {
            "type": "obsidian",
            "maxAmount": 2,
            "minAmount": 1,
            "rarity": 2,
            "slottypes": "STORAGE"
        },
        {
            "type": "fire_charge",
            "maxamount": 1,
            "rarity": 2,
            "slottypes": "STORAGE"
        },
        {
            "type": "flint_and_steel",
            "maxamount": 1,
            "rarity": 2,
            "slottypes": "STORAGE"
        },
        {
            "type": "gold_nugget",
            "maxamount": 24,
            "minAmount": 4,
            "rarity": 5,
            "slottypes": "STORAGE"
        },
        {
            "type": "golden_apple",
            "maxamount": 1,
            "rarity": 5,
            "slottypes": "STORAGE"
        },
        {
            "type": "golden_axe",
            "maxamount": 1,
            "rarity": 5,
            "slottypes": "STORAGE",
            "enchantments": [
                {
                    "enchantment": "vanishing_curse",
                    "chance": 0.25,
                    "maxLevel": 1,
                    "minLevel": 1
                },
                {
                    "enchantment": "efficiency",
                    "chance": 0.25,
                    "maxLevel": 5,
                    "minLevel": 1
                },
                {
                    "enchantment": "fortune",
                    "chance": 0.25,
                    "maxLevel": 3,
                    "minLevel": 1
                },
                {
                    "enchantment": "mending",
                    "chance": 0.25,
                    "maxLevel": 1,
                    "minLevel": 1
                },
                {
                    "enchantment": "sharpness",
                    "chance": 0.25,
                    "maxLevel": 5,
                    "minLevel": 1
                },
                {
                    "enchantment": "silk_touch",
                    "chance": 0.25,
                    "maxLevel": 1,
                    "minLevel": 1
                },
                {
                    "enchantment": "smite",
                    "chance": 0.25,
                    "maxLevel": 5,
                    "minLevel": 1
                },
                {
                    "enchantment": "unbreaking",
                    "chance": 0.25,
                    "maxLevel": 3,
                    "minLevel": 1
                }
            ]
        },
        {
            "type": "golden_hoe",
            "maxamount": 1,
            "rarity": 5,
            "slottypes": "STORAGE",
            "enchantments": [
                {
                    "enchantment": "vanishing_curse",
                    "chance": 0.15,
                    "maxLevel": 1,
                    "minLevel": 1
                },
                {
                    "enchantment": "efficiency",
                    "chance": 0.15,
                    "maxLevel": 5,
                    "minLevel": 1
                },
                {
                    "enchantment": "fortune",
                    "chance": 0.15,
                    "maxLevel": 3,
                    "minLevel": 1
                },
                {
                    "enchantment": "mending",
                    "chance": 0.15,
                    "maxLevel": 1,
                    "minLevel": 1
                },
                {
                    "enchantment": "silk_touch",
                    "chance": 0.15,
                    "maxLevel": 1,
                    "minLevel": 1
                },
                {
                    "enchantment": "unbreaking",
                    "chance": 0.15,
                    "maxLevel": 3,
                    "minLevel": 1
                }
            ]
        },
        {
            "type": "golden_pickaxe",
            "maxamount": 1,
            "rarity": 5,
            "slottypes": "STORAGE",
            "enchantments": [
                {
                    "enchantment": "vanishing_curse",
                    "chance": 0.15,
                    "maxLevel": 1,
                    "minLevel": 1
                },
                {
                    "enchantment": "efficiency",
                    "chance": 0.15,
                    "maxLevel": 5,
                    "minLevel": 1
                },
                {
                    "enchantment": "fortune",
                    "chance": 0.15,
                    "maxLevel": 3,
                    "minLevel": 1
                },
                {
                    "enchantment": "mending",
                    "chance": 0.15,
                    "maxLevel": 1,
                    "minLevel": 1
                },
                {
                    "enchantment": "silk_touch",
                    "chance": 0.15,
                    "maxLevel": 1,
                    "minLevel": 1
                },
                {
                    "enchantment": "unbreaking",
                    "chance": 0.15,
                    "maxLevel": 3,
                    "minLevel": 1
                }
            ]
        },
        {
            "type": "golden_shovel",
            "maxamount": 1,
            "rarity": 5,
            "slottypes": "STORAGE",
            "enchantments": [
                {
                    "enchantment": "vanishing_curse",
                    "chance": 0.15,
                    "maxLevel": 1,
                    "minLevel": 1
                },
                {
                    "enchantment": "efficiency",
                    "chance": 0.15,
                    "maxLevel": 5,
                    "minLevel": 1
                },
                {
                    "enchantment": "fortune",
                    "chance": 0.15,
                    "maxLevel": 3,
                    "minLevel": 1
                },
                {
                    "enchantment": "mending",
                    "chance": 0.15,
                    "maxLevel": 1,
                    "minLevel": 1
                },
                {
                    "enchantment": "silk_touch",
                    "chance": 0.15,
                    "maxLevel": 1,
                    "minLevel": 1
                },
                {
                    "enchantment": "unbreaking",
                    "chance": 0.15,
                    "maxLevel": 3,
                    "minLevel": 1
                }
            ]
        },
        {
            "type": "golden_sword",
            "maxamount": 1,
            "rarity": 5,
            "slottypes": "STORAGE",
            "enchantments": [
                {
                    "enchantment": "bane_of_arthropods",
                    "chance": 0.1,
                    "maxLevel": 5,
                    "minLevel": 1
                },
                {
                    "enchantment": "vanishing_curse",
                    "chance": 0.1,
                    "maxLevel": 1,
                    "minLevel": 1
                },
                {
                    "enchantment": "fire_aspect",
                    "chance": 0.1,
                    "maxLevel": 2,
                    "minLevel": 1
                },
                {
                    "enchantment": "knockback",
                    "chance": 0.1,
                    "maxLevel": 2,
                    "minLevel": 1
                },
                {
                    "enchantment": "looting",
                    "chance": 0.1,
                    "maxLevel": 3,
                    "minLevel": 1
                },
                {
                    "enchantment": "mending",
                    "chance": 0.1,
                    "maxLevel": 1,
                    "minLevel": 1
                },
                {
                    "enchantment": "sharpness",
                    "chance": 0.1,
                    "maxLevel": 5,
                    "minLevel": 1
                },
                {
                    "enchantment": "smite",
                    "chance": 0.1,
                    "maxLevel": 5,
                    "minLevel": 1
                },
                {
                    "enchantment": "sweeping",
                    "chance": 0.1,
                    "maxLevel": 3,
                    "minLevel": 1
                },
                {
                    "enchantment": "unbreaking",
                    "chance": 0.1,
                    "maxLevel": 3,
                    "minLevel": 1
                }
            ]
        },
        {
            "type": "golden_helmet",
            "maxamount": 1,
            "rarity": 5,
            "slottypes": "STORAGE",
            "enchantments": [
                {
                    "enchantment": "aqua_affinity",
                    "chance": 0.1,
                    "maxLevel": 1,
                    "minLevel": 1
                },
                {
                    "enchantment": "blast_protection",
                    "chance": 0.1,
                    "maxLevel": 4,
                    "minLevel": 1
                },
                {
                    "enchantment": "binding_curse",
                    "chance": 0.1,
                    "maxLevel": 1,
                    "minLevel": 1
                },
                {
                    "enchantment": "vanishing_curse",
                    "chance": 0.1,
                    "maxLevel": 1,
                    "minLevel": 1
                },
                {
                    "enchantment": "fire_protection",
                    "chance": 0.1,
                    "maxLevel": 4,
                    "minLevel": 1
                },
                {
                    "enchantment": "projectile_protection",
                    "chance": 0.1,
                    "maxLevel": 4,
                    "minLevel": 1
                },
                {
                    "enchantment": "protection",
                    "chance": 0.1,
                    "maxLevel": 4,
                    "minLevel": 1
                },
                {
                    "enchantment": "respiration",
                    "chance": 0.1,
                    "maxLevel": 3,
                    "minLevel": 1
                },
                {
                    "enchantment": "thorns",
                    "chance": 0.1,
                    "maxLevel": 3,
                    "minLevel": 1
                },
                {
                    "enchantment": "unbreaking",
                    "chance": 0.1,
                    "maxLevel": 3,
                    "minLevel": 1
                }
            ]
        },
        {
            "type": "golden_chestplate",
            "maxamount": 1,
            "rarity": 5,
            "slottypes": "STORAGE",
            "enchantments": [
                {
                    "enchantment": "blast_protection",
                    "chance": 0.1,
                    "maxLevel": 4,
                    "minLevel": 1
                },
                {
                    "enchantment": "binding_curse",
                    "chance": 0.1,
                    "maxLevel": 1,
                    "minLevel": 1
                },
                {
                    "enchantment": "vanishing_curse",
                    "chance": 0.1,
                    "maxLevel": 1,
                    "minLevel": 1
                },
                {
                    "enchantment": "fire_protection",
                    "chance": 0.1,
                    "maxLevel": 4,
                    "minLevel": 1
                },
                {
                    "enchantment": "mending",
                    "chance": 0.1,
                    "maxLevel": 1,
                    "minLevel": 1
                },
                {
                    "enchantment": "projectile_protection",
                    "chance": 0.1,
                    "maxLevel": 4,
                    "minLevel": 1
                },
                {
                    "enchantment": "protection",
                    "chance": 0.1,
                    "maxLevel": 4,
                    "minLevel": 1
                },
                {
                    "enchantment": "thorns",
                    "chance": 0.1,
                    "maxLevel": 3,
                    "minLevel": 1
                },
                {
                    "enchantment": "unbreaking",
                    "chance": 0.1,
                    "maxLevel": 3,
                    "minLevel": 1
                }
            ]
        },
        {
            "type": "golden_leggings",
            "maxamount": 1,
            "rarity": 5,
            "slottypes": "STORAGE",
            "enchantments": [
                {
                    "enchantment": "blast_protection",
                    "chance": 0.1,
                    "maxLevel": 4,
                    "minLevel": 1
                },
                {
                    "enchantment": "binding_curse",
                    "chance": 0.09,
                    "maxLevel": 1,
                    "minLevel": 1
                },
                {
                    "enchantment": "vanishing_curse",
                    "chance": 0.09,
                    "maxLevel": 1,
                    "minLevel": 1
                },
                {
                    "enchantment": "feather_falling",
                    "chance": 0.09,
                    "maxLevel": 4,
                    "minLevel": 1
                },
                {
                    "enchantment": "fire_protection",
                    "chance": 0.09,
                    "maxLevel": 4,
                    "minLevel": 1
                },
                {
                    "enchantment": "frost_walker",
                    "chance": 0.09,
                    "maxLevel": 2,
                    "minLevel": 1
                },
                {
                    "enchantment": "mending",
                    "chance": 0.09,
                    "maxLevel": 1,
                    "minLevel": 1
                },
                {
                    "enchantment": "projectile_protection",
                    "chance": 0.09,
                    "maxLevel": 4,
                    "minLevel": 1
                },
                {
                    "enchantment": "protection",
                    "chance": 0.09,
                    "maxLevel": 4,
                    "minLevel": 1
                },
                {
                    "enchantment": "thorns",
                    "chance": 0.09,
                    "maxLevel": 3,
                    "minLevel": 1
                },
                {
                    "enchantment": "unbreaking",
                    "chance": 0.09,
                    "maxLevel": 3,
                    "minLevel": 1
                }
            ]
        },
        {
            "type": "golden_boots",
            "maxamount": 1,
            "rarity": 5,
            "slottypes": "STORAGE",
            "enchantments": [
                {
                    "enchantment": "blast_protection",
                    "chance": 0.08,
                    "maxLevel": 4,
                    "minLevel": 1
                },
                {
                    "enchantment": "binding_curse",
                    "chance": 0.08,
                    "maxLevel": 1,
                    "minLevel": 1
                },
                {
                    "enchantment": "vanishing_curse",
                    "chance": 0.08,
                    "maxLevel": 1,
                    "minLevel": 1
                },
                {
                    "enchantment": "depth_strider",
                    "chance": 0.08,
                    "maxLevel": 3,
                    "minLevel": 1
                },
                {
                    "enchantment": "feather_falling",
                    "chance": 0.08,
                    "maxLevel": 4,
                    "minLevel": 1
                },
                {
                    "enchantment": "fire_protection",
                    "chance": 0.08,
                    "maxLevel": 4,
                    "minLevel": 1
                },
                {
                    "enchantment": "frost_walker",
                    "chance": 0.08,
                    "maxLevel": 2,
                    "minLevel": 1
                },
                {
                    "enchantment": "mending",
                    "chance": 0.08,
                    "maxLevel": 1,
                    "minLevel": 1
                },
                {
                    "enchantment": "projectile_protection",
                    "chance": 0.08,
                    "maxLevel": 4,
                    "minLevel": 1
                },
                {
                    "enchantment": "protection",
                    "chance": 0.08,
                    "maxLevel": 4,
                    "minLevel": 1
                },
                {
                    "enchantment": "thorns",
                    "chance": 0.08,
                    "maxLevel": 3,
                    "minLevel": 1
                },
                {
                    "enchantment": "unbreaking",
                    "chance": 0.08,
                    "maxLevel": 3,
                    "minLevel": 1
                }
            ]
        },
        {
            "type": "glistering_melon_slice",
            "maxamount": 12,
            "minAmount": 4,
            "rarity": 13,
            "slottypes": "STORAGE"
        },
        {
            "type": "golden_carrot",
            "maxamount": 12,
            "minAmount": 4,
            "rarity": 13,
            "slottypes": "STORAGE"
        },
        {
            "type": "gold_ingot",
            "maxamount": 8,
            "minAmount": 2,
            "rarity": 13,
            "slottypes": "STORAGE"
        },
        {
            "type": "clock",
            "maxamount": 1,
            "rarity": 13,
            "slottypes": "STORAGE"
        },
        {
            "type": "light_weighted_pressure_plate",
            "maxamount": 1,
            "rarity": 13,
            "slottypes": "STORAGE"
        },
        {
            "type": "golden_horse_armor",
            "maxamount": 1,
            "rarity": 13,
            "slottypes": "STORAGE"
        },
        {
            "type": "gold_block",
            "maxamount": 2,
            "minAmount": 1,
            "rarity": 66,
            "slottypes": "STORAGE"
        },
        {
            "type": "bell",
            "maxamount": 1,
            "rarity": 66,
            "slottypes": "STORAGE"
        },
        {
            "type": "enchanted_golden_apple",
            "maxamount": 1,
            "rarity": 66,
            "slottypes": "STORAGE"
        }
    ]
}
