{
    "name": "Woodland Mansion",
    "rarity": 1,
    "loot": [
        {
            "type": "bone",
            "maxAmount": 8,
            "minAmount": 1,
            "rarity": 2,
            "slotTypes": "STORAGE"
        },
        {
            "type": "gunpowder",
            "maxAmount": 8,
            "minAmount": 1,
            "rarity": 2,
            "slotTypes": "STORAGE"
        },
        {
            "type": "rotten_flesh",
            "maxAmount": 8,
            "minAmount": 1,
            "rarity": 2,
            "slottypes": "STORAGE"
        },
        {
            "type": "string",
            "maxamount": 8,
            "minAmount": 1,
            "rarity": 2,
            "slottypes": "STORAGE"
        },
        {
            "type": "wheat",
            "maxamount": 4,
            "minAmount": 1,
            "rarity": 3,
            "slottypes": "STORAGE"
        },
        {
            "type": "bread",
            "maxamount": 1,
            "rarity": 3,
            "slottypes": "STORAGE"
        },
        {
            "type": "lead",
            "maxamount": 1,
            "rarity": 4,
            "slottypes": "STORAGE"
        },
        {
            "type": "name_tag",
            "maxamount": 1,
            "rarity": 4,
            "slottypes": "STORAGE"
        },
        {
            "type": "coal",
            "maxamount": 4,
            "minAmount": 1,
            "rarity": 4,
            "slottypes": "STORAGE"
        },
        {
            "type": "redstone",
            "maxamount": 4,
            "minAmount": 1,
            "rarity": 4,
            "slottypes": "STORAGE"
        },
        {
            "type": "music_disc_13",
            "maxamount": 1,
            "rarity": 5,
            "slottypes": "STORAGE"
        },
        {
            "type": "music_disc_cat",
            "maxamount": 1,
            "rarity": 5,
            "slottypes": "STORAGE"
        },
        {
            "type": "golden_apple",
            "maxamount": 1,
            "rarity": 5,
            "slottypes": "STORAGE"
        },
        {
            "type": "diamond_hoe",
            "maxamount": 1,
            "rarity": 5,
            "slottypes": "STORAGE"
        },
        {
            "type": "beetroot_seeds",
            "maxamount": 4,
            "minAmount": 2,
            "rarity": 5,
            "slottypes": "STORAGE"
        },
        {
            "type": "melon_seeds",
            "maxamount": 4,
            "minAmount": 2,
            "rarity": 5,
            "slottypes": "STORAGE"
        },
        {
            "type": "pumpkin_seeds",
            "maxamount": 4,
            "minAmount": 2,
            "rarity": 5,
            "slottypes": "STORAGE"
        },
        {
            "type": "iron_ingot",
            "maxamount": 4,
            "minAmount": 1,
            "rarity": 5,
            "slottypes": "STORAGE"
        },
        {
            "type": "bucket",
            "maxamount": 1,
            "rarity": 5,
            "slottypes": "STORAGE"
        },
        {
            "type": "enchanted_book",
            "maxamount": 1,
            "rarity": 6,
            "slottypes": "STORAGE",
            "enchantments": [
                {
                    "enchantment": "binding_curse",
                    "chance": 0.25,
                    "maxLevel": 1,
                    "minLevel": 1
                },
                {
                    "enchantment": "vanishing_curse",
                    "chance": 0.25,
                    "maxLevel": 1,
                    "minLevel": 1
                },
                {
                    "enchantment": "frost_walker",
                    "chance": 0.25,
                    "maxLevel": 2,
                    "minLevel": 1
                },
                {
                    "enchantment": "mending",
                    "chance": 0.25,
                    "maxLevel": 1,
                    "minLevel": 1
                }
            ]
        },
        {
            "type": "chainmail_chestplate",
            "maxamount": 1,
            "rarity": 6,
            "slottypes": "STORAGE"
        },
        {
            "type": "gold_ingot",
            "maxamount": 4,
            "minAmount": 1,
            "rarity": 10,
            "slottypes": "STORAGE"
        },
        {
            "type": "diamond_chestplate",
            "maxamount": 1,
            "rarity": 14,
            "slottypes": "STORAGE"
        },
        {
            "type": "enchanted_golden_apple",
            "maxamount": 1,
            "rarity": 33,
            "slottypes": "STORAGE"
        }
    ]
}
