{"textures":{"0":"modelengine:entity/eldric_lava_spike"},"elements":[{"from":[7.5,7.0,2.0],"to":[12.5,9.0,8.0],"faces":{"east":{"uv":[12.0,0.75,13.5,1.25],"tintindex":0,"rotation":0,"texture":"#0"},"south":{"uv":[12.0,4.75,13.25,5.25],"tintindex":0,"rotation":0,"texture":"#0"},"north":{"uv":[12.0,4.25,13.25,4.75],"tintindex":0,"rotation":0,"texture":"#0"},"west":{"uv":[12.0,1.25,13.5,1.75],"tintindex":0,"rotation":0,"texture":"#0"},"up":{"uv":[12.75,8.25,11.5,6.75],"tintindex":0,"rotation":0,"texture":"#0"},"down":{"uv":[10.25,11.5,9.0,13.0],"tintindex":0,"rotation":0,"texture":"#0"}}},{"from":[4.5,7.0,-1.0],"to":[7.5,9.0,8.0],"faces":{"east":{"uv":[11.0,11.5,13.25,12.0],"tintindex":0,"rotation":0,"texture":"#0"},"south":{"uv":[2.5,12.25,3.25,12.75],"tintindex":0,"rotation":0,"texture":"#0"},"north":{"uv":[9.0,11.0,9.75,11.5],"tintindex":0,"rotation":0,"texture":"#0"},"west":{"uv":[11.75,8.25,14.0,8.75],"tintindex":0,"rotation":0,"texture":"#0"},"up":{"uv":[4.0,13.25,3.25,11.0],"tintindex":0,"rotation":0,"texture":"#0"},"down":{"uv":[11.0,11.5,10.25,13.75],"tintindex":0,"rotation":0,"texture":"#0"}}}],"display":{"gui":{"rotation":[30,225,0]}}}