{"textures":{"0":"modelengine:entity/eldric_lava_spike"},"elements":[{"from":[5.666667,8.0,7.5833335],"to":[9.666667,20.5,10.583334],"faces":{"east":{"uv":[4.0,6.25,5.5,12.5],"tintindex":0,"rotation":0,"texture":"#0"},"south":{"uv":[6.0,0.0,8.0,6.25],"tintindex":0,"rotation":0,"texture":"#0"},"north":{"uv":[4.0,0.0,6.0,6.25],"tintindex":0,"rotation":0,"texture":"#0"},"west":{"uv":[5.5,6.25,7.0,12.5],"tintindex":0,"rotation":0,"texture":"#0"},"up":{"uv":[11.75,10.0,9.75,8.5],"tintindex":0,"rotation":0,"texture":"#0"},"down":{"uv":[11.75,10.0,9.75,11.5],"tintindex":0,"rotation":0,"texture":"#0"}}},{"from":[5.166667,8.0,5.0833335],"to":[9.166667,13.0,8.583334],"faces":{"east":{"uv":[8.0,8.5,9.75,11.0],"tintindex":0,"rotation":0,"texture":"#0"},"south":{"uv":[2.0,8.5,4.0,11.0],"tintindex":0,"rotation":0,"texture":"#0"},"north":{"uv":[0.0,8.5,2.0,11.0],"tintindex":0,"rotation":0,"texture":"#0"},"west":{"uv":[9.0,0.0,10.75,2.5],"tintindex":0,"rotation":0,"texture":"#0"},"up":{"uv":[11.0,4.25,9.0,2.5],"tintindex":0,"rotation":0,"texture":"#0"},"down":{"uv":[11.0,4.25,9.0,6.0],"tintindex":0,"rotation":0,"texture":"#0"}}},{"from":[8.166666,8.0,6.0833335],"to":[10.166667,25.0,10.083334],"faces":{"east":{"uv":[0.0,0.0,2.0,8.5],"tintindex":0,"rotation":0,"texture":"#0"},"south":{"uv":[8.0,0.0,9.0,8.5],"tintindex":0,"rotation":0,"texture":"#0"},"north":{"uv":[7.0,6.25,8.0,14.75],"tintindex":0,"rotation":0,"texture":"#0"},"west":{"uv":[2.0,0.0,4.0,8.5],"tintindex":0,"rotation":0,"texture":"#0"},"up":{"uv":[12.0,5.25,11.0,3.25],"tintindex":0,"rotation":0,"texture":"#0"},"down":{"uv":[9.0,11.0,8.0,13.0],"tintindex":0,"rotation":0,"texture":"#0"}}}],"display":{"gui":{"rotation":[30,225,0]}}}