{"textures":{"0":"modelengine:entity/tower_skeleton_throne"},"elements":[{"from":[-0.75,8.0,8.25],"to":[18.25,28.0,8.25],"faces":{"south":{"uv":[10.5625,3.90625,11.15625,4.53125],"tintindex":0,"rotation":0,"texture":"#0"},"north":{"uv":[11.15625,3.90625,10.5625,4.53125],"tintindex":0,"rotation":0,"texture":"#0"}}},{"from":[7.25,8.0,-1.75],"to":[7.25,28.0,17.25],"faces":{"east":{"uv":[10.5625,3.90625,11.15625,4.53125],"tintindex":0,"rotation":0,"texture":"#0"},"west":{"uv":[11.15625,3.90625,10.5625,4.53125],"tintindex":0,"rotation":0,"texture":"#0"}}}],"display":{"gui":{"rotation":[30,225,0]}}}