{"textures":{"1":"modelengine:entity/tower_skeleton_maw"},"elements":[{"from":[-10.104168,7.40625,-8.6875],"to":[25.5625,7.40625,23.8125],"faces":{"up":{"uv":[3.34375,3.015625,0.0,0.0],"tintindex":0,"rotation":0,"texture":"#1"},"down":{"uv":[3.34375,3.015625,0.0,6.03125],"tintindex":0,"rotation":0,"texture":"#1"}}},{"from":[-7.9375,7.3645835,23.8125],"to":[23.0625,13.03125,27.145834],"faces":{"east":{"uv":[2.34375,6.9375,2.03125,7.46875],"tintindex":0,"rotation":0,"texture":"#1"},"south":{"uv":[6.25,5.15625,3.34375,5.6875],"tintindex":0,"rotation":0,"texture":"#1"},"north":{"uv":[6.25,5.6875,3.34375,6.21875],"tintindex":0,"rotation":0,"texture":"#1"},"west":{"uv":[2.65625,6.9375,2.34375,7.46875],"tintindex":0,"rotation":0,"texture":"#1"},"up":{"uv":[8.6875,3.6875,5.78125,4.0],"tintindex":0,"rotation":0,"texture":"#1"},"down":{"uv":[3.6875,6.53125,0.78125,6.21875],"tintindex":0,"rotation":0,"texture":"#1"}}},{"from":[-7.9375,7.3645835,-10.520834],"to":[23.0625,13.03125,-7.1875],"faces":{"east":{"uv":[2.03125,6.9375,2.34375,7.46875],"tintindex":0,"rotation":0,"texture":"#1"},"south":{"uv":[3.34375,5.6875,6.25,6.21875],"tintindex":0,"rotation":0,"texture":"#1"},"north":{"uv":[3.34375,5.15625,6.25,5.6875],"tintindex":0,"rotation":0,"texture":"#1"},"west":{"uv":[2.34375,6.9375,2.65625,7.46875],"tintindex":0,"rotation":0,"texture":"#1"},"up":{"uv":[8.6875,4.0,5.78125,3.6875],"tintindex":0,"rotation":0,"texture":"#1"},"down":{"uv":[3.6875,6.21875,0.78125,6.53125],"tintindex":0,"rotation":0,"texture":"#1"}}},{"from":[-12.104168,7.3645835,-10.520834],"to":[-7.9375,13.03125,27.145834],"faces":{"east":{"uv":[6.875,4.625,3.34375,5.15625],"tintindex":0,"rotation":0,"texture":"#1"},"south":{"uv":[7.265625,4.5625,6.875,5.09375],"tintindex":0,"rotation":0,"texture":"#1"},"north":{"uv":[6.671875,6.703125,6.28125,7.234375],"tintindex":0,"rotation":0,"texture":"#1"},"west":{"uv":[6.875,4.09375,3.34375,4.625],"tintindex":0,"rotation":0,"texture":"#1"},"up":{"uv":[0.0,9.5625,0.390625,6.03125],"tintindex":0,"rotation":0,"texture":"#1"},"down":{"uv":[0.390625,6.03125,0.78125,9.5625],"tintindex":0,"rotation":0,"texture":"#1"}}},{"from":[23.0625,7.3645835,-10.520834],"to":[27.229168,13.03125,27.145834],"faces":{"east":{"uv":[3.34375,4.09375,6.875,4.625],"tintindex":0,"rotation":0,"texture":"#1"},"south":{"uv":[6.875,4.5625,7.265625,5.09375],"tintindex":0,"rotation":0,"texture":"#1"},"north":{"uv":[6.28125,6.703125,6.671875,7.234375],"tintindex":0,"rotation":0,"texture":"#1"},"west":{"uv":[3.34375,4.625,6.875,5.15625],"tintindex":0,"rotation":0,"texture":"#1"},"up":{"uv":[0.390625,9.5625,0.0,6.03125],"tintindex":0,"rotation":0,"texture":"#1"},"down":{"uv":[0.78125,6.03125,0.390625,9.5625],"tintindex":0,"rotation":0,"texture":"#1"}}}],"display":{"gui":{"rotation":[30,225,0]}}}