{"textures":{"1":"modelengine:entity/tower_skeleton_maw"},"elements":[{"from":[8.625,-4.5,4.625001],"to":[21.625,4.5,4.625001],"faces":{"south":{"uv":[3.078125,6.9375,2.671875,7.21875],"tintindex":0,"rotation":0,"texture":"#1"},"north":{"uv":[2.65625,6.9375,3.0625,7.21875],"tintindex":0,"rotation":0,"texture":"#1"}}},{"from":[-10.875,4.5,0.62500095],"to":[28.625,11.499999,16.125],"faces":{"east":{"uv":[7.078125,6.359375,7.5625,6.578125],"tintindex":0,"rotation":0,"texture":"#1"},"south":{"uv":[6.25,5.640625,7.484375,5.859375],"tintindex":0,"rotation":0,"texture":"#1"},"north":{"uv":[6.25,5.640625,7.484375,5.859375],"tintindex":0,"rotation":0,"texture":"#1"},"west":{"uv":[7.078125,6.359375,7.5625,6.578125],"tintindex":0,"rotation":0,"texture":"#1"},"up":{"uv":[6.671875,6.703125,5.4375,6.21875],"tintindex":0,"rotation":0,"texture":"#1"},"down":{"uv":[7.484375,5.15625,6.25,5.640625],"tintindex":0,"rotation":0,"texture":"#1"}}},{"from":[18.625,11.499999,6.125],"to":[23.125,12.999999,10.125],"faces":{"east":{"uv":[2.15625,6.03125,2.28125,6.078125],"tintindex":0,"rotation":0,"texture":"#1"},"south":{"uv":[2.015625,6.03125,2.15625,6.078125],"tintindex":0,"rotation":0,"texture":"#1"},"north":{"uv":[1.875,6.03125,2.015625,6.078125],"tintindex":0,"rotation":0,"texture":"#1"},"west":{"uv":[2.28125,6.03125,2.40625,6.078125],"tintindex":0,"rotation":0,"texture":"#1"},"up":{"uv":[1.734375,6.15625,1.59375,6.03125],"tintindex":0,"rotation":0,"texture":"#1"},"down":{"uv":[1.875,6.03125,1.734375,6.15625],"tintindex":0,"rotation":0,"texture":"#1"}}}],"display":{"gui":{"rotation":[30,225,0]}}}