{"textures":{"1":"modelengine:entity/tower_skeleton_maw"},"elements":[{"from":[-10.875,5.0,0.1250019],"to":[28.625,12.000002,15.625],"faces":{"east":{"uv":[7.078125,6.359375,7.5625,6.578125],"tintindex":0,"rotation":0,"texture":"#1"},"south":{"uv":[7.484375,5.640625,6.25,5.859375],"tintindex":0,"rotation":0,"texture":"#1"},"north":{"uv":[6.25,5.640625,7.484375,5.859375],"tintindex":0,"rotation":0,"texture":"#1"},"west":{"uv":[7.5625,6.359375,7.078125,6.578125],"tintindex":0,"rotation":0,"texture":"#1"},"up":{"uv":[6.671875,6.703125,5.4375,6.21875],"tintindex":0,"rotation":0,"texture":"#1"},"down":{"uv":[7.484375,5.15625,6.25,5.640625],"tintindex":0,"rotation":0,"texture":"#1"}}},{"from":[-6.375,-4.3353043,10.445267],"to":[6.625,4.6646957,10.445267],"faces":{"south":{"uv":[3.078125,6.9375,2.671875,7.21875],"tintindex":0,"rotation":0,"texture":"#1"},"north":{"uv":[2.65625,6.9375,3.0625,7.21875],"tintindex":0,"rotation":0,"texture":"#1"}},"rotation":{"origin":[0.125,0.16469574,10.445267],"angle":45.0,"axis":"y"}},{"from":[-8.006157,11.668707,3.0765495],"to":[2.9938421,14.168707,10.57655],"faces":{"east":{"uv":[1.125,6.03125,1.359375,6.109375],"tintindex":0,"rotation":0,"texture":"#1"},"south":{"uv":[0.78125,6.03125,1.125,6.109375],"tintindex":0,"rotation":0,"texture":"#1"},"north":{"uv":[5.78125,4.0,6.125,4.078125],"tintindex":0,"rotation":0,"texture":"#1"},"west":{"uv":[1.359375,6.03125,1.59375,6.109375],"tintindex":0,"rotation":0,"texture":"#1"},"up":{"uv":[7.4375,7.03125,7.09375,6.796875],"tintindex":0,"rotation":0,"texture":"#1"},"down":{"uv":[7.4375,7.03125,7.09375,7.265625],"tintindex":0,"rotation":0,"texture":"#1"}},"rotation":{"origin":[-2.5061579,12.918707,6.8265495],"angle":-22.5,"axis":"y"}},{"from":[11.625,-4.0,5.625],"to":[24.625,5.0,5.625],"faces":{"south":{"uv":[7.484375,6.078125,7.078125,6.359375],"tintindex":0,"rotation":0,"texture":"#1"},"north":{"uv":[7.078125,6.078125,7.484375,6.359375],"tintindex":0,"rotation":0,"texture":"#1"}},"rotation":{"origin":[18.125,0.5,5.625],"angle":-22.5,"axis":"y"}}],"display":{"gui":{"rotation":[30,225,0]}}}