{"textures":{"0":"modelengine:entity/tower_skeleton_throne","1":"modelengine:entity/tower_skeleton_maw"},"elements":[{"from":[12.575189,-3.5526323,2.2969923],"to":[15.146617,6.590225,10.868422],"faces":{"east":{"uv":[4.625,5.625,2.75,7.84375],"tintindex":0,"rotation":0,"texture":"#0"},"south":{"uv":[10.0,3.46875,9.4375,5.6875],"tintindex":0,"rotation":0,"texture":"#0"},"north":{"uv":[5.4375,9.34375,4.875,11.5625],"tintindex":0,"rotation":0,"texture":"#0"},"west":{"uv":[2.75,5.625,0.875,7.84375],"tintindex":0,"rotation":0,"texture":"#0"},"up":{"uv":[0.875,11.34375,1.4375,9.46875],"tintindex":0,"rotation":0,"texture":"#0"},"down":{"uv":[1.4375,9.46875,2.0,11.34375],"tintindex":0,"rotation":0,"texture":"#0"}}},{"from":[13.718046,-3.5526323,10.011278],"to":[16.289474,21.161655,14.011278],"faces":{"east":{"uv":[0.875,5.625,0.0,11.03125],"tintindex":0,"rotation":0,"texture":"#0"},"south":{"uv":[4.0,7.84375,3.4375,13.25],"tintindex":0,"rotation":0,"texture":"#0"},"north":{"uv":[3.4375,7.84375,2.875,13.25],"tintindex":0,"rotation":0,"texture":"#0"},"west":{"uv":[5.875,3.9375,5.0,9.34375],"tintindex":0,"rotation":0,"texture":"#0"},"up":{"uv":[9.96875,9.21875,10.53125,8.34375],"tintindex":0,"rotation":0,"texture":"#0"},"down":{"uv":[9.96875,9.21875,10.53125,10.09375],"tintindex":0,"rotation":0,"texture":"#0"}}},{"from":[-0.28195477,-3.5526323,10.011278],"to":[2.2894735,21.161655,14.011278],"faces":{"east":{"uv":[5.0,3.9375,5.875,9.34375],"tintindex":0,"rotation":0,"texture":"#0"},"south":{"uv":[3.4375,7.84375,4.0,13.25],"tintindex":0,"rotation":0,"texture":"#0"},"north":{"uv":[2.875,7.84375,3.4375,13.25],"tintindex":0,"rotation":0,"texture":"#0"},"west":{"uv":[0.0,5.625,0.875,11.03125],"tintindex":0,"rotation":0,"texture":"#0"},"up":{"uv":[10.53125,9.21875,9.96875,8.34375],"tintindex":0,"rotation":0,"texture":"#0"},"down":{"uv":[10.53125,9.21875,9.96875,10.09375],"tintindex":0,"rotation":0,"texture":"#0"}}},{"from":[-3.1428576,-7.8571434,-3.8571434],"to":[19.142857,-3.5714293,14.857143],"faces":{"east":{"uv":[5.78125,2.75,7.828125,3.21875],"tintindex":0,"rotation":0,"texture":"#1"},"south":{"uv":[8.21875,1.0625,5.78125,1.53125],"tintindex":0,"rotation":0,"texture":"#1"},"north":{"uv":[5.78125,1.0625,8.21875,1.53125],"tintindex":0,"rotation":0,"texture":"#1"},"west":{"uv":[7.828125,2.75,5.78125,3.21875],"tintindex":0,"rotation":0,"texture":"#1"},"up":{"uv":[5.78125,2.046875,3.34375,0.0],"tintindex":0,"rotation":0,"texture":"#1"},"down":{"uv":[5.78125,2.046875,3.34375,4.09375],"tintindex":0,"rotation":0,"texture":"#1"}}},{"from":[13.003759,21.161655,10.011278],"to":[17.003761,23.304512,14.011278],"faces":{"east":{"uv":[8.40625,3.46875,9.28125,3.9375],"tintindex":0,"rotation":0,"texture":"#0"},"south":{"uv":[8.40625,3.46875,9.28125,3.9375],"tintindex":0,"rotation":0,"texture":"#0"},"north":{"uv":[9.28125,3.46875,8.40625,3.9375],"tintindex":0,"rotation":0,"texture":"#0"},"west":{"uv":[2.875,10.34375,2.0,10.8125],"tintindex":0,"rotation":0,"texture":"#0"},"up":{"uv":[2.0,10.34375,2.875,9.46875],"tintindex":0,"rotation":0,"texture":"#0"},"down":{"uv":[9.875,7.03125,10.75,7.90625],"tintindex":0,"rotation":0,"texture":"#0"}}},{"from":[12.575189,6.590225,0.15413523],"to":[17.146618,7.8759394,7.1541357],"faces":{"east":{"uv":[11.78125,10.3125,10.25,10.59375],"tintindex":0,"rotation":0,"texture":"#0"},"south":{"uv":[10.3125,10.59375,9.3125,10.875],"tintindex":0,"rotation":0,"texture":"#0"},"north":{"uv":[11.5625,4.53125,10.5625,4.8125],"tintindex":0,"rotation":0,"texture":"#0"},"west":{"uv":[10.25,10.3125,8.71875,10.59375],"tintindex":0,"rotation":0,"texture":"#0"},"up":{"uv":[5.875,10.71875,6.875,9.1875],"tintindex":0,"rotation":0,"texture":"#0"},"down":{"uv":[6.875,9.1875,7.875,10.71875],"tintindex":0,"rotation":0,"texture":"#0"}}},{"from":[-1.1390982,6.590225,0.15413523],"to":[3.4323306,7.8759394,7.1541357],"faces":{"east":{"uv":[8.71875,10.3125,10.25,10.59375],"tintindex":0,"rotation":0,"texture":"#0"},"south":{"uv":[9.3125,10.59375,10.3125,10.875],"tintindex":0,"rotation":0,"texture":"#0"},"north":{"uv":[10.5625,4.53125,11.5625,4.8125],"tintindex":0,"rotation":0,"texture":"#0"},"west":{"uv":[10.25,10.3125,11.78125,10.59375],"tintindex":0,"rotation":0,"texture":"#0"},"up":{"uv":[6.875,10.71875,5.875,9.1875],"tintindex":0,"rotation":0,"texture":"#0"},"down":{"uv":[7.875,9.1875,6.875,10.71875],"tintindex":0,"rotation":0,"texture":"#0"}}},{"from":[16.428572,-3.5714293,0.9999995],"to":[17.714287,-3.1428576,2.142857],"faces":{"east":{"uv":[2.15625,6.03125,2.28125,6.078125],"tintindex":0,"rotation":0,"texture":"#1"},"south":{"uv":[2.015625,6.03125,2.15625,6.078125],"tintindex":0,"rotation":0,"texture":"#1"},"north":{"uv":[1.875,6.03125,2.015625,6.078125],"tintindex":0,"rotation":0,"texture":"#1"},"west":{"uv":[2.28125,6.03125,2.40625,6.078125],"tintindex":0,"rotation":0,"texture":"#1"},"up":{"uv":[1.734375,6.15625,1.59375,6.03125],"tintindex":0,"rotation":0,"texture":"#1"},"down":{"uv":[1.875,6.03125,1.734375,6.15625],"tintindex":0,"rotation":0,"texture":"#1"}}},{"from":[1.4285712,-3.5714293,-1.4285717],"to":[2.7142854,-3.1428576,-0.2857151],"faces":{"east":{"uv":[2.15625,6.03125,2.28125,6.078125],"tintindex":0,"rotation":0,"texture":"#1"},"south":{"uv":[2.015625,6.03125,2.15625,6.078125],"tintindex":0,"rotation":0,"texture":"#1"},"north":{"uv":[1.875,6.03125,2.015625,6.078125],"tintindex":0,"rotation":0,"texture":"#1"},"west":{"uv":[2.28125,6.03125,2.40625,6.078125],"tintindex":0,"rotation":0,"texture":"#1"},"up":{"uv":[1.734375,6.15625,1.59375,6.03125],"tintindex":0,"rotation":0,"texture":"#1"},"down":{"uv":[1.875,6.03125,1.734375,6.15625],"tintindex":0,"rotation":0,"texture":"#1"}}},{"from":[-1.4285717,-14.1428585,13.308271],"to":[6.5714283,-7.8571434,13.308271],"faces":{"south":{"uv":[4.5625,6.21875,3.6875,6.90625],"tintindex":0,"rotation":0,"texture":"#1"},"north":{"uv":[3.6875,6.21875,4.5625,6.90625],"tintindex":0,"rotation":0,"texture":"#1"}}},{"from":[0.14661646,-3.5526323,1.0112782],"to":[15.718046,-2.5526323,10.011278],"faces":{"east":{"uv":[10.0,5.34375,11.96875,5.5625],"tintindex":0,"rotation":0,"texture":"#0"},"south":{"uv":[9.875,8.125,13.28125,8.34375],"tintindex":0,"rotation":0,"texture":"#0"},"north":{"uv":[9.875,7.90625,13.28125,8.125],"tintindex":0,"rotation":0,"texture":"#0"},"west":{"uv":[9.96875,10.09375,11.9375,10.3125],"tintindex":0,"rotation":0,"texture":"#0"},"up":{"uv":[8.40625,1.96875,5.0,0.0],"tintindex":0,"rotation":0,"texture":"#0"},"down":{"uv":[8.40625,1.96875,5.0,3.9375],"tintindex":0,"rotation":0,"texture":"#0"}}},{"from":[3.4323306,-1.4097748,3.4398499],"to":[12.575189,2.8759394,10.868422],"faces":{"east":{"uv":[9.25,0.0,10.875,0.9375],"tintindex":0,"rotation":0,"texture":"#0"},"south":{"uv":[7.875,8.0,9.875,8.9375],"tintindex":0,"rotation":0,"texture":"#0"},"north":{"uv":[7.875,7.0625,9.875,8.0],"tintindex":0,"rotation":0,"texture":"#0"},"west":{"uv":[9.25,0.9375,10.875,1.875],"tintindex":0,"rotation":0,"texture":"#0"},"up":{"uv":[7.875,9.1875,5.875,7.5625],"tintindex":0,"rotation":0,"texture":"#0"},"down":{"uv":[2.875,7.84375,0.875,9.46875],"tintindex":0,"rotation":0,"texture":"#0"}}},{"from":[12.575189,6.590225,7.1541357],"to":[15.146617,7.8759394,10.868422],"faces":{"east":{"uv":[6.25,10.71875,5.4375,11.0],"tintindex":0,"rotation":0,"texture":"#0"},"south":{"uv":[2.5625,10.8125,2.0,11.09375],"tintindex":0,"rotation":0,"texture":"#0"},"north":{"uv":[11.3125,7.46875,10.75,7.75],"tintindex":0,"rotation":0,"texture":"#0"},"west":{"uv":[11.125,10.59375,10.3125,10.875],"tintindex":0,"rotation":0,"texture":"#0"},"up":{"uv":[10.0,4.09375,10.5625,3.28125],"tintindex":0,"rotation":0,"texture":"#0"},"down":{"uv":[10.0,4.09375,10.5625,4.90625],"tintindex":0,"rotation":0,"texture":"#0"}}},{"from":[11.857143,-14.1428585,-2.1428576],"to":[19.857143,-7.8571434,-2.1428576],"faces":{"south":{"uv":[4.5625,6.21875,3.6875,6.90625],"tintindex":0,"rotation":0,"texture":"#1"},"north":{"uv":[3.6875,6.21875,4.5625,6.90625],"tintindex":0,"rotation":0,"texture":"#1"}},"rotation":{"origin":[12.857143,-11.0,-2.1428576],"angle":-45.0,"axis":"y"}},{"from":[13.718046,-3.5526323,3.582707],"to":[16.432331,6.590225,4.2969923],"faces":{"east":{"uv":[4.9375,5.625,4.78125,7.84375],"tintindex":0,"rotation":0,"texture":"#0"},"south":{"uv":[8.46875,8.9375,7.875,11.15625],"tintindex":0,"rotation":0,"texture":"#0"},"north":{"uv":[9.0,0.0,8.40625,2.21875],"tintindex":0,"rotation":0,"texture":"#0"},"west":{"uv":[4.78125,5.625,4.625,7.84375],"tintindex":0,"rotation":0,"texture":"#0"},"up":{"uv":[10.75,7.90625,11.34375,7.75],"tintindex":0,"rotation":0,"texture":"#0"},"down":{"uv":[10.875,1.0,11.46875,1.15625],"tintindex":0,"rotation":0,"texture":"#0"}}},{"from":[-1.4285717,-14.1428585,-2.1428576],"to":[6.5714283,-7.8571434,-2.1428576],"faces":{"south":{"uv":[4.5625,6.21875,3.6875,6.90625],"tintindex":0,"rotation":0,"texture":"#1"},"north":{"uv":[3.6875,6.21875,4.5625,6.90625],"tintindex":0,"rotation":0,"texture":"#1"}}},{"from":[-1.853384,23.304512,9.154136],"to":[3.8609018,24.733084,14.868422],"faces":{"east":{"uv":[10.5625,3.28125,11.8125,3.59375],"tintindex":0,"rotation":0,"texture":"#0"},"south":{"uv":[10.5625,3.28125,11.8125,3.59375],"tintindex":0,"rotation":0,"texture":"#0"},"north":{"uv":[10.5625,3.28125,11.8125,3.59375],"tintindex":0,"rotation":0,"texture":"#0"},"west":{"uv":[10.5625,3.28125,11.8125,3.59375],"tintindex":0,"rotation":0,"texture":"#0"},"up":{"uv":[9.65625,3.46875,8.40625,2.21875],"tintindex":0,"rotation":0,"texture":"#0"},"down":{"uv":[9.96875,8.9375,8.71875,10.1875],"tintindex":0,"rotation":0,"texture":"#0"}}},{"from":[0.8609023,6.590225,7.1541357],"to":[3.4323306,7.8759394,10.868422],"faces":{"east":{"uv":[10.3125,10.59375,11.125,10.875],"tintindex":0,"rotation":0,"texture":"#0"},"south":{"uv":[2.0,10.8125,2.5625,11.09375],"tintindex":0,"rotation":0,"texture":"#0"},"north":{"uv":[10.75,7.46875,11.3125,7.75],"tintindex":0,"rotation":0,"texture":"#0"},"west":{"uv":[5.4375,10.71875,6.25,11.0],"tintindex":0,"rotation":0,"texture":"#0"},"up":{"uv":[10.5625,4.09375,10.0,3.28125],"tintindex":0,"rotation":0,"texture":"#0"},"down":{"uv":[10.5625,4.09375,10.0,4.90625],"tintindex":0,"rotation":0,"texture":"#0"}}},{"from":[3.4323306,-3.5526323,1.725564],"to":[12.575189,-1.4097748,10.011278],"faces":{"east":{"uv":[9.65625,2.34375,11.46875,2.8125],"tintindex":0,"rotation":0,"texture":"#0"},"south":{"uv":[9.65625,1.875,11.65625,2.34375],"tintindex":0,"rotation":0,"texture":"#0"},"north":{"uv":[9.4375,6.5625,11.4375,7.03125],"tintindex":0,"rotation":0,"texture":"#0"},"west":{"uv":[9.65625,2.8125,11.46875,3.28125],"tintindex":0,"rotation":0,"texture":"#0"},"up":{"uv":[7.875,5.75,5.875,3.9375],"tintindex":0,"rotation":0,"texture":"#0"},"down":{"uv":[7.875,5.75,5.875,7.5625],"tintindex":0,"rotation":0,"texture":"#0"}}},{"from":[2.2894735,-3.5526323,10.868422],"to":[13.718046,22.161655,12.868422],"faces":{"east":{"uv":[4.0,7.84375,4.4375,13.46875],"tintindex":0,"rotation":0,"texture":"#0"},"south":{"uv":[2.5,0.0,5.0,5.625],"tintindex":0,"rotation":0,"texture":"#0"},"north":{"uv":[0.0,0.0,2.5,5.625],"tintindex":0,"rotation":0,"texture":"#0"},"west":{"uv":[4.4375,7.84375,4.875,13.46875],"tintindex":0,"rotation":0,"texture":"#0"},"up":{"uv":[11.9375,6.125,9.4375,5.6875],"tintindex":0,"rotation":0,"texture":"#0"},"down":{"uv":[11.9375,6.125,9.4375,6.5625],"tintindex":0,"rotation":0,"texture":"#0"}}},{"from":[-2.7142859,-3.5714293,-1.1428576],"to":[0.42857122,-2.8571434,0.9999995],"faces":{"east":{"uv":[1.125,6.03125,1.359375,6.109375],"tintindex":0,"rotation":0,"texture":"#1"},"south":{"uv":[0.78125,6.03125,1.125,6.109375],"tintindex":0,"rotation":0,"texture":"#1"},"north":{"uv":[5.78125,4.0,6.125,4.078125],"tintindex":0,"rotation":0,"texture":"#1"},"west":{"uv":[1.359375,6.03125,1.59375,6.109375],"tintindex":0,"rotation":0,"texture":"#1"},"up":{"uv":[7.4375,7.03125,7.09375,6.796875],"tintindex":0,"rotation":0,"texture":"#1"},"down":{"uv":[7.4375,7.03125,7.09375,7.265625],"tintindex":0,"rotation":0,"texture":"#1"}},"rotation":{"origin":[-1.1428566,-3.2142859,-0.07142925],"angle":22.5,"axis":"y"}},{"from":[3.4323306,1.8759394,2.868421],"to":[12.575189,2.8759394,3.4398499],"faces":{"east":{"uv":[10.875,1.59375,11.0,1.8125],"tintindex":0,"rotation":0,"texture":"#0"},"south":{"uv":[10.0,5.125,12.0,5.34375],"tintindex":0,"rotation":0,"texture":"#0"},"north":{"uv":[10.0,4.90625,12.0,5.125],"tintindex":0,"rotation":0,"texture":"#0"},"west":{"uv":[9.3125,10.875,9.4375,11.09375],"tintindex":0,"rotation":0,"texture":"#0"},"up":{"uv":[12.0,5.6875,10.0,5.5625],"tintindex":0,"rotation":0,"texture":"#0"},"down":{"uv":[12.53125,9.90625,10.53125,10.03125],"tintindex":0,"rotation":0,"texture":"#0"}}},{"from":[11.857143,-14.1428585,13.308271],"to":[19.857143,-7.8571434,13.308271],"faces":{"south":{"uv":[3.6875,6.21875,4.5625,6.90625],"tintindex":0,"rotation":0,"texture":"#1"},"north":{"uv":[4.5625,6.21875,3.6875,6.90625],"tintindex":0,"rotation":0,"texture":"#1"}},"rotation":{"origin":[12.857143,-11.0,13.308271],"angle":45.0,"axis":"y"}},{"from":[0.8609023,-3.5526323,2.2969923],"to":[3.4323306,6.590225,10.868422],"faces":{"east":{"uv":[0.875,5.625,2.75,7.84375],"tintindex":0,"rotation":0,"texture":"#0"},"south":{"uv":[9.4375,3.46875,10.0,5.6875],"tintindex":0,"rotation":0,"texture":"#0"},"north":{"uv":[4.875,9.34375,5.4375,11.5625],"tintindex":0,"rotation":0,"texture":"#0"},"west":{"uv":[2.75,5.625,4.625,7.84375],"tintindex":0,"rotation":0,"texture":"#0"},"up":{"uv":[1.4375,11.34375,0.875,9.46875],"tintindex":0,"rotation":0,"texture":"#0"},"down":{"uv":[2.0,9.46875,1.4375,11.34375],"tintindex":0,"rotation":0,"texture":"#0"}}},{"from":[-0.42481232,-3.5526323,3.582707],"to":[2.2894735,6.590225,4.2969923],"faces":{"east":{"uv":[4.625,5.625,4.78125,7.84375],"tintindex":0,"rotation":0,"texture":"#0"},"south":{"uv":[7.875,8.9375,8.46875,11.15625],"tintindex":0,"rotation":0,"texture":"#0"},"north":{"uv":[8.40625,0.0,9.0,2.21875],"tintindex":0,"rotation":0,"texture":"#0"},"west":{"uv":[4.78125,5.625,4.9375,7.84375],"tintindex":0,"rotation":0,"texture":"#0"},"up":{"uv":[11.34375,7.90625,10.75,7.75],"tintindex":0,"rotation":0,"texture":"#0"},"down":{"uv":[11.46875,1.0,10.875,1.15625],"tintindex":0,"rotation":0,"texture":"#0"}}},{"from":[12.146616,23.304512,9.154136],"to":[17.860903,24.733084,14.868422],"faces":{"east":{"uv":[11.8125,3.28125,10.5625,3.59375],"tintindex":0,"rotation":0,"texture":"#0"},"south":{"uv":[11.8125,3.28125,10.5625,3.59375],"tintindex":0,"rotation":0,"texture":"#0"},"north":{"uv":[11.8125,3.28125,10.5625,3.59375],"tintindex":0,"rotation":0,"texture":"#0"},"west":{"uv":[11.8125,3.28125,10.5625,3.59375],"tintindex":0,"rotation":0,"texture":"#0"},"up":{"uv":[8.40625,3.46875,9.65625,2.21875],"tintindex":0,"rotation":0,"texture":"#0"},"down":{"uv":[8.71875,8.9375,9.96875,10.1875],"tintindex":0,"rotation":0,"texture":"#0"}}},{"from":[-0.8421049,-14.1428585,1.2932324],"to":[-0.8421049,-7.8571434,9.293233],"faces":{"east":{"uv":[3.6875,6.21875,4.5625,6.90625],"tintindex":0,"rotation":0,"texture":"#1"},"west":{"uv":[4.5625,6.21875,3.6875,6.90625],"tintindex":0,"rotation":0,"texture":"#1"}},"rotation":{"origin":[-0.8421049,-11.0,5.2932324],"angle":22.5,"axis":"y"}},{"from":[-0.9962406,21.161655,10.011278],"to":[3.0037594,23.304512,14.011278],"faces":{"east":{"uv":[2.0,10.34375,2.875,10.8125],"tintindex":0,"rotation":0,"texture":"#0"},"south":{"uv":[9.28125,3.46875,8.40625,3.9375],"tintindex":0,"rotation":0,"texture":"#0"},"north":{"uv":[8.40625,3.46875,9.28125,3.9375],"tintindex":0,"rotation":0,"texture":"#0"},"west":{"uv":[9.28125,3.46875,8.40625,3.9375],"tintindex":0,"rotation":0,"texture":"#0"},"up":{"uv":[2.875,10.34375,2.0,9.46875],"tintindex":0,"rotation":0,"texture":"#0"},"down":{"uv":[10.75,7.03125,9.875,7.90625],"tintindex":0,"rotation":0,"texture":"#0"}}}],"display":{"gui":{"rotation":[30,225,0]}}}