{
    "group": "NORMAL",
    "maximumRate": {
        "amount": 30,
        "per": {"seconds": 25}
    },
    "maxEntitiesPerChunk": 2,
    "energyMultiplier": 0.95,
    "weather": "ANY",
    "spawns": [
        {
            "entity": "standard/hostile/witch",
            "energyMultiplier": 0.885,
            "rarity": 9
        },
        {
            "entity": "standard/hostile/skeleton",
            "energyMultiplier": 1.15,
            "rarity": 2
        },
        {
            "entity": "standard/hostile/zombie",
            "energyMultiplier": 1.15,
            "rarity": 1
        }
    ]
}
