{
    "fill": {"block": "minecraft:cave_air"},
    "verticalRange": {
        "max": 400,
        "min": 15
    },
    "customBiome": "carving/mountain-caves",
    "fork": {
        "ravines": [{
            "breakSurface": false,
            "rarity": 100,
            "ravine": "deep/main"
        }],
        "caves": [
            {
                "breakSurface": false,
                "cave": "calcite/main",
                "rarity": 105
            },
            {
                "breakSurface": false,
                "cave": "drip/main",
                "rarity": 120
            },

            {
                "breakSurface": false,
                "cave": "volcanic/small",
                "rarity": 140
            }
        ]
    },
    "worm": {
        "girth": {
            "max": 7,
            "min": 2,
            "style": {"style": "NOWHERE"}
        },
        "maxDistance": 122,
        "yStyle": {
            "min": -3,
            "max": 2,
            "generator": {
                "zoom": 3,
                "style": "NOWHERE"
            }
        },
        "xStyle": {
            "min": -12,
            "max": 12,
            "generator": {
                "zoom": 2,
                "style": "NOWHERE"
            }
        },
        "zStyle": {
            "min": -12,
            "max": 12,
            "generator": {
                "zoom": 2,
                "style": "NOWHERE"
            }
        }
    }
}
