{
    "connectors": [
        {
            "targetName": "*",
            "innerConnector": false,
            "entityCount": 1,
            "rotateConnector": false,
            "name": "",
            "pools": [
                "stronghold/paths-connectors",
                "stronghold/paths-rooms"
            ],
            "position": {
                "x": 0,
                "y": 0,
                "z": -6
            },
            "direction": "NORTH_NEGATIVE_Z"
        },
        {
            "targetName": "*",
            "innerConnector": false,
            "entityCount": 1,
            "rotateConnector": false,
            "name": "",
            "pools": [
                "stronghold/paths-connectors",
                "stronghold/paths-rooms"
            ],
            "position": {
                "x": 0,
                "y": 0,
                "z": 5
            },
            "direction": "SOUTH_POSITIVE_Z"
        }
    ],
    "placementOptions": {
        "overStilt": 0,
        "chance": 1,
        "meld": false,
        "density": 1,
        "boreExtendMinY": 0,
        "edit": [{
            "chance": 1,
            "find": [{
                "weight": 1,
                "block": "minecraft:glass"
            }],
            "replace": {
                "style": {
                    "multiplier": 1,
                    "style": "STATIC",
                    "zoom": 1,
                    "maxFractureAccuracy": false,
                    "exponent": 1
                },
                "zoom": 5,
                "palette": [{"block": "minecraft:void_air"}]
            },
            "exact": false
        }],
        "bottom": false,
        "translateCenter": false,
        "rotation": {
            "yAxis": {
                "min": 0,
                "max": 270,
                "interval": 90,
                "enabled": true
            },
            "xAxis": {
                "min": 0,
                "max": 0,
                "interval": 0,
                "enabled": false
            },
            "zAxis": {
                "min": 0,
                "max": 0,
                "interval": 0,
                "enabled": false
            },
            "enabled": true
        },
        "boreExtendMaxY": 0,
        "smartBore": false,
        "waterloggable": false,
        "bore": false,
        "translate": {
            "yRandom": 0,
            "x": 0,
            "y": 0,
            "z": 0
        },
        "mode": "FAST_MAX_HEIGHT",
        "carvingSupport": "SURFACE_ONLY",
        "snow": 0,
        "underwater": false,
        "onwater": false,
        "clamp": {
            "minimumHeight": 0,
            "maximumHeight": 255
        },
        "warp": {
            "multiplier": 1,
            "style": "FLAT",
            "zoom": 1,
            "maxFractureAccuracy": false,
            "exponent": 1
        }
    },
    "object": "jigsaw/stronghold/path/hazard-hall1"
}
