{"textures":{"0":"modelengine:entity/ghastling_2"},"elements":[{"from":[6.25,5.25,6.75],"to":[8.25,8.25,10.75],"faces":{"east":{"uv":[0.625,0.625,1.375,1.25],"tintindex":0,"rotation":0,"texture":"#0"},"south":{"uv":[2.125,0.5,3.125,1.0],"tintindex":0,"rotation":0,"texture":"#0"},"north":{"uv":[0.625,0.625,1.375,1.25],"tintindex":0,"rotation":0,"texture":"#0"},"west":{"uv":[3.125,0.375,3.625,1.25],"tintindex":0,"rotation":0,"texture":"#0"},"up":{"uv":[0.0,0.0,2.0,4.0],"tintindex":0,"rotation":0,"texture":"#0"},"down":{"uv":[2.5,2.75,2.875,3.375],"tintindex":0,"rotation":0,"texture":"#0"}}},{"from":[6.25,8.25,3.75],"to":[11.25,10.25,10.75],"faces":{"east":{"uv":[0.5,0.875,1.375,1.375],"tintindex":0,"rotation":0,"texture":"#0"},"south":{"uv":[2.375,0.125,3.25,0.625],"tintindex":0,"rotation":0,"texture":"#0"},"north":{"uv":[0.0,0.0,0.875,0.5],"tintindex":0,"rotation":0,"texture":"#0"},"west":{"uv":[2.5,1.5,3.5,1.75],"tintindex":0,"rotation":0,"texture":"#0"},"up":{"uv":[2.5,0.625,3.5,1.375],"tintindex":0,"rotation":0,"texture":"#0"},"down":{"uv":[0.375,0.5,1.375,1.25],"tintindex":0,"rotation":0,"texture":"#0"}}}],"display":{"gui":{"rotation":[30,225,0]}}}