{"textures":{"8":"modelengine:entity/tower_skeleton_bone_arms"},"elements":[{"from":[1.5,-15.250004,2.0],"to":[5.5,5.75,6.0],"faces":{"east":{"uv":[5.0,6.5,4.0,11.75],"tintindex":0,"rotation":0,"texture":"#8"},"south":{"uv":[4.0,6.5,3.0,11.75],"tintindex":0,"rotation":0,"texture":"#8"},"north":{"uv":[2.0,6.5,1.0,11.75],"tintindex":0,"rotation":0,"texture":"#8"},"west":{"uv":[3.0,6.5,2.0,11.75],"tintindex":0,"rotation":0,"texture":"#8"},"up":{"uv":[9.75,1.0,10.75,0.0],"tintindex":0,"rotation":0,"texture":"#8"},"down":{"uv":[9.75,1.0,10.75,2.0],"tintindex":0,"rotation":0,"texture":"#8"}}},{"from":[2.5,-15.250004,-3.0],"to":[4.5,4.75,-1.0],"faces":{"east":{"uv":[5.0,6.5,4.0,11.75],"tintindex":0,"rotation":0,"texture":"#8"},"south":{"uv":[4.0,6.5,3.0,11.75],"tintindex":0,"rotation":0,"texture":"#8"},"north":{"uv":[2.0,6.5,1.0,11.75],"tintindex":0,"rotation":0,"texture":"#8"},"west":{"uv":[3.0,6.5,2.0,11.75],"tintindex":0,"rotation":0,"texture":"#8"},"up":{"uv":[9.75,1.0,10.75,0.0],"tintindex":0,"rotation":0,"texture":"#8"},"down":{"uv":[9.75,1.0,10.75,2.0],"tintindex":0,"rotation":0,"texture":"#8"}}}],"display":{"gui":{"rotation":[30,225,0]}}}