{"textures":{"8":"modelengine:entity/tower_skeleton_bone_arms"},"elements":[{"from":[5.1040115,-1.232933,6.657557],"to":[7.1040115,8.767067,8.657557],"faces":{"east":{"uv":[9.0,9.0,8.5,11.5],"tintindex":0,"rotation":0,"texture":"#8"},"south":{"uv":[8.5,9.0,8.0,11.5],"tintindex":0,"rotation":0,"texture":"#8"},"north":{"uv":[8.0,9.0,7.5,11.5],"tintindex":0,"rotation":0,"texture":"#8"},"west":{"uv":[9.5,7.5,9.0,10.0],"tintindex":0,"rotation":0,"texture":"#8"},"up":{"uv":[11.0,10.0,11.5,9.5],"tintindex":0,"rotation":0,"texture":"#8"},"down":{"uv":[11.0,10.0,11.5,10.5],"tintindex":0,"rotation":0,"texture":"#8"}}}],"display":{"gui":{"rotation":[30,225,0]}}}