{"textures":{"8":"modelengine:entity/tower_skeleton_bone_arms"},"elements":[{"from":[3.5399628,-4.359909,0.2932291],"to":[8.539963,8.640091,16.293228],"faces":{"east":{"uv":[4.0,3.25,0.0,6.5],"tintindex":0,"rotation":0,"texture":"#8"},"south":{"uv":[8.75,3.25,7.5,6.5],"tintindex":0,"rotation":0,"texture":"#8"},"north":{"uv":[8.75,0.0,7.5,3.25],"tintindex":0,"rotation":0,"texture":"#8"},"west":{"uv":[4.0,0.0,0.0,3.25],"tintindex":0,"rotation":0,"texture":"#8"},"up":{"uv":[5.0,10.5,6.25,6.5],"tintindex":0,"rotation":0,"texture":"#8"},"down":{"uv":[6.25,6.5,7.5,10.5],"tintindex":0,"rotation":0,"texture":"#8"}},"rotation":{"origin":[6.039963,2.140091,8.293229],"angle":-22.5,"axis":"z"}}],"display":{"gui":{"rotation":[30,225,0]}}}