{"textures":{"8":"modelengine:entity/tower_skeleton_bone_arms"},"elements":[{"from":[6.0980377,-1.3589058,6.90936],"to":[8.098038,8.641094,8.90936],"faces":{"east":{"uv":[9.5,5.0,9.0,7.5],"tintindex":0,"rotation":0,"texture":"#8"},"south":{"uv":[9.25,2.5,8.75,5.0],"tintindex":0,"rotation":0,"texture":"#8"},"north":{"uv":[9.0,6.5,8.5,9.0],"tintindex":0,"rotation":0,"texture":"#8"},"west":{"uv":[9.25,0.0,8.75,2.5],"tintindex":0,"rotation":0,"texture":"#8"},"up":{"uv":[11.0,8.0,11.5,7.5],"tintindex":0,"rotation":0,"texture":"#8"},"down":{"uv":[11.0,8.0,11.5,8.5],"tintindex":0,"rotation":0,"texture":"#8"}}}],"display":{"gui":{"rotation":[30,225,0]}}}