{"textures":{"8":"modelengine:entity/tower_skeleton_bone_arms"},"elements":[{"from":[6.226219,-0.8611374,6.4045544],"to":[8.226219,9.138863,8.404554],"faces":{"east":{"uv":[10.0,7.5,9.5,10.0],"tintindex":0,"rotation":0,"texture":"#8"},"south":{"uv":[10.0,5.0,9.5,7.5],"tintindex":0,"rotation":0,"texture":"#8"},"north":{"uv":[9.75,0.0,9.25,2.5],"tintindex":0,"rotation":0,"texture":"#8"},"west":{"uv":[9.75,2.5,9.25,5.0],"tintindex":0,"rotation":0,"texture":"#8"},"up":{"uv":[11.25,0.5,11.75,0.0],"tintindex":0,"rotation":0,"texture":"#8"},"down":{"uv":[11.25,0.5,11.75,1.0],"tintindex":0,"rotation":0,"texture":"#8"}}}],"display":{"gui":{"rotation":[30,225,0]}}}