{"textures":{"8":"modelengine:entity/tower_skeleton_bone_arms"},"elements":[{"from":[5.097351,1.4144135,10.107564],"to":[7.097351,9.414413,12.107564],"faces":{"east":{"uv":[10.5,8.0,10.0,10.0],"tintindex":0,"rotation":0,"texture":"#8"},"south":{"uv":[10.5,6.0,10.0,8.0],"tintindex":0,"rotation":0,"texture":"#8"},"north":{"uv":[10.25,2.0,9.75,4.0],"tintindex":0,"rotation":0,"texture":"#8"},"west":{"uv":[10.5,4.0,10.0,6.0],"tintindex":0,"rotation":0,"texture":"#8"},"up":{"uv":[11.0,5.0,11.5,4.5],"tintindex":0,"rotation":0,"texture":"#8"},"down":{"uv":[11.0,5.0,11.5,5.5],"tintindex":0,"rotation":0,"texture":"#8"}}}],"display":{"gui":{"rotation":[30,225,0]}}}