{"textures":{"8":"modelengine:entity/tower_skeleton_bone_arms"},"elements":[{"from":[4.597351,3.2005959,10.336348],"to":[6.597351,9.200596,12.336348],"faces":{"east":{"uv":[11.5,3.0,11.0,4.5],"tintindex":0,"rotation":0,"texture":"#8"},"south":{"uv":[11.25,1.5,10.75,3.0],"tintindex":0,"rotation":0,"texture":"#8"},"north":{"uv":[11.0,10.0,10.5,11.5],"tintindex":0,"rotation":0,"texture":"#8"},"west":{"uv":[11.25,0.0,10.75,1.5],"tintindex":0,"rotation":0,"texture":"#8"},"up":{"uv":[11.0,6.0,11.5,5.5],"tintindex":0,"rotation":0,"texture":"#8"},"down":{"uv":[11.0,6.0,11.5,6.5],"tintindex":0,"rotation":0,"texture":"#8"}}}],"display":{"gui":{"rotation":[30,225,0]}}}