{"textures":{"8":"modelengine:entity/tower_skeleton_bone_arms"},"elements":[{"from":[6.6408615,1.8074532,6.90936],"to":[8.6408615,9.807453,8.90936],"faces":{"east":{"uv":[10.75,2.0,10.25,4.0],"tintindex":0,"rotation":0,"texture":"#8"},"south":{"uv":[10.5,10.0,10.0,12.0],"tintindex":0,"rotation":0,"texture":"#8"},"north":{"uv":[9.5,10.0,9.0,12.0],"tintindex":0,"rotation":0,"texture":"#8"},"west":{"uv":[10.0,10.0,9.5,12.0],"tintindex":0,"rotation":0,"texture":"#8"},"up":{"uv":[11.0,7.0,11.5,6.5],"tintindex":0,"rotation":0,"texture":"#8"},"down":{"uv":[11.0,7.0,11.5,7.5],"tintindex":0,"rotation":0,"texture":"#8"}}}],"display":{"gui":{"rotation":[30,225,0]}}}