{"textures":{"6":"modelengine:entity/tower_skeleton_shield_6"},"elements":[{"from":[5.028409,4.75,13.147722],"to":[5.028409,10.75,22.647722],"faces":{"east":{"uv":[11.125,0.0,9.9375,0.75],"tintindex":0,"rotation":0,"texture":"#6"},"west":{"uv":[9.9375,0.0,11.125,0.75],"tintindex":0,"rotation":0,"texture":"#6"}},"rotation":{"origin":[3.0284085,-8.125,-1.8522778],"angle":22.5,"axis":"y"}},{"from":[5.028409,-2.25,13.147722],"to":[5.028409,3.75,22.647722],"faces":{"east":{"uv":[11.125,0.0,9.9375,0.75],"tintindex":0,"rotation":0,"texture":"#6"},"west":{"uv":[9.9375,0.0,11.125,0.75],"tintindex":0,"rotation":0,"texture":"#6"}},"rotation":{"origin":[3.0284085,-8.125,-1.8522778],"angle":22.5,"axis":"y"}},{"from":[4.0284085,-0.25,-1.8522778],"to":[7.028409,15.75,5.6477222],"faces":{"east":{"uv":[4.1875,3.375,5.125,5.375],"tintindex":0,"rotation":0,"texture":"#6"},"south":{"uv":[0.875,7.0625,1.25,9.0625],"tintindex":0,"rotation":0,"texture":"#6"},"north":{"uv":[1.8125,6.375,2.1875,8.375],"tintindex":0,"rotation":0,"texture":"#6"},"west":{"uv":[4.1875,1.375,5.125,3.375],"tintindex":0,"rotation":0,"texture":"#6"},"up":{"uv":[7.1875,8.8125,6.25,8.4375],"tintindex":0,"rotation":270,"texture":"#6"},"down":{"uv":[8.125,8.4375,7.1875,8.8125],"tintindex":0,"rotation":90,"texture":"#6"}},"rotation":{"origin":[3.0284085,-8.125,-1.8522778],"angle":22.5,"axis":"y"}},{"from":[-1.471591,11.75,1.1477222],"to":[4.0284085,15.75,3.1477222],"faces":{"east":{"uv":[8.625,9.125,8.875,9.625],"tintindex":0,"rotation":0,"texture":"#6"},"south":{"uv":[8.5,0.0,9.1875,0.5],"tintindex":0,"rotation":0,"texture":"#6"},"north":{"uv":[8.125,8.4375,8.8125,8.9375],"tintindex":0,"rotation":0,"texture":"#6"},"west":{"uv":[9.125,4.625,9.375,5.125],"tintindex":0,"rotation":0,"texture":"#6"},"up":{"uv":[7.9375,9.6875,7.6875,9.0],"tintindex":0,"rotation":270,"texture":"#6"},"down":{"uv":[0.9375,9.0625,0.6875,9.75],"tintindex":0,"rotation":90,"texture":"#6"}},"rotation":{"origin":[3.0284085,-8.125,-1.8522778],"angle":22.5,"axis":"y"}},{"from":[4.0284085,-0.25,6.1477222],"to":[7.028409,14.25,13.147722],"faces":{"east":{"uv":[5.125,4.5625,6.0,6.375],"tintindex":0,"rotation":0,"texture":"#6"},"south":{"uv":[3.375,7.375,3.75,9.1875],"tintindex":0,"rotation":0,"texture":"#6"},"north":{"uv":[3.75,1.375,4.125,3.1875],"tintindex":0,"rotation":0,"texture":"#6"},"west":{"uv":[5.125,2.75,6.0,4.5625],"tintindex":0,"rotation":0,"texture":"#6"},"up":{"uv":[5.875,8.9375,5.0,8.5625],"tintindex":0,"rotation":270,"texture":"#6"},"down":{"uv":[6.75,8.8125,5.875,9.1875],"tintindex":0,"rotation":90,"texture":"#6"}},"rotation":{"origin":[3.0284085,-8.125,-1.8522778],"angle":22.5,"axis":"y"}},{"from":[2.541049,4.75,-1.7977219],"to":[4.041049,8.75,11.652277],"faces":{"east":{"uv":[6.8125,0.0,8.5,0.5],"tintindex":0,"rotation":0,"texture":"#6"},"south":{"uv":[3.375,5.9375,3.5625,6.4375],"tintindex":0,"rotation":0,"texture":"#6"},"north":{"uv":[4.0,4.5625,4.1875,5.0625],"tintindex":0,"rotation":0,"texture":"#6"},"west":{"uv":[6.4375,2.0,8.125,2.5],"tintindex":0,"rotation":0,"texture":"#6"},"up":{"uv":[9.625,4.125,7.9375,3.9375],"tintindex":0,"rotation":270,"texture":"#6"},"down":{"uv":[10.5,8.4375,8.8125,8.625],"tintindex":0,"rotation":90,"texture":"#6"}},"rotation":{"origin":[3.041049,-8.125,-1.847722],"angle":22.5,"axis":"y"}},{"from":[-1.471591,10.25,8.647722],"to":[4.0284085,14.25,10.647722],"faces":{"east":{"uv":[9.125,4.125,9.375,4.625],"tintindex":0,"rotation":0,"texture":"#6"},"south":{"uv":[0.0,8.4375,0.6875,8.9375],"tintindex":0,"rotation":0,"texture":"#6"},"north":{"uv":[0.0,7.9375,0.6875,8.4375],"tintindex":0,"rotation":0,"texture":"#6"},"west":{"uv":[5.625,6.375,5.875,6.875],"tintindex":0,"rotation":0,"texture":"#6"},"up":{"uv":[4.4375,9.375,4.1875,8.6875],"tintindex":0,"rotation":270,"texture":"#6"},"down":{"uv":[7.6875,9.0,7.4375,9.6875],"tintindex":0,"rotation":90,"texture":"#6"}},"rotation":{"origin":[3.0284085,-8.125,-1.8522778],"angle":22.5,"axis":"y"}}],"display":{"gui":{"rotation":[30,225,0]}}}