{"textures":{"6":"modelengine:entity/tower_skeleton_shield_6"},"elements":[{"from":[4.9285707,-13.642857,16.649872],"to":[13.928571,10.357143,20.649872],"faces":{"east":{"uv":[1.5,7.875,1.75,9.375],"tintindex":0,"rotation":0,"texture":"#6"},"south":{"uv":[5.0625,6.375,5.625,7.875],"tintindex":0,"rotation":0,"texture":"#6"},"north":{"uv":[1.25,6.375,1.8125,7.875],"tintindex":0,"rotation":0,"texture":"#6"},"west":{"uv":[1.25,7.875,1.5,9.375],"tintindex":0,"rotation":0,"texture":"#6"},"up":{"uv":[1.1875,9.625,0.9375,9.0625],"tintindex":0,"rotation":270,"texture":"#6"},"down":{"uv":[3.375,9.125,3.125,9.6875],"tintindex":0,"rotation":90,"texture":"#6"}}},{"from":[5.9285707,26.357143,-2.3501291],"to":[16.92857,31.357143,17.649872],"faces":{"east":{"uv":[5.0625,8.25,6.25,8.5625],"tintindex":0,"rotation":0,"texture":"#6"},"south":{"uv":[6.75,9.0,7.4375,9.3125],"tintindex":0,"rotation":0,"texture":"#6"},"north":{"uv":[7.9375,8.9375,8.625,9.25],"tintindex":0,"rotation":0,"texture":"#6"},"west":{"uv":[8.125,6.0625,9.3125,6.375],"tintindex":0,"rotation":0,"texture":"#6"},"up":{"uv":[4.5625,7.375,3.375,6.6875],"tintindex":0,"rotation":270,"texture":"#6"},"down":{"uv":[8.0,0.5,6.8125,1.1875],"tintindex":0,"rotation":90,"texture":"#6"}}},{"from":[5.9285707,9.357143,-1.3501291],"to":[16.92857,14.357143,18.649872],"faces":{"east":{"uv":[8.125,5.75,9.375,6.0625],"tintindex":0,"rotation":0,"texture":"#6"},"south":{"uv":[9.125,0.75,9.8125,1.0625],"tintindex":0,"rotation":0,"texture":"#6"},"north":{"uv":[9.0625,8.0,9.75,8.3125],"tintindex":0,"rotation":0,"texture":"#6"},"west":{"uv":[8.125,5.4375,9.375,5.75],"tintindex":0,"rotation":0,"texture":"#6"},"up":{"uv":[1.25,7.0625,0.0,6.375],"tintindex":0,"rotation":270,"texture":"#6"},"down":{"uv":[7.6875,1.3125,6.4375,2.0],"tintindex":0,"rotation":90,"texture":"#6"}}},{"from":[4.9285707,-13.642857,-1.3501291],"to":[11.928572,-2.6428566,16.649872],"faces":{"east":{"uv":[6.125,6.1875,7.25,6.875],"tintindex":0,"rotation":0,"texture":"#6"},"south":{"uv":[3.75,8.6875,4.1875,9.375],"tintindex":0,"rotation":0,"texture":"#6"},"north":{"uv":[3.5625,4.5625,4.0,5.25],"tintindex":0,"rotation":0,"texture":"#6"},"west":{"uv":[6.125,5.5,7.25,6.1875],"tintindex":0,"rotation":0,"texture":"#6"},"up":{"uv":[9.0,4.5625,7.875,4.125],"tintindex":0,"rotation":270,"texture":"#6"},"down":{"uv":[9.0,4.5625,7.875,5.0],"tintindex":0,"rotation":90,"texture":"#6"}}},{"from":[1.9285707,9.357143,-3.9501295],"to":[5.9285707,31.357143,19.149872],"faces":{"east":{"uv":[5.125,1.375,6.4375,2.75],"tintindex":0,"rotation":0,"texture":"#6"},"south":{"uv":[4.75,8.5625,5.0,9.9375],"tintindex":0,"rotation":0,"texture":"#6"},"north":{"uv":[4.5,8.5625,4.75,9.9375],"tintindex":0,"rotation":0,"texture":"#6"},"west":{"uv":[2.25,4.5625,3.5625,5.9375],"tintindex":0,"rotation":0,"texture":"#6"},"up":{"uv":[7.75,2.75,6.4375,2.5],"tintindex":0,"rotation":270,"texture":"#6"},"down":{"uv":[10.0,7.75,8.6875,8.0],"tintindex":0,"rotation":90,"texture":"#6"}}},{"from":[4.9285707,-13.642857,-5.349227],"to":[13.928571,10.357143,-1.349227],"faces":{"east":{"uv":[1.75,7.875,1.5,9.375],"tintindex":0,"rotation":0,"texture":"#6"},"south":{"uv":[1.8125,6.375,1.25,7.875],"tintindex":0,"rotation":0,"texture":"#6"},"north":{"uv":[5.625,6.375,5.0625,7.875],"tintindex":0,"rotation":0,"texture":"#6"},"west":{"uv":[1.5,7.875,1.25,9.375],"tintindex":0,"rotation":0,"texture":"#6"},"up":{"uv":[0.9375,9.625,1.1875,9.0625],"tintindex":0,"rotation":270,"texture":"#6"},"down":{"uv":[3.125,9.125,3.375,9.6875],"tintindex":0,"rotation":90,"texture":"#6"}}},{"from":[1.9285707,3.3571434,-1.6001291],"to":[1.9285707,9.357143,19.899872],"faces":{"east":{"uv":[9.25,2.9375,7.9375,3.3125],"tintindex":0,"rotation":0,"texture":"#6"},"west":{"uv":[7.9375,2.9375,9.25,3.3125],"tintindex":0,"rotation":0,"texture":"#6"}}}],"display":{"gui":{"rotation":[30,225,0]}}}