{"textures":{"6":"modelengine:entity/tower_skeleton_shield_6"},"elements":[{"from":[12.625,-1.4997501,-0.25],"to":[18.625,30.50025,17.75],"faces":{"east":{"uv":[1.125,4.375,2.25,6.375],"tintindex":0,"rotation":0,"texture":"#6"},"south":{"uv":[2.25,7.125,2.625,9.125],"tintindex":0,"rotation":0,"texture":"#6"},"north":{"uv":[4.6875,6.5625,5.0625,8.5625],"tintindex":0,"rotation":0,"texture":"#6"},"west":{"uv":[0.0,4.375,1.125,6.375],"tintindex":0,"rotation":0,"texture":"#6"},"up":{"uv":[9.0625,8.4375,7.9375,8.0625],"tintindex":0,"rotation":270,"texture":"#6"},"down":{"uv":[9.25,2.0,8.125,2.375],"tintindex":0,"rotation":90,"texture":"#6"}}},{"from":[9.625,-1.4997501,0.75],"to":[12.625,12.50025,14.75],"faces":{"east":{"uv":[7.25,5.5,8.125,6.375],"tintindex":0,"rotation":0,"texture":"#6"},"south":{"uv":[0.6875,7.9375,0.875,8.8125],"tintindex":0,"rotation":0,"texture":"#6"},"north":{"uv":[4.5,7.375,4.6875,8.25],"tintindex":0,"rotation":0,"texture":"#6"},"west":{"uv":[0.0,7.0625,0.875,7.9375],"tintindex":0,"rotation":0,"texture":"#6"},"up":{"uv":[9.75,1.625,8.875,1.4375],"tintindex":0,"rotation":270,"texture":"#6"},"down":{"uv":[3.125,9.125,2.25,9.3125],"tintindex":0,"rotation":90,"texture":"#6"}}},{"from":[-4.375,6.4992495,0.75],"to":[9.625,6.4992495,14.75],"faces":{"up":{"uv":[6.5,6.875,7.375,7.75],"tintindex":0,"rotation":0,"texture":"#6"},"down":{"uv":[7.375,6.875,6.5,7.75],"tintindex":0,"rotation":180,"texture":"#6"}}},{"from":[-4.375,-1.4997501,7.75],"to":[9.625,12.50025,7.75],"faces":{"south":{"uv":[6.5,6.875,7.375,7.75],"tintindex":0,"rotation":0,"texture":"#6"},"north":{"uv":[7.375,6.875,6.5,7.75],"tintindex":0,"rotation":0,"texture":"#6"}}}],"display":{"gui":{"rotation":[30,225,0]}}}