{"textures":{"6":"modelengine:entity/tower_skeleton_shield_6"},"elements":[{"from":[4.3959546,5.75,-2.250226],"to":[7.395955,13.75,18.249775],"faces":{"east":{"uv":[5.625,7.75,6.8125,8.25],"tintindex":0,"rotation":0,"texture":"#6"},"south":{"uv":[8.875,9.125,9.0625,9.625],"tintindex":0,"rotation":0,"texture":"#6"},"north":{"uv":[5.6875,8.9375,5.875,9.4375],"tintindex":0,"rotation":0,"texture":"#6"},"west":{"uv":[7.6875,1.1875,8.875,1.6875],"tintindex":0,"rotation":0,"texture":"#6"},"up":{"uv":[7.9375,9.0,6.75,8.8125],"tintindex":0,"rotation":270,"texture":"#6"},"down":{"uv":[10.0,8.625,8.8125,8.8125],"tintindex":0,"rotation":90,"texture":"#6"}}},{"from":[7.104045,-4.25,-0.99977493],"to":[13.104045,16.75,17.000225],"faces":{"east":{"uv":[5.6875,0.0,6.8125,1.3125],"tintindex":0,"rotation":0,"texture":"#6"},"south":{"uv":[4.125,7.375,4.5,8.6875],"tintindex":0,"rotation":0,"texture":"#6"},"north":{"uv":[3.75,7.375,4.125,8.6875],"tintindex":0,"rotation":0,"texture":"#6"},"west":{"uv":[3.5625,5.375,4.6875,6.6875],"tintindex":0,"rotation":0,"texture":"#6"},"up":{"uv":[9.125,1.125,8.0,0.75],"tintindex":0,"rotation":270,"texture":"#6"},"down":{"uv":[7.9375,8.0625,6.8125,8.4375],"tintindex":0,"rotation":90,"texture":"#6"}}}],"display":{"gui":{"rotation":[30,225,0]}}}