{"textures":{"8":"modelengine:entity/tower_skeleton_bone_arms"},"elements":[{"from":[7.359131,1.8074532,6.90936],"to":[9.359131,9.807453,8.90936],"faces":{"east":{"uv":[9.5,10.0,10.0,12.0],"tintindex":0,"rotation":0,"texture":"#8"},"south":{"uv":[10.0,10.0,10.5,12.0],"tintindex":0,"rotation":0,"texture":"#8"},"north":{"uv":[9.0,10.0,9.5,12.0],"tintindex":0,"rotation":0,"texture":"#8"},"west":{"uv":[10.25,2.0,10.75,4.0],"tintindex":0,"rotation":0,"texture":"#8"},"up":{"uv":[11.5,7.0,11.0,6.5],"tintindex":0,"rotation":0,"texture":"#8"},"down":{"uv":[11.5,7.0,11.0,7.5],"tintindex":0,"rotation":0,"texture":"#8"}}}],"display":{"gui":{"rotation":[30,225,0]}}}