{"textures":{"8":"modelengine:entity/tower_skeleton_bone_arms"},"elements":[{"from":[8.030304,2.2029533,6.657557],"to":[10.030304,10.202953,8.657557],"faces":{"east":{"uv":[5.0,10.5,5.5,12.5],"tintindex":0,"rotation":0,"texture":"#8"},"south":{"uv":[5.5,10.5,6.0,12.5],"tintindex":0,"rotation":0,"texture":"#8"},"north":{"uv":[10.5,4.0,11.0,6.0],"tintindex":0,"rotation":0,"texture":"#8"},"west":{"uv":[6.0,10.5,6.5,12.5],"tintindex":0,"rotation":0,"texture":"#8"},"up":{"uv":[11.5,9.0,11.0,8.5],"tintindex":0,"rotation":0,"texture":"#8"},"down":{"uv":[11.5,9.0,11.0,9.5],"tintindex":0,"rotation":0,"texture":"#8"}}}],"display":{"gui":{"rotation":[30,225,0]}}}