{"textures":{"8":"modelengine:entity/tower_skeleton_bone_arms"},"elements":[{"from":[7.460037,-4.359909,0.2932291],"to":[12.460037,8.640091,16.293228],"faces":{"east":{"uv":[0.0,0.0,4.0,3.25],"tintindex":0,"rotation":0,"texture":"#8"},"south":{"uv":[7.5,3.25,8.75,6.5],"tintindex":0,"rotation":0,"texture":"#8"},"north":{"uv":[7.5,0.0,8.75,3.25],"tintindex":0,"rotation":0,"texture":"#8"},"west":{"uv":[0.0,3.25,4.0,6.5],"tintindex":0,"rotation":0,"texture":"#8"},"up":{"uv":[6.25,10.5,5.0,6.5],"tintindex":0,"rotation":0,"texture":"#8"},"down":{"uv":[7.5,6.5,6.25,10.5],"tintindex":0,"rotation":0,"texture":"#8"}},"rotation":{"origin":[9.960037,2.140091,8.293229],"angle":22.5,"axis":"z"}}],"display":{"gui":{"rotation":[30,225,0]}}}