{"textures":{"8":"modelengine:entity/tower_skeleton_bone_arms"},"elements":[{"from":[7.9019623,-1.3589058,6.90936],"to":[9.901962,8.641094,8.90936],"faces":{"east":{"uv":[8.75,0.0,9.25,2.5],"tintindex":0,"rotation":0,"texture":"#8"},"south":{"uv":[8.75,2.5,9.25,5.0],"tintindex":0,"rotation":0,"texture":"#8"},"north":{"uv":[8.5,6.5,9.0,9.0],"tintindex":0,"rotation":0,"texture":"#8"},"west":{"uv":[9.0,5.0,9.5,7.5],"tintindex":0,"rotation":0,"texture":"#8"},"up":{"uv":[11.5,8.0,11.0,7.5],"tintindex":0,"rotation":0,"texture":"#8"},"down":{"uv":[11.5,8.0,11.0,8.5],"tintindex":0,"rotation":0,"texture":"#8"}}}],"display":{"gui":{"rotation":[30,225,0]}}}