{"textures":{"8":"modelengine:entity/tower_skeleton_bone_arms"},"elements":[{"from":[6.275635,2.7135983,6.4045544],"to":[8.275635,10.713598,8.404554],"faces":{"east":{"uv":[6.5,10.5,7.0,12.5],"tintindex":0,"rotation":0,"texture":"#8"},"south":{"uv":[7.0,10.5,7.5,12.5],"tintindex":0,"rotation":0,"texture":"#8"},"north":{"uv":[10.5,6.0,11.0,8.0],"tintindex":0,"rotation":0,"texture":"#8"},"west":{"uv":[10.5,8.0,11.0,10.0],"tintindex":0,"rotation":0,"texture":"#8"},"up":{"uv":[11.5,11.0,11.0,10.5],"tintindex":0,"rotation":0,"texture":"#8"},"down":{"uv":[11.5,11.0,11.0,11.5],"tintindex":0,"rotation":0,"texture":"#8"}}}],"display":{"gui":{"rotation":[30,225,0]}}}