{"textures":{"8":"modelengine:entity/tower_skeleton_bone_arms"},"elements":[{"from":[10.0,-13.5,6.0],"to":[14.0,12.5,11.0],"faces":{"east":{"uv":[4.0,0.0,5.25,6.5],"tintindex":0,"rotation":0,"texture":"#8"},"south":{"uv":[6.5,0.0,7.5,6.5],"tintindex":0,"rotation":0,"texture":"#8"},"north":{"uv":[0.0,6.5,1.0,13.0],"tintindex":0,"rotation":0,"texture":"#8"},"west":{"uv":[5.25,0.0,6.5,6.5],"tintindex":0,"rotation":0,"texture":"#8"},"up":{"uv":[8.5,7.75,7.5,6.5],"tintindex":0,"rotation":0,"texture":"#8"},"down":{"uv":[8.5,7.75,7.5,9.0],"tintindex":0,"rotation":0,"texture":"#8"}}}],"display":{"gui":{"rotation":[30,225,0]}}}