{"textures":{"0":"modelengine:entity/lrd_beholder"},"elements":[{"from":[7.0,25.0,10.3],"to":[10.0,27.666668,10.3],"faces":{"south":{"uv":[3.25,8.1875,2.25,9.1875],"tintindex":0,"rotation":0,"texture":"#0"},"north":{"uv":[2.25,8.1875,3.25,9.1875],"tintindex":0,"rotation":0,"texture":"#0"}}},{"from":[5.6666665,23.666668,10.333334],"to":[11.0,29.0,15.666667],"faces":{"east":{"uv":[7.375,5.375,8.375,6.375],"tintindex":0,"rotation":0,"texture":"#0"},"south":{"uv":[1.25,7.5625,2.25,8.5625],"tintindex":0,"rotation":0,"texture":"#0"},"north":{"uv":[7.25,6.875,8.25,7.875],"tintindex":0,"rotation":0,"texture":"#0"},"west":{"uv":[7.875,2.25,8.875,3.25],"tintindex":0,"rotation":0,"texture":"#0"},"up":{"uv":[8.25,8.875,7.25,7.875],"tintindex":0,"rotation":0,"texture":"#0"},"down":{"uv":[1.0,8.0625,0.0,9.0625],"tintindex":0,"rotation":0,"texture":"#0"}}}],"display":{"gui":{"rotation":[30,225,0]}}}