{"textures":{"1":"modelengine:entity/lrd_beholder_dead_head"},"elements":[{"from":[7.0,18.771639,5.8519497],"to":[18.0,22.771639,5.8519497],"faces":{"south":{"uv":[2.125,7.25,2.8125,7.5],"tintindex":0,"rotation":0,"texture":"#1"},"north":{"uv":[2.125,7.25,2.8125,7.5],"tintindex":0,"rotation":0,"texture":"#1"}},"rotation":{"origin":[12.5,21.771639,5.8519497],"angle":-22.5,"axis":"x"}},{"from":[12.0,5.0,11.0],"to":[12.0,22.0,22.0],"faces":{"east":{"uv":[4.1875,4.4375,3.5,5.5],"tintindex":0,"rotation":0,"texture":"#1"},"west":{"uv":[3.5,4.125,4.1875,5.1875],"tintindex":0,"rotation":0,"texture":"#1"}},"rotation":{"origin":[12.0,13.5,16.5],"angle":-22.5,"axis":"z"}},{"from":[12.0,5.0,11.0],"to":[12.0,22.0,22.0],"faces":{"east":{"uv":[1.875,6.5625,1.375,7.25],"tintindex":0,"rotation":0,"texture":"#1"},"west":{"uv":[1.375,6.5625,1.875,7.375],"tintindex":0,"rotation":0,"texture":"#1"}},"rotation":{"origin":[12.0,13.5,16.5],"angle":45.0,"axis":"z"}},{"from":[7.0,8.0,7.0],"to":[18.0,19.0,15.0],"faces":{"east":{"uv":[1.1875,0.75,1.6875,1.4375],"tintindex":0,"rotation":0,"texture":"#1"},"south":{"uv":[3.0625,2.0625,3.75,2.75],"tintindex":0,"rotation":0,"texture":"#1"},"north":{"uv":[2.5625,0.0,3.25,0.6875],"tintindex":0,"rotation":0,"texture":"#1"},"west":{"uv":[1.0,1.0625,1.5,1.75],"tintindex":0,"rotation":0,"texture":"#1"},"up":{"uv":[2.8125,1.875,3.5,2.375],"tintindex":0,"rotation":0,"texture":"#1"},"down":{"uv":[3.0625,1.625,3.75,2.125],"tintindex":0,"rotation":0,"texture":"#1"}}},{"from":[1.0,8.0,7.0],"to":[7.0,19.0,7.0],"faces":{"south":{"uv":[4.0625,4.25,3.6875,4.9375],"tintindex":0,"rotation":0,"texture":"#1"},"north":{"uv":[3.6875,4.9375,4.0625,5.625],"tintindex":0,"rotation":0,"texture":"#1"}}}],"display":{"gui":{"rotation":[30,225,0]}}}