{"textures":{"1":"modelengine:entity/lrd_beholder_dead_head"},"elements":[{"from":[2.0,5.0,6.0],"to":[15.0,20.0,6.0],"faces":{"south":{"uv":[9.1875,0.0,10.0,0.9375],"tintindex":0,"rotation":0,"texture":"#1"},"north":{"uv":[9.1875,0.0,10.0,0.9375],"tintindex":0,"rotation":0,"texture":"#1"}},"rotation":{"origin":[8.5,12.5,6.0],"angle":-45.0,"axis":"x"}},{"from":[6.0,8.0,7.0],"to":[14.0,17.0,15.0],"faces":{"east":{"uv":[6.9375,6.375,7.4375,6.9375],"tintindex":0,"rotation":0,"texture":"#1"},"south":{"uv":[3.1875,2.0,3.6875,2.5625],"tintindex":0,"rotation":0,"texture":"#1"},"north":{"uv":[0.8125,1.375,1.3125,1.9375],"tintindex":0,"rotation":0,"texture":"#1"},"west":{"uv":[2.5625,2.1875,3.0625,2.75],"tintindex":0,"rotation":0,"texture":"#1"},"up":{"uv":[1.0,0.75,1.5,1.25],"tintindex":0,"rotation":0,"texture":"#1"},"down":{"uv":[2.75,1.5625,3.25,2.0625],"tintindex":0,"rotation":0,"texture":"#1"}}},{"from":[2.0,5.0,2.0],"to":[10.0,14.0,10.0],"faces":{"east":{"uv":[2.8125,1.5625,3.3125,2.125],"tintindex":0,"rotation":0,"texture":"#1"},"south":{"uv":[2.6875,2.125,3.1875,2.6875],"tintindex":0,"rotation":0,"texture":"#1"},"north":{"uv":[0.6875,6.625,1.1875,7.1875],"tintindex":0,"rotation":0,"texture":"#1"},"west":{"uv":[1.125,0.8125,1.625,1.375],"tintindex":0,"rotation":0,"texture":"#1"},"up":{"uv":[3.125,1.625,3.625,2.125],"tintindex":0,"rotation":0,"texture":"#1"},"down":{"uv":[0.75,1.375,1.25,1.875],"tintindex":0,"rotation":0,"texture":"#1"}}}],"display":{"gui":{"rotation":[30,225,0]}}}