{"textures":{"0":"modelengine:entity/lrd_beholder","1":"modelengine:entity/lrd_beholder_dead_head"},"elements":[{"from":[-5.195918,5.08706,6.7506046],"to":[-0.6959181,17.087059,8.750605],"faces":{"east":{"uv":[11.8125,5.625,11.5625,7.125],"tintindex":0,"rotation":0,"texture":"#0"},"south":{"uv":[0.0,9.0625,0.5625,10.5625],"tintindex":0,"rotation":0,"texture":"#0"},"north":{"uv":[0.5625,9.0625,0.0,10.5625],"tintindex":0,"rotation":0,"texture":"#0"},"west":{"uv":[1.125,11.4375,0.875,12.9375],"tintindex":0,"rotation":0,"texture":"#0"},"up":{"uv":[7.0625,12.4375,7.625,12.1875],"tintindex":0,"rotation":0,"texture":"#0"},"down":{"uv":[12.1875,7.75,12.75,8.0],"tintindex":0,"rotation":0,"texture":"#0"}},"rotation":{"origin":[-2.945918,11.08706,7.7506046],"angle":-22.5,"axis":"z"}},{"from":[-7.16329,2.182745,7.7506046],"to":[5.3367105,6.682745,7.7506046],"faces":{"south":{"uv":[8.5,4.75,10.0625,5.3125],"tintindex":0,"rotation":0,"texture":"#0"},"north":{"uv":[10.0625,4.75,8.5,5.3125],"tintindex":0,"rotation":0,"texture":"#0"}}},{"from":[8.33671,4.182745,9.750605],"to":[11.83671,10.682745,9.750605],"faces":{"south":{"uv":[3.5,4.875,3.9375,5.6875],"tintindex":0,"rotation":0,"texture":"#1"},"north":{"uv":[3.9375,4.875,3.5,5.6875],"tintindex":0,"rotation":0,"texture":"#1"}}},{"from":[-5.16329,4.682745,6.2506046],"to":[5.3367105,10.182745,9.250605],"faces":{"east":{"uv":[8.875,11.6875,8.5,12.375],"tintindex":0,"rotation":0,"texture":"#0"},"south":{"uv":[4.25,8.625,5.5625,9.3125],"tintindex":0,"rotation":0,"texture":"#0"},"north":{"uv":[5.5625,8.625,4.25,9.3125],"tintindex":0,"rotation":0,"texture":"#0"},"west":{"uv":[2.8125,11.6875,2.4375,12.375],"tintindex":0,"rotation":0,"texture":"#0"},"up":{"uv":[1.8125,11.0,3.125,10.625],"tintindex":0,"rotation":0,"texture":"#0"},"down":{"uv":[10.625,2.0625,11.9375,2.4375],"tintindex":0,"rotation":0,"texture":"#0"}}},{"from":[7.750924,2.7685313,5.7506046],"to":[11.750924,2.7685313,9.750605],"faces":{"up":{"uv":[8.25,2.5,7.375,2.0],"tintindex":0,"rotation":270,"texture":"#1"},"down":{"uv":[7.375,2.5,8.25,2.0],"tintindex":0,"rotation":270,"texture":"#1"}},"rotation":{"origin":[9.750924,2.7685313,7.7506046],"angle":-45.0,"axis":"z"}},{"from":[5.3367105,4.182745,5.7506046],"to":[8.33671,10.682745,9.750605],"faces":{"east":{"uv":[3.375,1.875,2.875,2.6875],"tintindex":0,"rotation":0,"texture":"#1"},"south":{"uv":[2.375,5.0625,2.75,5.875],"tintindex":0,"rotation":0,"texture":"#1"},"north":{"uv":[2.625,4.25,2.25,5.0625],"tintindex":0,"rotation":0,"texture":"#1"},"west":{"uv":[3.625,0.3125,3.125,1.125],"tintindex":0,"rotation":0,"texture":"#1"},"up":{"uv":[2.3125,6.125,2.6875,5.625],"tintindex":0,"rotation":0,"texture":"#1"},"down":{"uv":[2.25,4.6875,2.625,5.1875],"tintindex":0,"rotation":0,"texture":"#1"}}},{"from":[8.33671,4.182745,5.7506046],"to":[11.83671,10.682745,5.7506046],"faces":{"south":{"uv":[3.6875,4.25,4.125,5.0625],"tintindex":0,"rotation":0,"texture":"#1"},"north":{"uv":[4.125,4.25,3.6875,5.0625],"tintindex":0,"rotation":0,"texture":"#1"}}},{"from":[8.33671,10.682245,5.7506046],"to":[12.33671,10.682245,9.750605],"faces":{"up":{"uv":[8.25,2.5,7.375,2.0],"tintindex":0,"rotation":270,"texture":"#1"},"down":{"uv":[7.375,2.5,8.25,2.0],"tintindex":0,"rotation":270,"texture":"#1"}}},{"from":[-7.695918,5.08706,7.7506046],"to":[-5.195918,17.587059,7.7506046],"faces":{"south":{"uv":[3.125,9.875,3.4375,11.4375],"tintindex":0,"rotation":0,"texture":"#0"},"north":{"uv":[3.4375,9.875,3.125,11.4375],"tintindex":0,"rotation":0,"texture":"#0"}},"rotation":{"origin":[-2.945918,11.08706,7.7506046],"angle":-22.5,"axis":"z"}},{"from":[-5.195918,14.451538,7.2506046],"to":[-0.6959181,22.451538,8.250605],"faces":{"east":{"uv":[0.875,11.875,0.75,12.875],"tintindex":0,"rotation":0,"texture":"#0"},"south":{"uv":[4.0625,10.125,4.625,11.125],"tintindex":0,"rotation":0,"texture":"#0"},"north":{"uv":[4.625,10.125,4.0625,11.125],"tintindex":0,"rotation":0,"texture":"#0"},"west":{"uv":[2.9375,11.6875,2.8125,12.6875],"tintindex":0,"rotation":0,"texture":"#0"},"up":{"uv":[1.25,6.0625,1.8125,5.9375],"tintindex":0,"rotation":0,"texture":"#0"},"down":{"uv":[9.625,2.0625,10.1875,2.1875],"tintindex":0,"rotation":0,"texture":"#0"}},"rotation":{"origin":[-2.945918,20.451538,7.7506046],"angle":22.5,"axis":"z"}}],"display":{"gui":{"rotation":[30,225,0]}}}