{"textures":{"0":"modelengine:entity/parasite_bud"},"elements":[{"from":[6.0,8.0,7.0],"to":[8.0,16.0,9.0],"faces":{"east":{"uv":[3.5,10.0,4.0,12.0],"tintindex":0,"rotation":0,"texture":"#0"},"south":{"uv":[10.0,8.5,10.5,10.5],"tintindex":0,"rotation":0,"texture":"#0"},"north":{"uv":[3.0,10.0,3.5,12.0],"tintindex":0,"rotation":0,"texture":"#0"},"west":{"uv":[4.0,10.25,4.5,12.25],"tintindex":0,"rotation":0,"texture":"#0"},"up":{"uv":[10.0,7.5,9.5,7.0],"tintindex":0,"rotation":0,"texture":"#0"},"down":{"uv":[10.0,7.5,9.5,8.0],"tintindex":0,"rotation":0,"texture":"#0"}}},{"from":[10.121321,8.0,1.8786798],"to":[10.121321,16.0,7.8786798],"faces":{"east":{"uv":[8.0,6.25,9.5,8.25],"tintindex":0,"rotation":0,"texture":"#0"},"west":{"uv":[9.5,6.25,8.0,8.25],"tintindex":0,"rotation":0,"texture":"#0"}},"rotation":{"origin":[10.121321,12.0,4.8786798],"angle":-45.0,"axis":"y"}},{"from":[0.0,8.1,0.0],"to":[16.0,8.1,16.0],"faces":{"up":{"uv":[4.0,4.0,0.0,0.0],"tintindex":0,"rotation":0,"texture":"#0"},"down":{"uv":[0.0,0.0,4.0,4.0],"tintindex":0,"rotation":0,"texture":"#0"}}},{"from":[7.0,10.0,1.0],"to":[7.0,19.0,7.0],"faces":{"east":{"uv":[5.5,8.0,4.0,10.25],"tintindex":0,"rotation":0,"texture":"#0"},"west":{"uv":[4.0,8.0,5.5,10.25],"tintindex":0,"rotation":0,"texture":"#0"}}},{"from":[3.8779726,8.0,8.120613],"to":[3.8779726,16.0,14.120613],"faces":{"east":{"uv":[9.5,6.25,8.0,8.25],"tintindex":0,"rotation":0,"texture":"#0"},"west":{"uv":[8.0,6.25,9.5,8.25],"tintindex":0,"rotation":0,"texture":"#0"}},"rotation":{"origin":[3.8779726,12.0,11.120613],"angle":-45.0,"axis":"y"}},{"from":[7.0,12.0,9.0],"to":[7.0,21.0,15.0],"faces":{"east":{"uv":[4.0,8.0,5.5,10.25],"tintindex":0,"rotation":0,"texture":"#0"},"west":{"uv":[5.5,8.0,4.0,10.25],"tintindex":0,"rotation":0,"texture":"#0"}}},{"from":[0.0,13.0,8.0],"to":[6.0,22.0,8.0],"faces":{"south":{"uv":[4.0,8.0,5.5,10.25],"tintindex":0,"rotation":0,"texture":"#0"},"north":{"uv":[5.5,8.0,4.0,10.25],"tintindex":0,"rotation":0,"texture":"#0"}}},{"from":[3.8786798,8.0,1.8786798],"to":[3.8786798,14.0,7.8786798],"faces":{"east":{"uv":[8.0,6.25,9.5,7.75],"tintindex":0,"rotation":0,"texture":"#0"},"west":{"uv":[9.5,6.25,8.0,7.75],"tintindex":0,"rotation":0,"texture":"#0"}},"rotation":{"origin":[3.8786798,12.0,4.8786798],"angle":45.0,"axis":"y"}},{"from":[8.0,11.0,8.0],"to":[14.0,20.0,8.0],"faces":{"south":{"uv":[5.5,8.0,4.0,10.25],"tintindex":0,"rotation":0,"texture":"#0"},"north":{"uv":[4.0,8.0,5.5,10.25],"tintindex":0,"rotation":0,"texture":"#0"}}},{"from":[10.121321,8.0,8.121321],"to":[10.121321,14.0,14.121321],"faces":{"east":{"uv":[9.5,6.25,8.0,7.75],"tintindex":0,"rotation":0,"texture":"#0"},"west":{"uv":[8.0,6.25,9.5,7.75],"tintindex":0,"rotation":0,"texture":"#0"}},"rotation":{"origin":[10.121321,12.0,11.121321],"angle":45.0,"axis":"y"}}],"display":{"gui":{"rotation":[30,225,0]}}}