{"textures":{"0":"modelengine:entity/parasite_bud"},"elements":[{"from":[5.0349245,8.427883,6.1173167],"to":[11.0349245,14.427883,12.117317],"faces":{"east":{"uv":[10.0,0.0,11.5,1.5],"tintindex":0,"rotation":0,"texture":"#0"},"south":{"uv":[1.5,10.0,3.0,11.5],"tintindex":0,"rotation":0,"texture":"#0"},"north":{"uv":[0.0,10.0,1.5,11.5],"tintindex":0,"rotation":0,"texture":"#0"},"west":{"uv":[10.0,1.5,11.5,3.0],"tintindex":0,"rotation":0,"texture":"#0"},"up":{"uv":[7.0,11.5,5.5,10.0],"tintindex":0,"rotation":0,"texture":"#0"},"down":{"uv":[11.5,7.0,10.0,8.5],"tintindex":0,"rotation":0,"texture":"#0"}}}],"display":{"gui":{"rotation":[30,225,0]}}}