{"textures":{"0":"modelengine:entity/parasite_bud"},"elements":[{"from":[4.75,4.75,4.75],"to":[11.25,11.25,11.25],"faces":{"east":{"uv":[8.5,8.25,10.0,9.75],"tintindex":0,"rotation":0,"texture":"#0"},"south":{"uv":[9.5,4.0,11.0,5.5],"tintindex":0,"rotation":0,"texture":"#0"},"north":{"uv":[7.0,8.25,8.5,9.75],"tintindex":0,"rotation":0,"texture":"#0"},"west":{"uv":[9.5,5.5,11.0,7.0],"tintindex":0,"rotation":0,"texture":"#0"},"up":{"uv":[8.5,11.25,7.0,9.75],"tintindex":0,"rotation":0,"texture":"#0"},"down":{"uv":[10.0,9.75,8.5,11.25],"tintindex":0,"rotation":0,"texture":"#0"}}}],"display":{"gui":{"rotation":[30,225,0]}}}