{"textures":{"0":"modelengine:entity/parasite_bud"},"elements":[{"from":[5.699709,8.65045,5.429674],"to":[11.699709,14.650451,11.429674],"faces":{"east":{"uv":[10.0,0.0,11.5,1.5],"tintindex":0,"rotation":0,"texture":"#0"},"south":{"uv":[1.5,10.0,3.0,11.5],"tintindex":0,"rotation":0,"texture":"#0"},"north":{"uv":[0.0,10.0,1.5,11.5],"tintindex":0,"rotation":0,"texture":"#0"},"west":{"uv":[10.0,1.5,11.5,3.0],"tintindex":0,"rotation":0,"texture":"#0"},"up":{"uv":[7.0,11.5,5.5,10.0],"tintindex":0,"rotation":0,"texture":"#0"},"down":{"uv":[11.5,7.0,10.0,8.5],"tintindex":0,"rotation":0,"texture":"#0"}}}],"display":{"gui":{"rotation":[30,225,0]}}}