{"textures":{"0":"modelengine:entity/parasite_bud"},"elements":[{"from":[3.6829748,8.460885,4.0],"to":[11.682975,16.460884,12.0],"faces":{"east":{"uv":[6.0,6.0,8.0,8.0],"tintindex":0,"rotation":0,"texture":"#0"},"south":{"uv":[0.0,8.0,2.0,10.0],"tintindex":0,"rotation":0,"texture":"#0"},"north":{"uv":[6.0,4.0,8.0,6.0],"tintindex":0,"rotation":0,"texture":"#0"},"west":{"uv":[8.0,0.0,10.0,2.0],"tintindex":0,"rotation":0,"texture":"#0"},"up":{"uv":[4.0,10.0,2.0,8.0],"tintindex":0,"rotation":0,"texture":"#0"},"down":{"uv":[10.0,2.0,8.0,4.0],"tintindex":0,"rotation":0,"texture":"#0"}}}],"display":{"gui":{"rotation":[30,225,0]}}}