{"textures":{"0":"modelengine:entity/parasite_bud"},"elements":[{"from":[3.75,3.75,3.75],"to":[12.25,12.25,12.25],"faces":{"east":{"uv":[4.0,2.0,6.0,4.0],"tintindex":0,"rotation":0,"texture":"#0"},"south":{"uv":[4.0,4.0,6.0,6.0],"tintindex":0,"rotation":0,"texture":"#0"},"north":{"uv":[4.0,0.0,6.0,2.0],"tintindex":0,"rotation":0,"texture":"#0"},"west":{"uv":[6.0,0.0,8.0,2.0],"tintindex":0,"rotation":0,"texture":"#0"},"up":{"uv":[8.0,4.0,6.0,2.0],"tintindex":0,"rotation":0,"texture":"#0"},"down":{"uv":[6.0,6.0,4.0,8.0],"tintindex":0,"rotation":0,"texture":"#0"}}}],"display":{"gui":{"rotation":[30,225,0]}}}