{"textures":{"0":"modelengine:entity/wizpiglin_2_rock"},"elements":[{"from":[2.9755378,6.6913276,6.0],"to":[7.975538,10.691328,10.0],"faces":{"east":{"uv":[6.5,0.5,7.5,1.5],"tintindex":0,"rotation":0,"texture":"#0"},"south":{"uv":[4.75,5.75,6.0,6.75],"tintindex":0,"rotation":0,"texture":"#0"},"north":{"uv":[6.25,3.75,7.5,4.75],"tintindex":0,"rotation":0,"texture":"#0"},"west":{"uv":[8.25,0.0,9.25,1.0],"tintindex":0,"rotation":0,"texture":"#0"},"up":{"uv":[5.0,5.0,3.75,4.0],"tintindex":0,"rotation":0,"texture":"#0"},"down":{"uv":[2.25,1.75,1.0,2.75],"tintindex":0,"rotation":0,"texture":"#0"}},"rotation":{"origin":[8.475538,14.691328,7.0],"angle":22.5,"axis":"z"}}],"display":{"gui":{"rotation":[30,225,0]}}}