{
    "group": "NORMAL",
    "maximumRate": {
        "amount": 8,
        "per": {"seconds": 15}
    },
    "timeBlock": {
        "startHour": 20,
        "endHour": 3
    },
    "maxEntitiesPerChunk": 5,
    "energyMultiplier": 0.95,
    "weather": "ANY",
    "spawns": [
        {
            "entity": "standard/hostile/zombie",
            "energyMultiplier": 0.885,
            "rarity": 1
        },
        {
            "entity": "standard/hostile/skeleton",
            "energyMultiplier": 1.35,
            "rarity": 4
        },
        {
            "entity": "standard/neutral/spider",
            "energyMultiplier": 1.15,
            "rarity": 3
        },
        {
            "entity": "standard/hostile/creeper",
            "energyMultiplier": 1.75,
            "rarity": 5
        },
        {
            "entity": "standard/neutral/enderman",
            "energyMultiplier": 2,
            "rarity": 5
        }
    ]
}
