{
    "fill": {"block": "minecraft:cave_air"},
    "verticalRange": {
        "max": 400,
        "min": 15
    },
    "customBiome": "carving/swamp",
    "fork": {
        "ravines": [
            {
                "rarity": 135,
                "ravine": "deep/main"
            },
            {
                "rarity": 255,
                "ravine": "amethyst/main"
            }
        ],
        "caves": [
            {
                "breakSurface": false,
                "cave": "swamp/small",
                "rarity": 110
            }
        ]
    },
    "worm": {
        "girth": {
            "max": 9,
            "min": 2,
            "style": {"style": "NOWHERE"}
        },
        "maxDistance": 70,
        "yStyle": {
            "min": -3,
            "max": 1,
            "generator": {
                "zoom": 3,
                "style": "STATIC"
            }
        },
        "xStyle": {
            "min": -9,
            "max": 9,
            "generator": {
                "zoom": 0.6,
                "style": "NOWHERE"
            }
        },
        "zStyle": {
            "min": -9,
            "max": 9,
            "generator": {
                "zoom": 0.6,
                "style": "NOWHERE"
            }
        }
    }
}
