{"textures":{"0":"modelengine:entity/wizpiglin_2_rock"},"elements":[{"from":[0.23952293,1.1067739,5.4],"to":[12.239523,7.106774,14.4],"faces":{"east":{"uv":[8.0,3.75,10.25,5.25],"tintindex":0,"rotation":0,"texture":"#0"},"south":{"uv":[4.75,5.75,7.75,7.25],"tintindex":0,"rotation":0,"texture":"#0"},"north":{"uv":[1.75,5.75,4.75,7.25],"tintindex":0,"rotation":0,"texture":"#0"},"west":{"uv":[8.25,0.0,10.5,1.5],"tintindex":0,"rotation":0,"texture":"#0"},"up":{"uv":[3.0,5.75,0.0,3.5],"tintindex":0,"rotation":0,"texture":"#0"},"down":{"uv":[6.0,3.5,3.0,5.75],"tintindex":0,"rotation":0,"texture":"#0"}},"rotation":{"origin":[7.739523,9.106773,6.4],"angle":22.5,"axis":"z"}},{"from":[7.239523,2.1067739,1.4000001],"to":[15.239523,10.106773,9.4],"faces":{"east":{"uv":[6.25,0.0,8.25,2.0],"tintindex":0,"rotation":0,"texture":"#0"},"south":{"uv":[1.75,7.25,3.75,9.25],"tintindex":0,"rotation":0,"texture":"#0"},"north":{"uv":[6.0,3.5,8.0,5.5],"tintindex":0,"rotation":0,"texture":"#0"},"west":{"uv":[3.75,7.25,5.75,9.25],"tintindex":0,"rotation":0,"texture":"#0"},"up":{"uv":[7.75,9.25,5.75,7.25],"tintindex":0,"rotation":0,"texture":"#0"},"down":{"uv":[9.75,5.5,7.75,7.5],"tintindex":0,"rotation":0,"texture":"#0"}},"rotation":{"origin":[11.239523,6.106774,5.4],"angle":-22.5,"axis":"x"}},{"from":[6.239523,7.106774,8.4],"to":[12.239523,16.106773,11.4],"faces":{"east":{"uv":[3.0,9.25,3.75,11.5],"tintindex":0,"rotation":0,"texture":"#0"},"south":{"uv":[1.5,9.25,3.0,11.5],"tintindex":0,"rotation":0,"texture":"#0"},"north":{"uv":[0.0,9.25,1.5,11.5],"tintindex":0,"rotation":0,"texture":"#0"},"west":{"uv":[3.75,9.25,4.5,11.5],"tintindex":0,"rotation":0,"texture":"#0"},"up":{"uv":[7.75,2.75,6.25,2.0],"tintindex":0,"rotation":0,"texture":"#0"},"down":{"uv":[7.75,2.75,6.25,3.5],"tintindex":0,"rotation":0,"texture":"#0"}},"rotation":{"origin":[7.739523,9.106773,6.4],"angle":22.5,"axis":"z"}},{"from":[3.239523,7.106774,8.4],"to":[6.239523,13.106773,11.4],"faces":{"east":{"uv":[5.25,9.25,6.0,10.75],"tintindex":0,"rotation":0,"texture":"#0"},"south":{"uv":[6.0,9.25,6.75,10.75],"tintindex":0,"rotation":0,"texture":"#0"},"north":{"uv":[4.5,9.25,5.25,10.75],"tintindex":0,"rotation":0,"texture":"#0"},"west":{"uv":[6.75,9.25,7.5,10.75],"tintindex":0,"rotation":0,"texture":"#0"},"up":{"uv":[8.25,10.0,7.5,9.25],"tintindex":0,"rotation":0,"texture":"#0"},"down":{"uv":[9.0,9.25,8.25,10.0],"tintindex":0,"rotation":0,"texture":"#0"}},"rotation":{"origin":[7.739523,9.106773,6.4],"angle":22.5,"axis":"z"}},{"from":[3.239523,2.1067739,1.4000001],"to":[12.239523,16.106773,8.4],"faces":{"east":{"uv":[4.5,0.0,6.25,3.5],"tintindex":0,"rotation":0,"texture":"#0"},"south":{"uv":[2.25,0.0,4.5,3.5],"tintindex":0,"rotation":0,"texture":"#0"},"north":{"uv":[0.0,0.0,2.25,3.5],"tintindex":0,"rotation":0,"texture":"#0"},"west":{"uv":[0.0,5.75,1.75,9.25],"tintindex":0,"rotation":0,"texture":"#0"},"up":{"uv":[10.0,9.25,7.75,7.5],"tintindex":0,"rotation":0,"texture":"#0"},"down":{"uv":[10.25,2.0,8.0,3.75],"tintindex":0,"rotation":0,"texture":"#0"}},"rotation":{"origin":[7.739523,9.106773,6.4],"angle":22.5,"axis":"z"}}],"display":{"gui":{"rotation":[30,225,0]}}}