{
  "parent": "minecraft:item/handheld_rod",
  "textures": {
    "layer0": "minecraft:item/carrot_on_a_stick"
  },
    "overrides": [
		{"predicate": {"custom_model_data":1}, "model": "littleroom_warden:warden_heart"},
		{"predicate": {"custom_model_data":2}, "model": "littleroom_warden:warden_sword"},
    {"predicate": {"custom_model_data":13370001}, "model": "littleroom_beholder:beholder_laser"},
		{"predicate": {"custom_model_data":13370003}, "model": "littleroom_beholder:beholder_laser_particle"},
		{"predicate": {"custom_model_data":13370002}, "model": "littleroom_beholder:beholder_laser_particle_billboard"},
		{"predicate": {"custom_model_data":13370004}, "model": "littleroom_beholder:eye_of_the_beholder_3d"},
    {"predicate": {"custom_model_data":13370021}, "model": "littleroom_eldric:spark"},
    {"predicate": {"custom_model_data":3}, "model": "littleroom_warden:warden_hat"},
		{"predicate": {"custom_model_data":2}, "model": "littleroom_warden:warden_pet"},
    {"predicate": {"custom_model_data":5}, "model": "littleroom_warden:warden_bow"}
        ]
}