{"overrides":[{"predicate":{"custom_model_data":1},"model":"modelengine:eldric/body"},{"predicate":{"custom_model_data":2},"model":"modelengine:eldric/head"},{"predicate":{"custom_model_data":3},"model":"modelengine:eldric/leg_right"},{"predicate":{"custom_model_data":4},"model":"modelengine:eldric/bicep_right"},{"predicate":{"custom_model_data":5},"model":"modelengine:eldric/bicep_left"},{"predicate":{"custom_model_data":6},"model":"modelengine:eldric/leg_left"},{"predicate":{"custom_model_data":7},"model":"modelengine:eldric/eyebrow_right"},{"predicate":{"custom_model_data":8},"model":"modelengine:eldric/jaw"},{"predicate":{"custom_model_data":9},"model":"modelengine:eldric/eyebrow_left"},{"predicate":{"custom_model_data":10},"model":"modelengine:eldric/foot_right"},{"predicate":{"custom_model_data":11},"model":"modelengine:eldric/forearm_right"},{"predicate":{"custom_model_data":12},"model":"modelengine:eldric/forearm_left"},{"predicate":{"custom_model_data":13},"model":"modelengine:eldric/foot_left"},{"predicate":{"custom_model_data":14},"model":"modelengine:eldric/beard_1"},{"predicate":{"custom_model_data":15},"model":"modelengine:eldric/chain_43"},{"predicate":{"custom_model_data":16},"model":"modelengine:eldric/chain_42"},{"predicate":{"custom_model_data":17},"model":"modelengine:eldric/chain_45"},{"predicate":{"custom_model_data":18},"model":"modelengine:eldric/chain_44"},{"predicate":{"custom_model_data":19},"model":"modelengine:eldric/chain_41"},{"predicate":{"custom_model_data":20},"model":"modelengine:eldric/chain_40"},{"predicate":{"custom_model_data":21},"model":"modelengine:eldric/chain_39"},{"predicate":{"custom_model_data":22},"model":"modelengine:eldric/chain_47"},{"predicate":{"custom_model_data":23},"model":"modelengine:eldric/chain_46"},{"predicate":{"custom_model_data":24},"model":"modelengine:eldric/chain_38"},{"predicate":{"custom_model_data":25},"model":"modelengine:eldric/chain_49"},{"predicate":{"custom_model_data":26},"model":"modelengine:eldric/chain_48"},{"predicate":{"custom_model_data":27},"model":"modelengine:eldric/hammer"},{"predicate":{"custom_model_data":28},"model":"modelengine:eldric/fingers_right"},{"predicate":{"custom_model_data":29},"model":"modelengine:eldric/chain_21"},{"predicate":{"custom_model_data":30},"model":"modelengine:eldric/chain_20"},{"predicate":{"custom_model_data":31},"model":"modelengine:eldric/chain_23"},{"predicate":{"custom_model_data":32},"model":"modelengine:eldric/chain_22"},{"predicate":{"custom_model_data":33},"model":"modelengine:eldric/chain_18"},{"predicate":{"custom_model_data":34},"model":"modelengine:eldric/chain_17"},{"predicate":{"custom_model_data":35},"model":"modelengine:eldric/chain_19"},{"predicate":{"custom_model_data":36},"model":"modelengine:eldric/chain_14"},{"predicate":{"custom_model_data":37},"model":"modelengine:eldric/chain_25"},{"predicate":{"custom_model_data":38},"model":"modelengine:eldric/chain_24"},{"predicate":{"custom_model_data":39},"model":"modelengine:eldric/chain_16"},{"predicate":{"custom_model_data":40},"model":"modelengine:eldric/chain_15"},{"predicate":{"custom_model_data":41},"model":"modelengine:eldric/chain_32"},{"predicate":{"custom_model_data":42},"model":"modelengine:eldric/chain_31"},{"predicate":{"custom_model_data":43},"model":"modelengine:eldric/chain_34"},{"predicate":{"custom_model_data":44},"model":"modelengine:eldric/chain_33"},{"predicate":{"custom_model_data":45},"model":"modelengine:eldric/chain_30"},{"predicate":{"custom_model_data":46},"model":"modelengine:eldric/chain_29"},{"predicate":{"custom_model_data":47},"model":"modelengine:eldric/chain_28"},{"predicate":{"custom_model_data":48},"model":"modelengine:eldric/chain_36"},{"predicate":{"custom_model_data":49},"model":"modelengine:eldric/chain_35"},{"predicate":{"custom_model_data":50},"model":"modelengine:eldric/chain_27"},{"predicate":{"custom_model_data":51},"model":"modelengine:eldric/chain_26"},{"predicate":{"custom_model_data":52},"model":"modelengine:eldric/chain_37"},{"predicate":{"custom_model_data":53},"model":"modelengine:eldric/fingers_left"},{"predicate":{"custom_model_data":54},"model":"modelengine:eldric/chain_7"},{"predicate":{"custom_model_data":55},"model":"modelengine:eldric/chain_10"},{"predicate":{"custom_model_data":56},"model":"modelengine:eldric/chain_6"},{"predicate":{"custom_model_data":57},"model":"modelengine:eldric/chain_9"},{"predicate":{"custom_model_data":58},"model":"modelengine:eldric/chain_12"},{"predicate":{"custom_model_data":59},"model":"modelengine:eldric/chain_8"},{"predicate":{"custom_model_data":60},"model":"modelengine:eldric/chain_11"},{"predicate":{"custom_model_data":61},"model":"modelengine:eldric/chain_3"},{"predicate":{"custom_model_data":62},"model":"modelengine:eldric/chain_2"},{"predicate":{"custom_model_data":63},"model":"modelengine:eldric/chain_13"},{"predicate":{"custom_model_data":64},"model":"modelengine:eldric/chain_5"},{"predicate":{"custom_model_data":65},"model":"modelengine:eldric/chain_4"},{"predicate":{"custom_model_data":66},"model":"modelengine:eldric/beard_2"},{"predicate":{"custom_model_data":67},"model":"modelengine:eldric/hammer_swirl_1"},{"predicate":{"custom_model_data":68},"model":"modelengine:eldric/hammer_swirl_2"},{"predicate":{"custom_model_data":69},"model":"modelengine:eldric/anvil_piece"},{"predicate":{"custom_model_data":70},"model":"modelengine:eldric_anvil/anvil"},{"predicate":{"custom_model_data":71},"model":"modelengine:eldric_lava_spike/ground_shard_4"},{"predicate":{"custom_model_data":72},"model":"modelengine:eldric_lava_spike/ground_shard_3"},{"predicate":{"custom_model_data":73},"model":"modelengine:eldric_lava_spike/ground_shard_2"},{"predicate":{"custom_model_data":74},"model":"modelengine:eldric_lava_spike/ground_shard_1"},{"predicate":{"custom_model_data":75},"model":"modelengine:eldric_lava_spike/groundcrack"},{"predicate":{"custom_model_data":76},"model":"modelengine:eldric_lava_spike/lava_shard"},{"predicate":{"custom_model_data":77},"model":"modelengine:eldric_megahit_fx/fx_1"},{"predicate":{"custom_model_data":78},"model":"modelengine:eldric_megahit_fx/fx_2"},{"predicate":{"custom_model_data":79},"model":"modelengine:eldric_megahit_fx/fx_3"},{"predicate":{"custom_model_data":80},"model":"modelengine:eldric_megahit_fx/fx_4"},{"predicate":{"custom_model_data":81},"model":"modelengine:eldric_scrapmetal/anvil_piece"},{"predicate":{"custom_model_data":82},"model":"modelengine:eldric_slam_fx/hexadecagon"},{"predicate":{"custom_model_data":83},"model":"modelengine:lrd_beholder/dead_body"},{"predicate":{"custom_model_data":84},"model":"modelengine:lrd_beholder/body"},{"predicate":{"custom_model_data":85},"model":"modelengine:lrd_beholder/broken_tentacle"},{"predicate":{"custom_model_data":86},"model":"modelengine:lrd_beholder/dead_bottom_eyelid"},{"predicate":{"custom_model_data":87},"model":"modelengine:lrd_beholder/veins_4"},{"predicate":{"custom_model_data":88},"model":"modelengine:lrd_beholder/right_horn"},{"predicate":{"custom_model_data":89},"model":"modelengine:lrd_beholder/right_jaw"},{"predicate":{"custom_model_data":90},"model":"modelengine:lrd_beholder/eyebrow"},{"predicate":{"custom_model_data":91},"model":"modelengine:lrd_beholder/veins_1"},{"predicate":{"custom_model_data":92},"model":"modelengine:lrd_beholder/glow_eyeball"},{"predicate":{"custom_model_data":93},"model":"modelengine:lrd_beholder/left_cheek"},{"predicate":{"custom_model_data":94},"model":"modelengine:lrd_beholder/right_cheek"},{"predicate":{"custom_model_data":95},"model":"modelengine:lrd_beholder/bottom_eyelid"},{"predicate":{"custom_model_data":96},"model":"modelengine:lrd_beholder/center_jaw"},{"predicate":{"custom_model_data":97},"model":"modelengine:lrd_beholder/left_horn"},{"predicate":{"custom_model_data":98},"model":"modelengine:lrd_beholder/left_jaw"},{"predicate":{"custom_model_data":99},"model":"modelengine:lrd_beholder/veins_5"},{"predicate":{"custom_model_data":100},"model":"modelengine:lrd_beholder/right_jaw_veins"},{"predicate":{"custom_model_data":101},"model":"modelengine:lrd_beholder/right_jaw_stretch"},{"predicate":{"custom_model_data":102},"model":"modelengine:lrd_beholder/veins_2"},{"predicate":{"custom_model_data":103},"model":"modelengine:lrd_beholder/pupil"},{"predicate":{"custom_model_data":104},"model":"modelengine:lrd_beholder/tentacle_8_1_cube5"},{"predicate":{"custom_model_data":105},"model":"modelengine:lrd_beholder/tentacle_8_1_cube4"},{"predicate":{"custom_model_data":106},"model":"modelengine:lrd_beholder/tongue_1"},{"predicate":{"custom_model_data":107},"model":"modelengine:lrd_beholder/center_jaw_veins"},{"predicate":{"custom_model_data":108},"model":"modelengine:lrd_beholder/tentacle_8_1_cube3"},{"predicate":{"custom_model_data":109},"model":"modelengine:lrd_beholder/tentacle_8_1_cube2"},{"predicate":{"custom_model_data":110},"model":"modelengine:lrd_beholder/tentacle_8_1_cube"},{"predicate":{"custom_model_data":111},"model":"modelengine:lrd_beholder/left_jaw_stretch"},{"predicate":{"custom_model_data":112},"model":"modelengine:lrd_beholder/left_jaw_veins"},{"predicate":{"custom_model_data":113},"model":"modelengine:lrd_beholder/veins_3"},{"predicate":{"custom_model_data":114},"model":"modelengine:lrd_beholder/tentacle_7_1_cube5"},{"predicate":{"custom_model_data":115},"model":"modelengine:lrd_beholder/tentacle_7_1_cube4"},{"predicate":{"custom_model_data":116},"model":"modelengine:lrd_beholder/tongue_2"},{"predicate":{"custom_model_data":117},"model":"modelengine:lrd_beholder/tentacle_7_1_cube3"},{"predicate":{"custom_model_data":118},"model":"modelengine:lrd_beholder/tentacle_7_1_cube2"},{"predicate":{"custom_model_data":119},"model":"modelengine:lrd_beholder/tentacle_7_1_cube"},{"predicate":{"custom_model_data":120},"model":"modelengine:lrd_beholder/tentacle_6_1_cube5"},{"predicate":{"custom_model_data":121},"model":"modelengine:lrd_beholder/tentacle_6_1_cube4"},{"predicate":{"custom_model_data":122},"model":"modelengine:lrd_beholder/tentacle_6_1_cube3"},{"predicate":{"custom_model_data":123},"model":"modelengine:lrd_beholder/tentacle_6_1_cube2"},{"predicate":{"custom_model_data":124},"model":"modelengine:lrd_beholder/tentacle_6_1_cube"},{"predicate":{"custom_model_data":125},"model":"modelengine:lrd_beholder/tentacle_5_1_cube5"},{"predicate":{"custom_model_data":126},"model":"modelengine:lrd_beholder/tentacle_5_1_cube4"},{"predicate":{"custom_model_data":127},"model":"modelengine:lrd_beholder/tentacle_5_1_cube3"},{"predicate":{"custom_model_data":128},"model":"modelengine:lrd_beholder/tentacle_5_1_cube2"},{"predicate":{"custom_model_data":129},"model":"modelengine:lrd_beholder/tentacle_5_1_cube"},{"predicate":{"custom_model_data":130},"model":"modelengine:lrd_beholder/tentacle_4_1_cube5"},{"predicate":{"custom_model_data":131},"model":"modelengine:lrd_beholder/tentacle_4_1_cube4"},{"predicate":{"custom_model_data":132},"model":"modelengine:lrd_beholder/tentacle_4_1_cube3"},{"predicate":{"custom_model_data":133},"model":"modelengine:lrd_beholder/tentacle_4_1_cube2"},{"predicate":{"custom_model_data":134},"model":"modelengine:lrd_beholder/tentacle_4_1_cube"},{"predicate":{"custom_model_data":135},"model":"modelengine:lrd_beholder/tentacle_3_1_cube5"},{"predicate":{"custom_model_data":136},"model":"modelengine:lrd_beholder/tentacle_3_1_cube4"},{"predicate":{"custom_model_data":137},"model":"modelengine:lrd_beholder/tentacle_3_1_cube3"},{"predicate":{"custom_model_data":138},"model":"modelengine:lrd_beholder/tentacle_3_1_cube2"},{"predicate":{"custom_model_data":139},"model":"modelengine:lrd_beholder/tentacle_3_1_cube"},{"predicate":{"custom_model_data":140},"model":"modelengine:lrd_beholder/tentacle_1_eyeball5"},{"predicate":{"custom_model_data":141},"model":"modelengine:lrd_beholder/tentacle_2_1_cube5"},{"predicate":{"custom_model_data":142},"model":"modelengine:lrd_beholder/tentacle_2_1_cube4"},{"predicate":{"custom_model_data":143},"model":"modelengine:lrd_beholder/tentacle_1_eyeball4"},{"predicate":{"custom_model_data":144},"model":"modelengine:lrd_beholder/tentacle_2_1_cube3"},{"predicate":{"custom_model_data":145},"model":"modelengine:lrd_beholder/tentacle_1_eyeball3"},{"predicate":{"custom_model_data":146},"model":"modelengine:lrd_beholder/tentacle_1_eyeball2"},{"predicate":{"custom_model_data":147},"model":"modelengine:lrd_beholder/tentacle_2_1_cube2"},{"predicate":{"custom_model_data":148},"model":"modelengine:lrd_beholder/tentacle_1_eyeball"},{"predicate":{"custom_model_data":149},"model":"modelengine:lrd_beholder/tentacle_2_1_cube"},{"predicate":{"custom_model_data":150},"model":"modelengine:lrd_beholder/glow_eyeball_5"},{"predicate":{"custom_model_data":151},"model":"modelengine:lrd_beholder/glow_eyeball_4"},{"predicate":{"custom_model_data":152},"model":"modelengine:lrd_beholder/glow_eyeball_3"},{"predicate":{"custom_model_data":153},"model":"modelengine:lrd_beholder/glow_eyeball_2"},{"predicate":{"custom_model_data":154},"model":"modelengine:lrd_beholder/glow_eyeball_laser_1"},{"predicate":{"custom_model_data":155},"model":"modelengine:lrd_beholder/glow_eyeball_1"},{"predicate":{"custom_model_data":156},"model":"modelengine:lrd_beholder/glow_eyeball_laser_5"},{"predicate":{"custom_model_data":157},"model":"modelengine:lrd_beholder/glow_eyeball_laser_4"},{"predicate":{"custom_model_data":158},"model":"modelengine:lrd_beholder/glow_eyeball_laser_3"},{"predicate":{"custom_model_data":159},"model":"modelengine:lrd_beholder/glow_eyeball_laser_2"},{"predicate":{"custom_model_data":160},"model":"modelengine:lrd_beholder_gibs/left_horn"},{"predicate":{"custom_model_data":161},"model":"modelengine:lrd_beholder_gibs/eye_ball"},{"predicate":{"custom_model_data":162},"model":"modelengine:lrd_beholder_gibs/gib_1"},{"predicate":{"custom_model_data":163},"model":"modelengine:lrd_beholder_gibs/gib_2"},{"predicate":{"custom_model_data":164},"model":"modelengine:mega_warden/rock5"},{"predicate":{"custom_model_data":165},"model":"modelengine:mega_warden/rock3"},{"predicate":{"custom_model_data":166},"model":"modelengine:mega_warden/rock4"},{"predicate":{"custom_model_data":167},"model":"modelengine:mega_warden/lower_torso"},{"predicate":{"custom_model_data":168},"model":"modelengine:mega_warden/rock1"},{"predicate":{"custom_model_data":169},"model":"modelengine:mega_warden/rock2"},{"predicate":{"custom_model_data":170},"model":"modelengine:mega_warden/left_leg"},{"predicate":{"custom_model_data":171},"model":"modelengine:mega_warden/right_leg"},{"predicate":{"custom_model_data":172},"model":"modelengine:mega_warden/right_ribs2"},{"predicate":{"custom_model_data":173},"model":"modelengine:mega_warden/left_ribs2"},{"predicate":{"custom_model_data":174},"model":"modelengine:mega_warden/upper_torso"},{"predicate":{"custom_model_data":175},"model":"modelengine:mega_warden/left_foot"},{"predicate":{"custom_model_data":176},"model":"modelengine:mega_warden/right_foot"},{"predicate":{"custom_model_data":177},"model":"modelengine:mega_warden/head"},{"predicate":{"custom_model_data":178},"model":"modelengine:mega_warden/spirit_1_4"},{"predicate":{"custom_model_data":179},"model":"modelengine:mega_warden/right_arm"},{"predicate":{"custom_model_data":180},"model":"modelengine:mega_warden/left_arm"},{"predicate":{"custom_model_data":181},"model":"modelengine:mega_warden/right_ribs1"},{"predicate":{"custom_model_data":182},"model":"modelengine:mega_warden/left_ribs1"},{"predicate":{"custom_model_data":183},"model":"modelengine:mega_warden/spirit_1_1"},{"predicate":{"custom_model_data":184},"model":"modelengine:mega_warden/antler_sensor3"},{"predicate":{"custom_model_data":185},"model":"modelengine:mega_warden/jaw"},{"predicate":{"custom_model_data":186},"model":"modelengine:mega_warden/antler_vines2"},{"predicate":{"custom_model_data":187},"model":"modelengine:mega_warden/antler_vines"},{"predicate":{"custom_model_data":188},"model":"modelengine:mega_warden/antler_sensor"},{"predicate":{"custom_model_data":189},"model":"modelengine:mega_warden/spirit_1_5"},{"predicate":{"custom_model_data":190},"model":"modelengine:mega_warden/right_forearm"},{"predicate":{"custom_model_data":191},"model":"modelengine:mega_warden/left_forearm"},{"predicate":{"custom_model_data":192},"model":"modelengine:mega_warden/spirit_1_2"},{"predicate":{"custom_model_data":193},"model":"modelengine:mega_warden/drool"},{"predicate":{"custom_model_data":194},"model":"modelengine:mega_warden/spirit_1_6"},{"predicate":{"custom_model_data":195},"model":"modelengine:mega_warden/swipe_fx2"},{"predicate":{"custom_model_data":196},"model":"modelengine:mega_warden/right_finger_1_3"},{"predicate":{"custom_model_data":197},"model":"modelengine:mega_warden/right_finger_1_1"},{"predicate":{"custom_model_data":198},"model":"modelengine:mega_warden/right_finger_1_5"},{"predicate":{"custom_model_data":199},"model":"modelengine:mega_warden/left_finger_1_3"},{"predicate":{"custom_model_data":200},"model":"modelengine:mega_warden/left_finger_1_1"},{"predicate":{"custom_model_data":201},"model":"modelengine:mega_warden/swipe_fx"},{"predicate":{"custom_model_data":202},"model":"modelengine:mega_warden/left_finger_1_5"},{"predicate":{"custom_model_data":203},"model":"modelengine:mega_warden/spirit_1_3"},{"predicate":{"custom_model_data":204},"model":"modelengine:mega_warden/right_finger_1_4"},{"predicate":{"custom_model_data":205},"model":"modelengine:mega_warden/right_finger_1_2"},{"predicate":{"custom_model_data":206},"model":"modelengine:mega_warden/right_finger_1_6"},{"predicate":{"custom_model_data":207},"model":"modelengine:mega_warden/left_finger_1_4"},{"predicate":{"custom_model_data":208},"model":"modelengine:mega_warden/left_finger_1_2"},{"predicate":{"custom_model_data":209},"model":"modelengine:mega_warden/left_finger_1_6"},{"predicate":{"custom_model_data":210},"model":"modelengine:mega_warden_damage/rock5"},{"predicate":{"custom_model_data":211},"model":"modelengine:mega_warden_damage/rock3"},{"predicate":{"custom_model_data":212},"model":"modelengine:mega_warden_damage/rock4"},{"predicate":{"custom_model_data":213},"model":"modelengine:mega_warden_damage/lower_torso"},{"predicate":{"custom_model_data":214},"model":"modelengine:mega_warden_damage/rock1"},{"predicate":{"custom_model_data":215},"model":"modelengine:mega_warden_damage/rock2"},{"predicate":{"custom_model_data":216},"model":"modelengine:mega_warden_damage/left_leg"},{"predicate":{"custom_model_data":217},"model":"modelengine:mega_warden_damage/right_leg"},{"predicate":{"custom_model_data":218},"model":"modelengine:mega_warden_damage/right_ribs2"},{"predicate":{"custom_model_data":219},"model":"modelengine:mega_warden_damage/left_ribs2"},{"predicate":{"custom_model_data":220},"model":"modelengine:mega_warden_damage/upper_torso"},{"predicate":{"custom_model_data":221},"model":"modelengine:mega_warden_damage/left_foot"},{"predicate":{"custom_model_data":222},"model":"modelengine:mega_warden_damage/right_foot"},{"predicate":{"custom_model_data":223},"model":"modelengine:mega_warden_damage/head"},{"predicate":{"custom_model_data":224},"model":"modelengine:mega_warden_damage/spirit_1_4"},{"predicate":{"custom_model_data":225},"model":"modelengine:mega_warden_damage/right_arm"},{"predicate":{"custom_model_data":226},"model":"modelengine:mega_warden_damage/left_arm"},{"predicate":{"custom_model_data":227},"model":"modelengine:mega_warden_damage/right_ribs1"},{"predicate":{"custom_model_data":228},"model":"modelengine:mega_warden_damage/left_ribs1"},{"predicate":{"custom_model_data":229},"model":"modelengine:mega_warden_damage/spirit_1_1"},{"predicate":{"custom_model_data":230},"model":"modelengine:mega_warden_damage/antler_sensor3"},{"predicate":{"custom_model_data":231},"model":"modelengine:mega_warden_damage/jaw"},{"predicate":{"custom_model_data":232},"model":"modelengine:mega_warden_damage/antler_vines2"},{"predicate":{"custom_model_data":233},"model":"modelengine:mega_warden_damage/antler_vines"},{"predicate":{"custom_model_data":234},"model":"modelengine:mega_warden_damage/antler_sensor"},{"predicate":{"custom_model_data":235},"model":"modelengine:mega_warden_damage/spirit_1_5"},{"predicate":{"custom_model_data":236},"model":"modelengine:mega_warden_damage/right_forearm"},{"predicate":{"custom_model_data":237},"model":"modelengine:mega_warden_damage/left_forearm"},{"predicate":{"custom_model_data":238},"model":"modelengine:mega_warden_damage/spirit_1_2"},{"predicate":{"custom_model_data":239},"model":"modelengine:mega_warden_damage/drool"},{"predicate":{"custom_model_data":240},"model":"modelengine:mega_warden_damage/spirit_1_6"},{"predicate":{"custom_model_data":241},"model":"modelengine:mega_warden_damage/swipe_fx2"},{"predicate":{"custom_model_data":242},"model":"modelengine:mega_warden_damage/right_finger_1_3"},{"predicate":{"custom_model_data":243},"model":"modelengine:mega_warden_damage/right_finger_1_1"},{"predicate":{"custom_model_data":244},"model":"modelengine:mega_warden_damage/right_finger_1_5"},{"predicate":{"custom_model_data":245},"model":"modelengine:mega_warden_damage/left_finger_1_3"},{"predicate":{"custom_model_data":246},"model":"modelengine:mega_warden_damage/left_finger_1_1"},{"predicate":{"custom_model_data":247},"model":"modelengine:mega_warden_damage/swipe_fx"},{"predicate":{"custom_model_data":248},"model":"modelengine:mega_warden_damage/left_finger_1_5"},{"predicate":{"custom_model_data":249},"model":"modelengine:mega_warden_damage/spirit_1_3"},{"predicate":{"custom_model_data":250},"model":"modelengine:mega_warden_damage/right_finger_1_4"},{"predicate":{"custom_model_data":251},"model":"modelengine:mega_warden_damage/right_finger_1_2"},{"predicate":{"custom_model_data":252},"model":"modelengine:mega_warden_damage/right_finger_1_6"},{"predicate":{"custom_model_data":253},"model":"modelengine:mega_warden_damage/left_finger_1_4"},{"predicate":{"custom_model_data":254},"model":"modelengine:mega_warden_damage/left_finger_1_2"},{"predicate":{"custom_model_data":255},"model":"modelengine:mega_warden_damage/left_finger_1_6"},{"predicate":{"custom_model_data":256},"model":"modelengine:mega_warden_hidden/lower_torso"},{"predicate":{"custom_model_data":257},"model":"modelengine:mega_warden_hidden/left_leg"},{"predicate":{"custom_model_data":258},"model":"modelengine:mega_warden_hidden/right_leg"},{"predicate":{"custom_model_data":259},"model":"modelengine:mega_warden_hidden/right_ribs2"},{"predicate":{"custom_model_data":260},"model":"modelengine:mega_warden_hidden/left_ribs2"},{"predicate":{"custom_model_data":261},"model":"modelengine:mega_warden_hidden/upper_torso"},{"predicate":{"custom_model_data":262},"model":"modelengine:mega_warden_hidden/left_foot"},{"predicate":{"custom_model_data":263},"model":"modelengine:mega_warden_hidden/right_foot"},{"predicate":{"custom_model_data":264},"model":"modelengine:mega_warden_hidden/head"},{"predicate":{"custom_model_data":265},"model":"modelengine:mega_warden_hidden/spirit_1_4"},{"predicate":{"custom_model_data":266},"model":"modelengine:mega_warden_hidden/right_arm"},{"predicate":{"custom_model_data":267},"model":"modelengine:mega_warden_hidden/left_arm"},{"predicate":{"custom_model_data":268},"model":"modelengine:mega_warden_hidden/right_ribs1"},{"predicate":{"custom_model_data":269},"model":"modelengine:mega_warden_hidden/left_ribs1"},{"predicate":{"custom_model_data":270},"model":"modelengine:mega_warden_hidden/spirit_1_1"},{"predicate":{"custom_model_data":271},"model":"modelengine:mega_warden_hidden/antler_sensor3"},{"predicate":{"custom_model_data":272},"model":"modelengine:mega_warden_hidden/jaw"},{"predicate":{"custom_model_data":273},"model":"modelengine:mega_warden_hidden/antler_vines2"},{"predicate":{"custom_model_data":274},"model":"modelengine:mega_warden_hidden/antler_vines"},{"predicate":{"custom_model_data":275},"model":"modelengine:mega_warden_hidden/antler_sensor"},{"predicate":{"custom_model_data":276},"model":"modelengine:mega_warden_hidden/spirit_1_5"},{"predicate":{"custom_model_data":277},"model":"modelengine:mega_warden_hidden/right_forearm"},{"predicate":{"custom_model_data":278},"model":"modelengine:mega_warden_hidden/left_forearm"},{"predicate":{"custom_model_data":279},"model":"modelengine:mega_warden_hidden/spirit_1_2"},{"predicate":{"custom_model_data":280},"model":"modelengine:mega_warden_hidden/drool"},{"predicate":{"custom_model_data":281},"model":"modelengine:mega_warden_hidden/spirit_1_6"},{"predicate":{"custom_model_data":282},"model":"modelengine:mega_warden_hidden/swipe_fx2"},{"predicate":{"custom_model_data":283},"model":"modelengine:mega_warden_hidden/right_finger_1_3"},{"predicate":{"custom_model_data":284},"model":"modelengine:mega_warden_hidden/right_finger_1_1"},{"predicate":{"custom_model_data":285},"model":"modelengine:mega_warden_hidden/right_finger_1_5"},{"predicate":{"custom_model_data":286},"model":"modelengine:mega_warden_hidden/left_finger_1_3"},{"predicate":{"custom_model_data":287},"model":"modelengine:mega_warden_hidden/left_finger_1_1"},{"predicate":{"custom_model_data":288},"model":"modelengine:mega_warden_hidden/swipe_fx"},{"predicate":{"custom_model_data":289},"model":"modelengine:mega_warden_hidden/left_finger_1_5"},{"predicate":{"custom_model_data":290},"model":"modelengine:mega_warden_hidden/spirit_1_3"},{"predicate":{"custom_model_data":291},"model":"modelengine:mega_warden_hidden/right_finger_1_4"},{"predicate":{"custom_model_data":292},"model":"modelengine:mega_warden_hidden/right_finger_1_2"},{"predicate":{"custom_model_data":293},"model":"modelengine:mega_warden_hidden/right_finger_1_6"},{"predicate":{"custom_model_data":294},"model":"modelengine:mega_warden_hidden/left_finger_1_4"},{"predicate":{"custom_model_data":295},"model":"modelengine:mega_warden_hidden/left_finger_1_2"},{"predicate":{"custom_model_data":296},"model":"modelengine:mega_warden_hidden/left_finger_1_6"},{"predicate":{"custom_model_data":297},"model":"modelengine:mega_warden_pet/torso"},{"predicate":{"custom_model_data":298},"model":"modelengine:mega_warden_pet/head"},{"predicate":{"custom_model_data":299},"model":"modelengine:mega_warden_pet/left_leg"},{"predicate":{"custom_model_data":300},"model":"modelengine:mega_warden_pet/right_arm"},{"predicate":{"custom_model_data":301},"model":"modelengine:mega_warden_pet/right_leg"},{"predicate":{"custom_model_data":302},"model":"modelengine:mega_warden_pet/left_arm"},{"predicate":{"custom_model_data":303},"model":"modelengine:mega_warden_pet/drool"},{"predicate":{"custom_model_data":304},"model":"modelengine:mega_warden_rocks/rock3"},{"predicate":{"custom_model_data":305},"model":"modelengine:mega_warden_rocks/rock4"},{"predicate":{"custom_model_data":306},"model":"modelengine:mega_warden_rocks/rock1"},{"predicate":{"custom_model_data":307},"model":"modelengine:mega_warden_rocks/rock2"},{"predicate":{"custom_model_data":308},"model":"modelengine:mega_warden_rocks/rock5"},{"predicate":{"custom_model_data":309},"model":"modelengine:ghastling_2/base"},{"predicate":{"custom_model_data":310},"model":"modelengine:ghastling_2/tentacle1"},{"predicate":{"custom_model_data":311},"model":"modelengine:ghastling_2/top"},{"predicate":{"custom_model_data":312},"model":"modelengine:ghastling_2/head2"},{"predicate":{"custom_model_data":313},"model":"modelengine:ghastling_2/tentacle2"},{"predicate":{"custom_model_data":314},"model":"modelengine:ghastling_2/tentacle3"},{"predicate":{"custom_model_data":315},"model":"modelengine:ghastling_2_chunks/chunk"},{"predicate":{"custom_model_data":316},"model":"modelengine:ghastling_2_parts/base"},{"predicate":{"custom_model_data":317},"model":"modelengine:ghastling_2_parts/tentacle1"},{"predicate":{"custom_model_data":318},"model":"modelengine:ghastling_2_parts/top"},{"predicate":{"custom_model_data":319},"model":"modelengine:ghastling_2_parts/head2"},{"predicate":{"custom_model_data":320},"model":"modelengine:ghastling_2_parts/tentacle2"},{"predicate":{"custom_model_data":321},"model":"modelengine:ghastling_2_parts/tentacle3"},{"predicate":{"custom_model_data":322},"model":"modelengine:wizpiglin_2/body"},{"predicate":{"custom_model_data":323},"model":"modelengine:wizpiglin_2/head"},{"predicate":{"custom_model_data":324},"model":"modelengine:wizpiglin_2/left_leg"},{"predicate":{"custom_model_data":325},"model":"modelengine:wizpiglin_2/left_arm"},{"predicate":{"custom_model_data":326},"model":"modelengine:wizpiglin_2/right_leg"},{"predicate":{"custom_model_data":327},"model":"modelengine:wizpiglin_2/tabard3"},{"predicate":{"custom_model_data":328},"model":"modelengine:wizpiglin_2/tabard2"},{"predicate":{"custom_model_data":329},"model":"modelengine:wizpiglin_2/left_foot"},{"predicate":{"custom_model_data":330},"model":"modelengine:wizpiglin_2/left_forearm"},{"predicate":{"custom_model_data":331},"model":"modelengine:wizpiglin_2/right_foot"},{"predicate":{"custom_model_data":332},"model":"modelengine:wizpiglin_2/tabard5"},{"predicate":{"custom_model_data":333},"model":"modelengine:wizpiglin_2/left_hand"},{"predicate":{"custom_model_data":334},"model":"modelengine:wizpiglin_2_groundcrack/base"},{"predicate":{"custom_model_data":335},"model":"modelengine:wizpiglin_2_parts/left_hand2_open"},{"predicate":{"custom_model_data":336},"model":"modelengine:wizpiglin_2_parts/blank"},{"predicate":{"custom_model_data":337},"model":"modelengine:wizpiglin_2_rift_h/rift"},{"predicate":{"custom_model_data":338},"model":"modelengine:wizpiglin_2_rift_h/rift_shard1"},{"predicate":{"custom_model_data":339},"model":"modelengine:wizpiglin_2_rift_h/rift_shard2"},{"predicate":{"custom_model_data":340},"model":"modelengine:wizpiglin_2_rift_v/rift"},{"predicate":{"custom_model_data":341},"model":"modelengine:wizpiglin_2_rift_v/left_forearm"},{"predicate":{"custom_model_data":342},"model":"modelengine:wizpiglin_2_rift_v/rift_shard1"},{"predicate":{"custom_model_data":343},"model":"modelengine:wizpiglin_2_rift_v/rift_shard2"},{"predicate":{"custom_model_data":344},"model":"modelengine:wizpiglin_2_rift_v/left_hand"},{"predicate":{"custom_model_data":345},"model":"modelengine:wizpiglin_2_rock/base"},{"predicate":{"custom_model_data":346},"model":"modelengine:wizpiglin_2_rock_debris/base"},{"predicate":{"custom_model_data":347},"model":"modelengine:wizpiglin_2_shot/bullet"},{"predicate":{"custom_model_data":348},"model":"modelengine:wizpiglin_2_shot/arcs"}],"parent":"minecraft:item/generated","textures":{"layer0":"minecraft:item/leather_horse_armor"}}