{"overrides":[{"predicate":{"custom_model_data":1},"model":"modelengine:lrd_beholder/dead_body"},{"predicate":{"custom_model_data":2},"model":"modelengine:lrd_beholder/body"},{"predicate":{"custom_model_data":3},"model":"modelengine:lrd_beholder/broken_tentacle"},{"predicate":{"custom_model_data":4},"model":"modelengine:lrd_beholder/dead_bottom_eyelid"},{"predicate":{"custom_model_data":5},"model":"modelengine:lrd_beholder/veins_4"},{"predicate":{"custom_model_data":6},"model":"modelengine:lrd_beholder/right_horn"},{"predicate":{"custom_model_data":7},"model":"modelengine:lrd_beholder/right_jaw"},{"predicate":{"custom_model_data":8},"model":"modelengine:lrd_beholder/eyebrow"},{"predicate":{"custom_model_data":9},"model":"modelengine:lrd_beholder/veins_1"},{"predicate":{"custom_model_data":10},"model":"modelengine:lrd_beholder/glow_eyeball"},{"predicate":{"custom_model_data":11},"model":"modelengine:lrd_beholder/left_cheek"},{"predicate":{"custom_model_data":12},"model":"modelengine:lrd_beholder/right_cheek"},{"predicate":{"custom_model_data":13},"model":"modelengine:lrd_beholder/bottom_eyelid"},{"predicate":{"custom_model_data":14},"model":"modelengine:lrd_beholder/center_jaw"},{"predicate":{"custom_model_data":15},"model":"modelengine:lrd_beholder/left_horn"},{"predicate":{"custom_model_data":16},"model":"modelengine:lrd_beholder/left_jaw"},{"predicate":{"custom_model_data":17},"model":"modelengine:lrd_beholder/veins_5"},{"predicate":{"custom_model_data":18},"model":"modelengine:lrd_beholder/right_jaw_veins"},{"predicate":{"custom_model_data":19},"model":"modelengine:lrd_beholder/right_jaw_stretch"},{"predicate":{"custom_model_data":20},"model":"modelengine:lrd_beholder/veins_2"},{"predicate":{"custom_model_data":21},"model":"modelengine:lrd_beholder/pupil"},{"predicate":{"custom_model_data":22},"model":"modelengine:lrd_beholder/tentacle_8_1_cube5"},{"predicate":{"custom_model_data":23},"model":"modelengine:lrd_beholder/tentacle_8_1_cube4"},{"predicate":{"custom_model_data":24},"model":"modelengine:lrd_beholder/tongue_1"},{"predicate":{"custom_model_data":25},"model":"modelengine:lrd_beholder/center_jaw_veins"},{"predicate":{"custom_model_data":26},"model":"modelengine:lrd_beholder/tentacle_8_1_cube3"},{"predicate":{"custom_model_data":27},"model":"modelengine:lrd_beholder/tentacle_8_1_cube2"},{"predicate":{"custom_model_data":28},"model":"modelengine:lrd_beholder/tentacle_8_1_cube"},{"predicate":{"custom_model_data":29},"model":"modelengine:lrd_beholder/left_jaw_stretch"},{"predicate":{"custom_model_data":30},"model":"modelengine:lrd_beholder/left_jaw_veins"},{"predicate":{"custom_model_data":31},"model":"modelengine:lrd_beholder/veins_3"},{"predicate":{"custom_model_data":32},"model":"modelengine:lrd_beholder/tentacle_7_1_cube5"},{"predicate":{"custom_model_data":33},"model":"modelengine:lrd_beholder/tentacle_7_1_cube4"},{"predicate":{"custom_model_data":34},"model":"modelengine:lrd_beholder/tongue_2"},{"predicate":{"custom_model_data":35},"model":"modelengine:lrd_beholder/tentacle_7_1_cube3"},{"predicate":{"custom_model_data":36},"model":"modelengine:lrd_beholder/tentacle_7_1_cube2"},{"predicate":{"custom_model_data":37},"model":"modelengine:lrd_beholder/tentacle_7_1_cube"},{"predicate":{"custom_model_data":38},"model":"modelengine:lrd_beholder/tentacle_6_1_cube5"},{"predicate":{"custom_model_data":39},"model":"modelengine:lrd_beholder/tentacle_6_1_cube4"},{"predicate":{"custom_model_data":40},"model":"modelengine:lrd_beholder/tentacle_6_1_cube3"},{"predicate":{"custom_model_data":41},"model":"modelengine:lrd_beholder/tentacle_6_1_cube2"},{"predicate":{"custom_model_data":42},"model":"modelengine:lrd_beholder/tentacle_6_1_cube"},{"predicate":{"custom_model_data":43},"model":"modelengine:lrd_beholder/tentacle_5_1_cube5"},{"predicate":{"custom_model_data":44},"model":"modelengine:lrd_beholder/tentacle_5_1_cube4"},{"predicate":{"custom_model_data":45},"model":"modelengine:lrd_beholder/tentacle_5_1_cube3"},{"predicate":{"custom_model_data":46},"model":"modelengine:lrd_beholder/tentacle_5_1_cube2"},{"predicate":{"custom_model_data":47},"model":"modelengine:lrd_beholder/tentacle_5_1_cube"},{"predicate":{"custom_model_data":48},"model":"modelengine:lrd_beholder/tentacle_4_1_cube5"},{"predicate":{"custom_model_data":49},"model":"modelengine:lrd_beholder/tentacle_4_1_cube4"},{"predicate":{"custom_model_data":50},"model":"modelengine:lrd_beholder/tentacle_4_1_cube3"},{"predicate":{"custom_model_data":51},"model":"modelengine:lrd_beholder/tentacle_4_1_cube2"},{"predicate":{"custom_model_data":52},"model":"modelengine:lrd_beholder/tentacle_4_1_cube"},{"predicate":{"custom_model_data":53},"model":"modelengine:lrd_beholder/tentacle_3_1_cube5"},{"predicate":{"custom_model_data":54},"model":"modelengine:lrd_beholder/tentacle_3_1_cube4"},{"predicate":{"custom_model_data":55},"model":"modelengine:lrd_beholder/tentacle_3_1_cube3"},{"predicate":{"custom_model_data":56},"model":"modelengine:lrd_beholder/tentacle_3_1_cube2"},{"predicate":{"custom_model_data":57},"model":"modelengine:lrd_beholder/tentacle_3_1_cube"},{"predicate":{"custom_model_data":58},"model":"modelengine:lrd_beholder/tentacle_1_eyeball5"},{"predicate":{"custom_model_data":59},"model":"modelengine:lrd_beholder/tentacle_2_1_cube5"},{"predicate":{"custom_model_data":60},"model":"modelengine:lrd_beholder/tentacle_2_1_cube4"},{"predicate":{"custom_model_data":61},"model":"modelengine:lrd_beholder/tentacle_1_eyeball4"},{"predicate":{"custom_model_data":62},"model":"modelengine:lrd_beholder/tentacle_2_1_cube3"},{"predicate":{"custom_model_data":63},"model":"modelengine:lrd_beholder/tentacle_1_eyeball3"},{"predicate":{"custom_model_data":64},"model":"modelengine:lrd_beholder/tentacle_1_eyeball2"},{"predicate":{"custom_model_data":65},"model":"modelengine:lrd_beholder/tentacle_2_1_cube2"},{"predicate":{"custom_model_data":66},"model":"modelengine:lrd_beholder/tentacle_1_eyeball"},{"predicate":{"custom_model_data":67},"model":"modelengine:lrd_beholder/tentacle_2_1_cube"},{"predicate":{"custom_model_data":68},"model":"modelengine:lrd_beholder/glow_eyeball_5"},{"predicate":{"custom_model_data":69},"model":"modelengine:lrd_beholder/glow_eyeball_4"},{"predicate":{"custom_model_data":70},"model":"modelengine:lrd_beholder/glow_eyeball_3"},{"predicate":{"custom_model_data":71},"model":"modelengine:lrd_beholder/glow_eyeball_2"},{"predicate":{"custom_model_data":72},"model":"modelengine:lrd_beholder/glow_eyeball_laser_1"},{"predicate":{"custom_model_data":73},"model":"modelengine:lrd_beholder/glow_eyeball_1"},{"predicate":{"custom_model_data":74},"model":"modelengine:lrd_beholder/glow_eyeball_laser_5"},{"predicate":{"custom_model_data":75},"model":"modelengine:lrd_beholder/glow_eyeball_laser_4"},{"predicate":{"custom_model_data":76},"model":"modelengine:lrd_beholder/glow_eyeball_laser_3"},{"predicate":{"custom_model_data":77},"model":"modelengine:lrd_beholder/glow_eyeball_laser_2"},{"predicate":{"custom_model_data":78},"model":"modelengine:lrd_beholder_gibs/left_horn"},{"predicate":{"custom_model_data":79},"model":"modelengine:lrd_beholder_gibs/eye_ball"},{"predicate":{"custom_model_data":80},"model":"modelengine:lrd_beholder_gibs/gib_1"},{"predicate":{"custom_model_data":81},"model":"modelengine:lrd_beholder_gibs/gib_2"}],"parent":"minecraft:item/generated","textures":{"layer0":"minecraft:item/leather_horse_armor"}}