{"overrides":[{"predicate":{"custom_model_data":1},"model":"modelengine:eldric/body"},{"predicate":{"custom_model_data":2},"model":"modelengine:eldric/head"},{"predicate":{"custom_model_data":3},"model":"modelengine:eldric/leg_right"},{"predicate":{"custom_model_data":4},"model":"modelengine:eldric/bicep_right"},{"predicate":{"custom_model_data":5},"model":"modelengine:eldric/bicep_left"},{"predicate":{"custom_model_data":6},"model":"modelengine:eldric/leg_left"},{"predicate":{"custom_model_data":7},"model":"modelengine:eldric/eyebrow_right"},{"predicate":{"custom_model_data":8},"model":"modelengine:eldric/jaw"},{"predicate":{"custom_model_data":9},"model":"modelengine:eldric/eyebrow_left"},{"predicate":{"custom_model_data":10},"model":"modelengine:eldric/foot_right"},{"predicate":{"custom_model_data":11},"model":"modelengine:eldric/forearm_right"},{"predicate":{"custom_model_data":12},"model":"modelengine:eldric/forearm_left"},{"predicate":{"custom_model_data":13},"model":"modelengine:eldric/foot_left"},{"predicate":{"custom_model_data":14},"model":"modelengine:eldric/beard_1"},{"predicate":{"custom_model_data":15},"model":"modelengine:eldric/chain_43"},{"predicate":{"custom_model_data":16},"model":"modelengine:eldric/chain_42"},{"predicate":{"custom_model_data":17},"model":"modelengine:eldric/chain_45"},{"predicate":{"custom_model_data":18},"model":"modelengine:eldric/chain_44"},{"predicate":{"custom_model_data":19},"model":"modelengine:eldric/chain_41"},{"predicate":{"custom_model_data":20},"model":"modelengine:eldric/chain_40"},{"predicate":{"custom_model_data":21},"model":"modelengine:eldric/chain_39"},{"predicate":{"custom_model_data":22},"model":"modelengine:eldric/chain_47"},{"predicate":{"custom_model_data":23},"model":"modelengine:eldric/chain_46"},{"predicate":{"custom_model_data":24},"model":"modelengine:eldric/chain_38"},{"predicate":{"custom_model_data":25},"model":"modelengine:eldric/chain_49"},{"predicate":{"custom_model_data":26},"model":"modelengine:eldric/chain_48"},{"predicate":{"custom_model_data":27},"model":"modelengine:eldric/hammer"},{"predicate":{"custom_model_data":28},"model":"modelengine:eldric/fingers_right"},{"predicate":{"custom_model_data":29},"model":"modelengine:eldric/chain_21"},{"predicate":{"custom_model_data":30},"model":"modelengine:eldric/chain_20"},{"predicate":{"custom_model_data":31},"model":"modelengine:eldric/chain_23"},{"predicate":{"custom_model_data":32},"model":"modelengine:eldric/chain_22"},{"predicate":{"custom_model_data":33},"model":"modelengine:eldric/chain_18"},{"predicate":{"custom_model_data":34},"model":"modelengine:eldric/chain_17"},{"predicate":{"custom_model_data":35},"model":"modelengine:eldric/chain_19"},{"predicate":{"custom_model_data":36},"model":"modelengine:eldric/chain_14"},{"predicate":{"custom_model_data":37},"model":"modelengine:eldric/chain_25"},{"predicate":{"custom_model_data":38},"model":"modelengine:eldric/chain_24"},{"predicate":{"custom_model_data":39},"model":"modelengine:eldric/chain_16"},{"predicate":{"custom_model_data":40},"model":"modelengine:eldric/chain_15"},{"predicate":{"custom_model_data":41},"model":"modelengine:eldric/chain_32"},{"predicate":{"custom_model_data":42},"model":"modelengine:eldric/chain_31"},{"predicate":{"custom_model_data":43},"model":"modelengine:eldric/chain_34"},{"predicate":{"custom_model_data":44},"model":"modelengine:eldric/chain_33"},{"predicate":{"custom_model_data":45},"model":"modelengine:eldric/chain_30"},{"predicate":{"custom_model_data":46},"model":"modelengine:eldric/chain_29"},{"predicate":{"custom_model_data":47},"model":"modelengine:eldric/chain_28"},{"predicate":{"custom_model_data":48},"model":"modelengine:eldric/chain_36"},{"predicate":{"custom_model_data":49},"model":"modelengine:eldric/chain_35"},{"predicate":{"custom_model_data":50},"model":"modelengine:eldric/chain_27"},{"predicate":{"custom_model_data":51},"model":"modelengine:eldric/chain_26"},{"predicate":{"custom_model_data":52},"model":"modelengine:eldric/chain_37"},{"predicate":{"custom_model_data":53},"model":"modelengine:eldric/fingers_left"},{"predicate":{"custom_model_data":54},"model":"modelengine:eldric/chain_7"},{"predicate":{"custom_model_data":55},"model":"modelengine:eldric/chain_10"},{"predicate":{"custom_model_data":56},"model":"modelengine:eldric/chain_6"},{"predicate":{"custom_model_data":57},"model":"modelengine:eldric/chain_9"},{"predicate":{"custom_model_data":58},"model":"modelengine:eldric/chain_12"},{"predicate":{"custom_model_data":59},"model":"modelengine:eldric/chain_8"},{"predicate":{"custom_model_data":60},"model":"modelengine:eldric/chain_11"},{"predicate":{"custom_model_data":61},"model":"modelengine:eldric/chain_3"},{"predicate":{"custom_model_data":62},"model":"modelengine:eldric/chain_2"},{"predicate":{"custom_model_data":63},"model":"modelengine:eldric/chain_13"},{"predicate":{"custom_model_data":64},"model":"modelengine:eldric/chain_5"},{"predicate":{"custom_model_data":65},"model":"modelengine:eldric/chain_4"},{"predicate":{"custom_model_data":66},"model":"modelengine:eldric/beard_2"},{"predicate":{"custom_model_data":67},"model":"modelengine:eldric/hammer_swirl_1"},{"predicate":{"custom_model_data":68},"model":"modelengine:eldric/hammer_swirl_2"},{"predicate":{"custom_model_data":69},"model":"modelengine:eldric/anvil_piece"},{"predicate":{"custom_model_data":70},"model":"modelengine:eldric_anvil/anvil"},{"predicate":{"custom_model_data":71},"model":"modelengine:eldric_lava_spike/ground_shard_4"},{"predicate":{"custom_model_data":72},"model":"modelengine:eldric_lava_spike/ground_shard_3"},{"predicate":{"custom_model_data":73},"model":"modelengine:eldric_lava_spike/ground_shard_2"},{"predicate":{"custom_model_data":74},"model":"modelengine:eldric_lava_spike/ground_shard_1"},{"predicate":{"custom_model_data":75},"model":"modelengine:eldric_lava_spike/groundcrack"},{"predicate":{"custom_model_data":76},"model":"modelengine:eldric_lava_spike/lava_shard"},{"predicate":{"custom_model_data":77},"model":"modelengine:eldric_megahit_fx/fx_1"},{"predicate":{"custom_model_data":78},"model":"modelengine:eldric_megahit_fx/fx_2"},{"predicate":{"custom_model_data":79},"model":"modelengine:eldric_megahit_fx/fx_3"},{"predicate":{"custom_model_data":80},"model":"modelengine:eldric_megahit_fx/fx_4"},{"predicate":{"custom_model_data":81},"model":"modelengine:eldric_scrapmetal/anvil_piece"},{"predicate":{"custom_model_data":82},"model":"modelengine:eldric_slam_fx/hexadecagon"}],"parent":"minecraft:item/generated","textures":{"layer0":"minecraft:item/leather_horse_armor"}}