{"overrides":[{"predicate":{"custom_model_data":1},"model":"modelengine:tower_skeleton/scene_shield"},{"predicate":{"custom_model_data":2},"model":"modelengine:tower_skeleton/death_sword_prop"},{"predicate":{"custom_model_data":3},"model":"modelengine:tower_skeleton/piece_1"},{"predicate":{"custom_model_data":4},"model":"modelengine:tower_skeleton/piece_2"},{"predicate":{"custom_model_data":5},"model":"modelengine:tower_skeleton/piece_3"},{"predicate":{"custom_model_data":6},"model":"modelengine:tower_skeleton/piece_4"},{"predicate":{"custom_model_data":7},"model":"modelengine:tower_skeleton/waist"},{"predicate":{"custom_model_data":8},"model":"modelengine:tower_skeleton/abdomen"},{"predicate":{"custom_model_data":9},"model":"modelengine:tower_skeleton/left_thigh"},{"predicate":{"custom_model_data":10},"model":"modelengine:tower_skeleton/left_thigh_armor"},{"predicate":{"custom_model_data":11},"model":"modelengine:tower_skeleton/right_thigh_armor"},{"predicate":{"custom_model_data":12},"model":"modelengine:tower_skeleton/right_thigh"},{"predicate":{"custom_model_data":13},"model":"modelengine:tower_skeleton/chest"},{"predicate":{"custom_model_data":14},"model":"modelengine:tower_skeleton/left_shin"},{"predicate":{"custom_model_data":15},"model":"modelengine:tower_skeleton/right_shin"},{"predicate":{"custom_model_data":16},"model":"modelengine:tower_skeleton/right_pauldron"},{"predicate":{"custom_model_data":17},"model":"modelengine:tower_skeleton/spine_1"},{"predicate":{"custom_model_data":18},"model":"modelengine:tower_skeleton/back_sword"},{"predicate":{"custom_model_data":19},"model":"modelengine:tower_skeleton/neck_chain_1"},{"predicate":{"custom_model_data":20},"model":"modelengine:tower_skeleton/left_pauldron"},{"predicate":{"custom_model_data":21},"model":"modelengine:tower_skeleton/left_shoulder"},{"predicate":{"custom_model_data":22},"model":"modelengine:tower_skeleton/right_shoulder"},{"predicate":{"custom_model_data":23},"model":"modelengine:tower_skeleton/left_foot"},{"predicate":{"custom_model_data":24},"model":"modelengine:tower_skeleton/right_foot"},{"predicate":{"custom_model_data":25},"model":"modelengine:tower_skeleton/cape_4"},{"predicate":{"custom_model_data":26},"model":"modelengine:tower_skeleton/cape_1"},{"predicate":{"custom_model_data":27},"model":"modelengine:tower_skeleton/spine_2"},{"predicate":{"custom_model_data":28},"model":"modelengine:tower_skeleton/neck_chain_2"},{"predicate":{"custom_model_data":29},"model":"modelengine:tower_skeleton/left_bicep"},{"predicate":{"custom_model_data":30},"model":"modelengine:tower_skeleton/right_bicep"},{"predicate":{"custom_model_data":31},"model":"modelengine:tower_skeleton/left_boot_strap"},{"predicate":{"custom_model_data":32},"model":"modelengine:tower_skeleton/right_boot_strap"},{"predicate":{"custom_model_data":33},"model":"modelengine:tower_skeleton/cape_5"},{"predicate":{"custom_model_data":34},"model":"modelengine:tower_skeleton/cape_2"},{"predicate":{"custom_model_data":35},"model":"modelengine:tower_skeleton/spine_3"},{"predicate":{"custom_model_data":36},"model":"modelengine:tower_skeleton/neck_chain_3"},{"predicate":{"custom_model_data":37},"model":"modelengine:tower_skeleton/left_forearm"},{"predicate":{"custom_model_data":38},"model":"modelengine:tower_skeleton/right_forearm"},{"predicate":{"custom_model_data":39},"model":"modelengine:tower_skeleton/cape_3"},{"predicate":{"custom_model_data":40},"model":"modelengine:tower_skeleton/head"},{"predicate":{"custom_model_data":41},"model":"modelengine:tower_skeleton/neck_chain_4"},{"predicate":{"custom_model_data":42},"model":"modelengine:tower_skeleton/shield"},{"predicate":{"custom_model_data":43},"model":"modelengine:tower_skeleton/left_hand"},{"predicate":{"custom_model_data":44},"model":"modelengine:tower_skeleton/right_hand"},{"predicate":{"custom_model_data":45},"model":"modelengine:tower_skeleton/jaw"},{"predicate":{"custom_model_data":46},"model":"modelengine:tower_skeleton/horn_right"},{"predicate":{"custom_model_data":47},"model":"modelengine:tower_skeleton/horn_left"},{"predicate":{"custom_model_data":48},"model":"modelengine:tower_skeleton/neck_chain_5"},{"predicate":{"custom_model_data":49},"model":"modelengine:tower_skeleton/left_hand_finger_1_5"},{"predicate":{"custom_model_data":50},"model":"modelengine:tower_skeleton/hand_souls_3"},{"predicate":{"custom_model_data":51},"model":"modelengine:tower_skeleton/hand_souls_2"},{"predicate":{"custom_model_data":52},"model":"modelengine:tower_skeleton/hand_souls"},{"predicate":{"custom_model_data":53},"model":"modelengine:tower_skeleton/left_hand_thumb_1"},{"predicate":{"custom_model_data":54},"model":"modelengine:tower_skeleton/left_hand_finger_1_1"},{"predicate":{"custom_model_data":55},"model":"modelengine:tower_skeleton/left_hand_finger_1_3"},{"predicate":{"custom_model_data":56},"model":"modelengine:tower_skeleton/sword"},{"predicate":{"custom_model_data":57},"model":"modelengine:tower_skeleton/right_hand_shield"},{"predicate":{"custom_model_data":58},"model":"modelengine:tower_skeleton/right_hand_finger_1_1"},{"predicate":{"custom_model_data":59},"model":"modelengine:tower_skeleton/right_hand_finger_1_3"},{"predicate":{"custom_model_data":60},"model":"modelengine:tower_skeleton/right_hand_finger_1_5"},{"predicate":{"custom_model_data":61},"model":"modelengine:tower_skeleton/right_hand_thumb_1"},{"predicate":{"custom_model_data":62},"model":"modelengine:tower_skeleton/neck_chain_6"},{"predicate":{"custom_model_data":63},"model":"modelengine:tower_skeleton/left_hand_finger_1_6"},{"predicate":{"custom_model_data":64},"model":"modelengine:tower_skeleton/left_hand_thumb_2"},{"predicate":{"custom_model_data":65},"model":"modelengine:tower_skeleton/left_hand_finger_1_2"},{"predicate":{"custom_model_data":66},"model":"modelengine:tower_skeleton/left_hand_finger_1_4"},{"predicate":{"custom_model_data":67},"model":"modelengine:tower_skeleton/sword_shard_2"},{"predicate":{"custom_model_data":68},"model":"modelengine:tower_skeleton/sword_shard_1"},{"predicate":{"custom_model_data":69},"model":"modelengine:tower_skeleton/sword_shard_3"},{"predicate":{"custom_model_data":70},"model":"modelengine:tower_skeleton/right_hand_finger_1_2"},{"predicate":{"custom_model_data":71},"model":"modelengine:tower_skeleton/right_hand_finger_1_4"},{"predicate":{"custom_model_data":72},"model":"modelengine:tower_skeleton/right_hand_finger_1_6"},{"predicate":{"custom_model_data":73},"model":"modelengine:tower_skeleton/right_hand_thumb_2"},{"predicate":{"custom_model_data":74},"model":"modelengine:tower_skeleton/neck_chain_7"},{"predicate":{"custom_model_data":75},"model":"modelengine:tower_skeleton/shard_souls_2"},{"predicate":{"custom_model_data":76},"model":"modelengine:tower_skeleton/shard_souls_1"},{"predicate":{"custom_model_data":77},"model":"modelengine:tower_skeleton/shard_souls_3"},{"predicate":{"custom_model_data":78},"model":"modelengine:tower_skeleton_chest/base"},{"predicate":{"custom_model_data":79},"model":"modelengine:tower_skeleton_chest/web"},{"predicate":{"custom_model_data":80},"model":"modelengine:tower_skeleton_chest/lid"},{"predicate":{"custom_model_data":81},"model":"modelengine:tower_skeleton_chest/glow"},{"predicate":{"custom_model_data":82},"model":"modelengine:tower_skeleton_chest/souls"},{"predicate":{"custom_model_data":83},"model":"modelengine:tower_skeleton_chest/head"},{"predicate":{"custom_model_data":84},"model":"modelengine:tower_skeleton_chest/spike2"},{"predicate":{"custom_model_data":85},"model":"modelengine:tower_skeleton_chest/spike3"},{"predicate":{"custom_model_data":86},"model":"modelengine:tower_skeleton_chest/spike4"},{"predicate":{"custom_model_data":87},"model":"modelengine:tower_skeleton_chest/spike5"},{"predicate":{"custom_model_data":88},"model":"modelengine:tower_skeleton_chest/spike6"},{"predicate":{"custom_model_data":89},"model":"modelengine:tower_skeleton_chest/spike7"},{"predicate":{"custom_model_data":90},"model":"modelengine:tower_skeleton_chest/spike8"},{"predicate":{"custom_model_data":91},"model":"modelengine:tower_skeleton_chest/spike"},{"predicate":{"custom_model_data":92},"model":"modelengine:tower_skeleton_chest/horn_right"},{"predicate":{"custom_model_data":93},"model":"modelengine:tower_skeleton_chest/horn_left"},{"predicate":{"custom_model_data":94},"model":"modelengine:tower_skeleton_minion/pelvis"},{"predicate":{"custom_model_data":95},"model":"modelengine:tower_skeleton_minion/chest"},{"predicate":{"custom_model_data":96},"model":"modelengine:tower_skeleton_minion/left_leg"},{"predicate":{"custom_model_data":97},"model":"modelengine:tower_skeleton_minion/right_leg"},{"predicate":{"custom_model_data":98},"model":"modelengine:tower_skeleton_minion/head"},{"predicate":{"custom_model_data":99},"model":"modelengine:tower_skeleton_minion/spear_1"},{"predicate":{"custom_model_data":100},"model":"modelengine:tower_skeleton_minion/right_arm"},{"predicate":{"custom_model_data":101},"model":"modelengine:tower_skeleton_minion/spear_2"},{"predicate":{"custom_model_data":102},"model":"modelengine:tower_skeleton_minion/left_arm"},{"predicate":{"custom_model_data":103},"model":"modelengine:tower_skeleton_minion/left_shin"},{"predicate":{"custom_model_data":104},"model":"modelengine:tower_skeleton_minion/right_shin"},{"predicate":{"custom_model_data":105},"model":"modelengine:tower_skeleton_minion/right_forearm"},{"predicate":{"custom_model_data":106},"model":"modelengine:tower_skeleton_minion/left_forearm"},{"predicate":{"custom_model_data":107},"model":"modelengine:tower_skeleton_minion/left_foot"},{"predicate":{"custom_model_data":108},"model":"modelengine:tower_skeleton_minion/right_foot"},{"predicate":{"custom_model_data":109},"model":"modelengine:tower_skeleton_minion/right_hand"},{"predicate":{"custom_model_data":110},"model":"modelengine:tower_skeleton_minion/left_hand"},{"predicate":{"custom_model_data":111},"model":"modelengine:tower_skeleton_parts/shield_3"},{"predicate":{"custom_model_data":112},"model":"modelengine:tower_skeleton_parts/shield_2"},{"predicate":{"custom_model_data":113},"model":"modelengine:tower_skeleton_parts/right_bicep_skeleton"},{"predicate":{"custom_model_data":114},"model":"modelengine:tower_skeleton_parts/left_bicep_skeleton"},{"predicate":{"custom_model_data":115},"model":"modelengine:tower_skeleton_parts/shield_1"},{"predicate":{"custom_model_data":116},"model":"modelengine:tower_skeleton_parts/right_forearm_skeleton"},{"predicate":{"custom_model_data":117},"model":"modelengine:tower_skeleton_parts/piece_5"},{"predicate":{"custom_model_data":118},"model":"modelengine:tower_skeleton_parts/piece_6"},{"predicate":{"custom_model_data":119},"model":"modelengine:tower_skeleton_parts/piece_8"},{"predicate":{"custom_model_data":120},"model":"modelengine:tower_skeleton_parts/piece_1"},{"predicate":{"custom_model_data":121},"model":"modelengine:tower_skeleton_parts/piece_2"},{"predicate":{"custom_model_data":122},"model":"modelengine:tower_skeleton_parts/piece_4"},{"predicate":{"custom_model_data":123},"model":"modelengine:tower_skeleton_parts/left_forearm_skeleton"},{"predicate":{"custom_model_data":124},"model":"modelengine:tower_skeleton_parts/right_hand_skeleton"},{"predicate":{"custom_model_data":125},"model":"modelengine:tower_skeleton_parts/piece_7"},{"predicate":{"custom_model_data":126},"model":"modelengine:tower_skeleton_parts/left_hand_skeleton"},{"predicate":{"custom_model_data":127},"model":"modelengine:tower_skeleton_parts/right_hand_finger_1_1_skeleton"},{"predicate":{"custom_model_data":128},"model":"modelengine:tower_skeleton_parts/right_hand_finger_1_3_skeleton"},{"predicate":{"custom_model_data":129},"model":"modelengine:tower_skeleton_parts/right_hand_finger_1_5_skeleton"},{"predicate":{"custom_model_data":130},"model":"modelengine:tower_skeleton_parts/right_hand_thumb_1_skeleton"},{"predicate":{"custom_model_data":131},"model":"modelengine:tower_skeleton_parts/left_hand_finger_1_5_skeleton"},{"predicate":{"custom_model_data":132},"model":"modelengine:tower_skeleton_parts/left_hand_thumb_1_skeleton"},{"predicate":{"custom_model_data":133},"model":"modelengine:tower_skeleton_parts/left_hand_finger_1_3_skeleton"},{"predicate":{"custom_model_data":134},"model":"modelengine:tower_skeleton_parts/left_hand_finger_1_1_skeleton"},{"predicate":{"custom_model_data":135},"model":"modelengine:tower_skeleton_parts/right_hand_finger_1_2_skeleton"},{"predicate":{"custom_model_data":136},"model":"modelengine:tower_skeleton_parts/right_hand_finger_1_4_skeleton"},{"predicate":{"custom_model_data":137},"model":"modelengine:tower_skeleton_parts/right_hand_finger_1_6_skeleton"},{"predicate":{"custom_model_data":138},"model":"modelengine:tower_skeleton_parts/right_hand_thumb_2_skeleton"},{"predicate":{"custom_model_data":139},"model":"modelengine:tower_skeleton_parts/left_hand_finger_1_6_skeleton"},{"predicate":{"custom_model_data":140},"model":"modelengine:tower_skeleton_parts/left_hand_thumb_2_skeleton"},{"predicate":{"custom_model_data":141},"model":"modelengine:tower_skeleton_parts/left_hand_finger_1_4_skeleton"},{"predicate":{"custom_model_data":142},"model":"modelengine:tower_skeleton_parts/left_hand_finger_1_2_skeleton"},{"predicate":{"custom_model_data":143},"model":"modelengine:tower_skeleton_shield_break/explosion_fx_1"},{"predicate":{"custom_model_data":144},"model":"modelengine:tower_skeleton_shield_break/explosion_fx_2"},{"predicate":{"custom_model_data":145},"model":"modelengine:tower_skeleton_shield_break/dust_circle"},{"predicate":{"custom_model_data":146},"model":"modelengine:tower_skeleton_shield_break/piece_5"},{"predicate":{"custom_model_data":147},"model":"modelengine:tower_skeleton_shield_break/piece_6"},{"predicate":{"custom_model_data":148},"model":"modelengine:tower_skeleton_shield_break/piece_8"},{"predicate":{"custom_model_data":149},"model":"modelengine:tower_skeleton_shield_break/piece_1"},{"predicate":{"custom_model_data":150},"model":"modelengine:tower_skeleton_shield_break/piece_2"},{"predicate":{"custom_model_data":151},"model":"modelengine:tower_skeleton_shield_break/piece_4"},{"predicate":{"custom_model_data":152},"model":"modelengine:tower_skeleton_shield_break/piece_7"},{"predicate":{"custom_model_data":153},"model":"modelengine:tower_skeleton_slash_fx/ground"},{"predicate":{"custom_model_data":154},"model":"modelengine:tower_skeleton_slash_fx/fx_1"},{"predicate":{"custom_model_data":155},"model":"modelengine:tower_skeleton_slash_fx/fx_2"},{"predicate":{"custom_model_data":156},"model":"modelengine:tower_skeleton_slash_fx/fx_3"},{"predicate":{"custom_model_data":157},"model":"modelengine:tower_skeleton_summon_hole/hole"},{"predicate":{"custom_model_data":158},"model":"modelengine:tower_skeleton_summon_hole/rock_4"},{"predicate":{"custom_model_data":159},"model":"modelengine:tower_skeleton_summon_hole/rock_3"},{"predicate":{"custom_model_data":160},"model":"modelengine:tower_skeleton_summon_hole/shard_souls_2"},{"predicate":{"custom_model_data":161},"model":"modelengine:tower_skeleton_summon_hole/rock_2"},{"predicate":{"custom_model_data":162},"model":"modelengine:tower_skeleton_summon_hole/rock_1"},{"predicate":{"custom_model_data":163},"model":"modelengine:tower_skeleton_throne/maw"},{"predicate":{"custom_model_data":164},"model":"modelengine:tower_skeleton_throne/fence_1"},{"predicate":{"custom_model_data":165},"model":"modelengine:tower_skeleton_throne/fence_3"},{"predicate":{"custom_model_data":166},"model":"modelengine:tower_skeleton_throne/fence_2"},{"predicate":{"custom_model_data":167},"model":"modelengine:tower_skeleton_throne/fence_5"},{"predicate":{"custom_model_data":168},"model":"modelengine:tower_skeleton_throne/fence_4"},{"predicate":{"custom_model_data":169},"model":"modelengine:tower_skeleton_throne/fence_7"},{"predicate":{"custom_model_data":170},"model":"modelengine:tower_skeleton_throne/fence_6"},{"predicate":{"custom_model_data":171},"model":"modelengine:tower_skeleton_throne/fence_10"},{"predicate":{"custom_model_data":172},"model":"modelengine:tower_skeleton_throne/fence_9"},{"predicate":{"custom_model_data":173},"model":"modelengine:tower_skeleton_throne/fence_8"},{"predicate":{"custom_model_data":174},"model":"modelengine:tower_skeleton_throne/rock_1"},{"predicate":{"custom_model_data":175},"model":"modelengine:tower_skeleton_throne/rock_5"},{"predicate":{"custom_model_data":176},"model":"modelengine:tower_skeleton_throne/rock_4"},{"predicate":{"custom_model_data":177},"model":"modelengine:tower_skeleton_throne/rock_13"},{"predicate":{"custom_model_data":178},"model":"modelengine:tower_skeleton_throne/throne"},{"predicate":{"custom_model_data":179},"model":"modelengine:tower_skeleton_throne/rock_3"},{"predicate":{"custom_model_data":180},"model":"modelengine:tower_skeleton_throne/rock_2"},{"predicate":{"custom_model_data":181},"model":"modelengine:tower_skeleton_throne/rock_9"},{"predicate":{"custom_model_data":182},"model":"modelengine:tower_skeleton_throne/rock_10"},{"predicate":{"custom_model_data":183},"model":"modelengine:tower_skeleton_throne/rock_8"},{"predicate":{"custom_model_data":184},"model":"modelengine:tower_skeleton_throne/rock_7"},{"predicate":{"custom_model_data":185},"model":"modelengine:tower_skeleton_throne/rock_12"},{"predicate":{"custom_model_data":186},"model":"modelengine:tower_skeleton_throne/rock_6"},{"predicate":{"custom_model_data":187},"model":"modelengine:tower_skeleton_throne/rock_11"},{"predicate":{"custom_model_data":188},"model":"modelengine:tower_skeleton_throne/step_2"},{"predicate":{"custom_model_data":189},"model":"modelengine:tower_skeleton_throne/step_1"},{"predicate":{"custom_model_data":190},"model":"modelengine:tower_skeleton_throne/dead_bush_1"},{"predicate":{"custom_model_data":191},"model":"modelengine:tower_skeleton_throne/dead_bush_2"},{"predicate":{"custom_model_data":192},"model":"modelengine:tower_skeleton_throne/web_1"},{"predicate":{"custom_model_data":193},"model":"modelengine:tower_skeleton_throne/web_2"}],"parent":"minecraft:item/generated","textures":{"layer0":"minecraft:item/leather_horse_armor"}}