{
    "worm": {
        "xStyle": {
            "min": -12,
            "max": 12,
            "generator": {
                "zoom": 0.12,
                "style": "NOWHERE"
            }
        },
        "zStyle": {
            "min": -12,
            "max": 12,
            "generator": {
                "zoom": 0.12,
                "style": "NOWHERE"
            }
        },
        "yStyle": {
            "min": -12,
            "max": 12,
            "generator": {
                "zoom": 3,
                "style": "PERLIN"
            }
        },
        "girth": {
            "max": 6,
            "min": 6
        },
        "maxDistance": 125,
        "maxIterations": 150
    },
    "customBiome": "carving/calcite",
    "fork": {
        "caves": [{
            "cave": "drip/main",
            "rarity": 17,
            "breakSurface": false
        }],
        "ravines": [{
            "rarity": 33,
            "ravine": "drip/small"
        }]
    },
    "nodeThreshold": 40,
    "depthStyle": {
        "generator": {"style": "PERLIN"},
        "max": 24,
        "min": 14
    },
    "angle": 50,
    "topAngle": 70,
    "ribThickness": 5,
    "baseWidthStyle": {
        "generator": {"style": "FLAT"},
        "max": 1,
        "min": 1
    }
}
