{
    "name": "Cursed Forest",
    "landBiomeZoom": 20.4,
    "rarity": 15,
    "color": "#A9A9A9",
    "landBiomes": [
        "cursed/cursed-mountains",
        "cursed/dark-forest"
    ],
    "seaBiomes": [
        "cursed/oceans/cursed-ocean"
    ],
    "shoreBiomes": [
        "cursed/beach/cursed-beach"
    ],

    "shoreHeightMin": 3.2,
    "shoreHeightMax": 6.2,
    "shoreHeightZoom": 1.14,
    "objects": [
        {
            "heightmap": {
                "seed": 1337,
                "style": {
                    "style": "SIMPLEX",
                    "multiplier": 10
                },
                "offsetY": 5
            },
            "chance": 0.05,
            "bottom": true,
            "density": 1,
            "place": [
                "structures/amethyst1",
                "structures/amethyst2",
                "structures/amethyst3",
                "structures/amethyst4",
                "structures/amethyst5",
                "structures/amethyst6"
            ],
            "edit": [{
                "find": [{"block": "minecraft:glass"}],
                "replace": {"palette": [{"block": "minecraft:void_air"}]}
            }],
            "enabled": true,
            "xAxis": {
                "interval": 90,
                "max": 360,
                "min": 0
            },
            "yAxis": {
                "interval": 90,
                "max": 360,
                "min": 0
            },
            "translate": {
                "yRandom": 10,
                "y": 2
            }
        }
    ]
}
