{"textures":{"0":"modelengine:entity/lrd_beholder"},"elements":[{"from":[2.0,2.5,-0.9745197],"to":[3.5,6.0,1.0254798],"faces":{"east":{"uv":[8.875,12.1875,9.125,12.625],"tintindex":0,"rotation":0,"texture":"#0"},"south":{"uv":[9.5625,12.3125,9.75,12.75],"tintindex":0,"rotation":0,"texture":"#0"},"north":{"uv":[9.375,12.3125,9.5625,12.75],"tintindex":0,"rotation":0,"texture":"#0"},"west":{"uv":[9.125,12.1875,9.375,12.625],"tintindex":0,"rotation":0,"texture":"#0"},"up":{"uv":[7.25,8.875,7.0625,8.625],"tintindex":0,"rotation":0,"texture":"#0"},"down":{"uv":[6.875,9.3125,6.6875,9.5625],"tintindex":0,"rotation":0,"texture":"#0"}},"rotation":{"origin":[12.75,4.25,-0.47451973],"angle":-22.5,"axis":"x"}},{"from":[4.0,8.5,2.5254798],"to":[12.0,20.0,16.02548],"faces":{"east":{"uv":[2.25,2.875,3.9375,4.3125],"tintindex":0,"rotation":0,"texture":"#0"},"south":{"uv":[5.25,1.4375,6.25,2.875],"tintindex":0,"rotation":0,"texture":"#0"},"north":{"uv":[5.25,0.0,6.25,1.4375],"tintindex":0,"rotation":0,"texture":"#0"},"west":{"uv":[3.9375,2.875,5.625,4.3125],"tintindex":0,"rotation":0,"texture":"#0"},"up":{"uv":[1.0,5.9375,0.0,4.25],"tintindex":0,"rotation":0,"texture":"#0"},"down":{"uv":[2.0,4.25,1.0,5.9375],"tintindex":0,"rotation":0,"texture":"#0"}}},{"from":[5.0,3.5,-0.9745197],"to":[6.5,6.0,0.5254798],"faces":{"east":{"uv":[9.375,11.25,9.5625,11.5625],"tintindex":0,"rotation":0,"texture":"#0"},"south":{"uv":[5.9375,11.4375,6.125,11.75],"tintindex":0,"rotation":0,"texture":"#0"},"north":{"uv":[7.9375,9.5625,8.125,9.875],"tintindex":0,"rotation":0,"texture":"#0"},"west":{"uv":[12.3125,10.25,12.5,10.5625],"tintindex":0,"rotation":0,"texture":"#0"},"up":{"uv":[10.1875,3.875,10.0,3.6875],"tintindex":0,"rotation":0,"texture":"#0"},"down":{"uv":[10.375,2.0625,10.1875,2.25],"tintindex":0,"rotation":0,"texture":"#0"}},"rotation":{"origin":[12.75,4.25,-0.47451973],"angle":-22.5,"axis":"x"}},{"from":[17.956245,14.0,5.83537],"to":[17.956245,19.5,10.83537],"faces":{"east":{"uv":[10.625,3.6875,11.25,4.375],"tintindex":0,"rotation":0,"texture":"#0"},"west":{"uv":[11.25,3.6875,10.625,4.375],"tintindex":0,"rotation":0,"texture":"#0"}},"rotation":{"origin":[17.956245,16.75,8.33537],"angle":22.5,"axis":"y"}},{"from":[12.0,8.5,-0.9745197],"to":[17.0,20.0,16.02548],"faces":{"east":{"uv":[2.25,0.0,4.375,1.4375],"tintindex":0,"rotation":0,"texture":"#0"},"south":{"uv":[1.625,8.5625,2.25,10.0],"tintindex":0,"rotation":0,"texture":"#0"},"north":{"uv":[1.0,8.5625,1.625,10.0],"tintindex":0,"rotation":0,"texture":"#0"},"west":{"uv":[2.25,1.4375,4.375,2.875],"tintindex":0,"rotation":0,"texture":"#0"},"up":{"uv":[0.625,8.0625,0.0,5.9375],"tintindex":0,"rotation":0,"texture":"#0"},"down":{"uv":[1.25,5.9375,0.625,8.0625],"tintindex":0,"rotation":0,"texture":"#0"}}},{"from":[12.524773,2.0,15.0],"to":[12.524773,14.0,22.0],"faces":{"east":{"uv":[1.25,6.0625,2.125,7.5625],"tintindex":0,"rotation":0,"texture":"#0"},"west":{"uv":[2.125,6.0625,1.25,7.5625],"tintindex":0,"rotation":0,"texture":"#0"}},"rotation":{"origin":[12.524773,8.0,18.5],"angle":-45.0,"axis":"y"}},{"from":[14.707107,0.0,2.5610137],"to":[20.707108,4.0,2.5610137],"faces":{"south":{"uv":[12.25,0.0,11.5,0.5],"tintindex":0,"rotation":0,"texture":"#0"},"north":{"uv":[11.5,0.0,12.25,0.5],"tintindex":0,"rotation":0,"texture":"#0"}},"rotation":{"origin":[17.707108,2.0,2.5610137],"angle":-45.0,"axis":"y"}},{"from":[-0.5,20.956247,3.33537],"to":[4.5,20.956247,8.33537],"faces":{"up":{"uv":[2.25,8.1875,2.875,7.5625],"tintindex":0,"rotation":0,"texture":"#0"},"down":{"uv":[2.875,7.5625,2.25,8.1875],"tintindex":0,"rotation":0,"texture":"#0"}},"rotation":{"origin":[2.0,20.956247,5.83537],"angle":-22.5,"axis":"x"}},{"from":[4.0,16.0,-0.9745197],"to":[12.0,20.0,3.0254798],"faces":{"east":{"uv":[4.25,5.4375,4.75,5.9375],"tintindex":0,"rotation":0,"texture":"#0"},"south":{"uv":[10.5,0.0,11.5,0.5],"tintindex":0,"rotation":0,"texture":"#0"},"north":{"uv":[9.875,10.4375,10.875,10.9375],"tintindex":0,"rotation":0,"texture":"#0"},"west":{"uv":[8.875,11.6875,9.375,12.1875],"tintindex":0,"rotation":0,"texture":"#0"},"up":{"uv":[11.5,1.0,10.5,0.5],"tintindex":0,"rotation":0,"texture":"#0"},"down":{"uv":[11.5,1.0,10.5,1.5],"tintindex":0,"rotation":0,"texture":"#0"}}},{"from":[-4.7071066,0.0,2.5610137],"to":[1.2928934,4.0,2.5610137],"faces":{"south":{"uv":[11.5,0.0,12.25,0.5],"tintindex":0,"rotation":0,"texture":"#0"},"north":{"uv":[12.25,0.0,11.5,0.5],"tintindex":0,"rotation":0,"texture":"#0"}},"rotation":{"origin":[-1.7071066,2.0,2.5610137],"angle":45.0,"axis":"y"}},{"from":[0.5,0.19030094,0.9821882],"to":[15.5,5.190301,0.9821882],"faces":{"south":{"uv":[7.375,6.25,5.5,6.875],"tintindex":0,"rotation":0,"texture":"#0"},"north":{"uv":[5.5,6.25,7.375,6.875],"tintindex":0,"rotation":0,"texture":"#0"}},"rotation":{"origin":[2.25,2.690301,0.9821882],"angle":-22.5,"axis":"x"}},{"from":[13.646446,4.0,0.12167406],"to":[19.646446,10.5,7.121674],"faces":{"east":{"uv":[4.375,1.75,5.25,2.5625],"tintindex":0,"rotation":0,"texture":"#0"},"south":{"uv":[9.875,9.625,10.625,10.4375],"tintindex":0,"rotation":0,"texture":"#0"},"north":{"uv":[9.875,8.8125,10.625,9.625],"tintindex":0,"rotation":0,"texture":"#0"},"west":{"uv":[4.0625,9.3125,4.9375,10.125],"tintindex":0,"rotation":0,"texture":"#0"},"up":{"uv":[7.375,6.25,6.625,5.375],"tintindex":0,"rotation":0,"texture":"#0"},"down":{"uv":[7.4375,9.5625,6.6875,10.4375],"tintindex":0,"rotation":0,"texture":"#0"}},"rotation":{"origin":[16.646446,6.75,3.621674],"angle":-45.0,"axis":"y"}},{"from":[-1.9562464,14.0,5.83537],"to":[-1.9562464,19.5,10.83537],"faces":{"east":{"uv":[10.625,3.6875,11.25,4.375],"tintindex":0,"rotation":0,"texture":"#0"},"west":{"uv":[11.25,3.6875,10.625,4.375],"tintindex":0,"rotation":0,"texture":"#0"}},"rotation":{"origin":[-1.9562464,16.75,8.33537],"angle":-22.5,"axis":"y"}},{"from":[7.0,20.956247,7.83537],"to":[12.0,20.956247,12.83537],"faces":{"up":{"uv":[11.25,10.0625,10.625,9.4375],"tintindex":0,"rotation":0,"texture":"#0"},"down":{"uv":[10.625,9.4375,11.25,10.0625],"tintindex":0,"rotation":0,"texture":"#0"}},"rotation":{"origin":[9.5,20.956247,10.33537],"angle":-22.5,"axis":"x"}},{"from":[-1.0,1.5,11.02548],"to":[17.0,5.0,16.02548],"faces":{"east":{"uv":[6.5,8.1875,7.125,8.625],"tintindex":0,"rotation":0,"texture":"#0"},"south":{"uv":[8.25,0.4375,10.5,0.875],"tintindex":0,"rotation":0,"texture":"#0"},"north":{"uv":[8.25,0.0,10.5,0.4375],"tintindex":0,"rotation":0,"texture":"#0"},"west":{"uv":[9.8125,11.625,10.4375,12.0625],"tintindex":0,"rotation":0,"texture":"#0"},"up":{"uv":[4.25,6.0625,2.0,5.4375],"tintindex":0,"rotation":0,"texture":"#0"},"down":{"uv":[7.875,2.875,5.625,3.5],"tintindex":0,"rotation":0,"texture":"#0"}}},{"from":[11.5,20.956247,3.33537],"to":[16.5,20.956247,8.33537],"faces":{"up":{"uv":[2.875,8.1875,2.25,7.5625],"tintindex":0,"rotation":0,"texture":"#0"},"down":{"uv":[2.25,7.5625,2.875,8.1875],"tintindex":0,"rotation":0,"texture":"#0"}},"rotation":{"origin":[14.0,20.956247,5.83537],"angle":-22.5,"axis":"x"}},{"from":[16.646446,6.5,-0.37832546],"to":[23.146446,9.0,2.121674],"faces":{"east":{"uv":[9.5625,10.5625,9.875,10.875],"tintindex":0,"rotation":0,"texture":"#0"},"south":{"uv":[11.25,4.0,12.0625,4.3125],"tintindex":0,"rotation":0,"texture":"#0"},"north":{"uv":[4.375,2.5625,5.1875,2.875],"tintindex":0,"rotation":0,"texture":"#0"},"west":{"uv":[10.9375,8.4375,11.25,8.75],"tintindex":0,"rotation":0,"texture":"#0"},"up":{"uv":[5.4375,12.0625,4.625,11.75],"tintindex":0,"rotation":0,"texture":"#0"},"down":{"uv":[6.75,11.75,5.9375,12.0625],"tintindex":0,"rotation":0,"texture":"#0"}},"rotation":{"origin":[16.646446,7.75,3.621674],"angle":-45.0,"axis":"y"}},{"from":[12.0,2.5,-0.9745197],"to":[13.5,6.0,1.0254798],"faces":{"east":{"uv":[1.0,8.0625,1.25,8.5],"tintindex":0,"rotation":0,"texture":"#0"},"south":{"uv":[3.875,11.3125,4.0625,11.75],"tintindex":0,"rotation":0,"texture":"#0"},"north":{"uv":[2.9375,11.0,3.125,11.4375],"tintindex":0,"rotation":0,"texture":"#0"},"west":{"uv":[7.625,12.1875,7.875,12.625],"tintindex":0,"rotation":0,"texture":"#0"},"up":{"uv":[7.75,2.875,7.5625,2.625],"tintindex":0,"rotation":0,"texture":"#0"},"down":{"uv":[7.0625,8.625,6.875,8.875],"tintindex":0,"rotation":0,"texture":"#0"}},"rotation":{"origin":[12.75,4.25,-0.47451973],"angle":-22.5,"axis":"x"}},{"from":[-3.6464462,4.0,0.12167406],"to":[2.3535533,10.5,7.121674],"faces":{"east":{"uv":[4.9375,9.3125,4.0625,10.125],"tintindex":0,"rotation":0,"texture":"#0"},"south":{"uv":[10.625,9.625,9.875,10.4375],"tintindex":0,"rotation":0,"texture":"#0"},"north":{"uv":[10.625,8.8125,9.875,9.625],"tintindex":0,"rotation":0,"texture":"#0"},"west":{"uv":[5.25,1.75,4.375,2.5625],"tintindex":0,"rotation":0,"texture":"#0"},"up":{"uv":[6.625,6.25,7.375,5.375],"tintindex":0,"rotation":0,"texture":"#0"},"down":{"uv":[6.6875,9.5625,7.4375,10.4375],"tintindex":0,"rotation":0,"texture":"#0"}},"rotation":{"origin":[-0.6464462,6.75,3.621674],"angle":45.0,"axis":"y"}},{"from":[2.0,18.23188,15.292893],"to":[14.0,18.23188,20.292892],"faces":{"up":{"uv":[9.875,6.0,8.375,5.375],"tintindex":0,"rotation":0,"texture":"#0"},"down":{"uv":[8.375,5.375,9.875,6.0],"tintindex":0,"rotation":0,"texture":"#0"}},"rotation":{"origin":[8.0,18.23188,17.792892],"angle":45.0,"axis":"x"}},{"from":[3.4752274,2.0,15.0],"to":[3.4752274,14.0,22.0],"faces":{"east":{"uv":[1.25,6.0625,2.125,7.5625],"tintindex":0,"rotation":0,"texture":"#0"},"west":{"uv":[2.125,6.0625,1.25,7.5625],"tintindex":0,"rotation":0,"texture":"#0"}},"rotation":{"origin":[3.4752274,8.0,18.5],"angle":45.0,"axis":"y"}},{"from":[-1.0,8.5,-0.9745197],"to":[4.0,20.0,16.02548],"faces":{"east":{"uv":[4.375,1.4375,2.25,2.875],"tintindex":0,"rotation":0,"texture":"#0"},"south":{"uv":[2.25,8.5625,1.625,10.0],"tintindex":0,"rotation":0,"texture":"#0"},"north":{"uv":[1.625,8.5625,1.0,10.0],"tintindex":0,"rotation":0,"texture":"#0"},"west":{"uv":[4.375,0.0,2.25,1.4375],"tintindex":0,"rotation":0,"texture":"#0"},"up":{"uv":[0.0,8.0625,0.625,5.9375],"tintindex":0,"rotation":0,"texture":"#0"},"down":{"uv":[0.625,5.9375,1.25,8.0625],"tintindex":0,"rotation":0,"texture":"#0"}}},{"from":[-1.0,5.0,-0.9745197],"to":[17.0,8.5,16.02548],"faces":{"east":{"uv":[8.5,3.875,10.625,4.3125],"tintindex":0,"rotation":0,"texture":"#0"},"south":{"uv":[4.25,8.1875,6.5,8.625],"tintindex":0,"rotation":0,"texture":"#0"},"north":{"uv":[7.375,6.375,9.625,6.8125],"tintindex":0,"rotation":0,"texture":"#0"},"west":{"uv":[8.5,4.3125,10.625,4.75],"tintindex":0,"rotation":0,"texture":"#0"},"up":{"uv":[2.25,2.125,0.0,0.0],"tintindex":0,"rotation":0,"texture":"#0"},"down":{"uv":[2.25,2.125,0.0,4.25],"tintindex":0,"rotation":0,"texture":"#0"}}},{"from":[-7.146446,6.5,-0.37832546],"to":[-0.6464462,9.0,2.121674],"faces":{"east":{"uv":[11.25,8.4375,10.9375,8.75],"tintindex":0,"rotation":0,"texture":"#0"},"south":{"uv":[12.0625,4.0,11.25,4.3125],"tintindex":0,"rotation":0,"texture":"#0"},"north":{"uv":[5.1875,2.5625,4.375,2.875],"tintindex":0,"rotation":0,"texture":"#0"},"west":{"uv":[9.875,10.5625,9.5625,10.875],"tintindex":0,"rotation":0,"texture":"#0"},"up":{"uv":[4.625,12.0625,5.4375,11.75],"tintindex":0,"rotation":0,"texture":"#0"},"down":{"uv":[5.9375,11.75,6.75,12.0625],"tintindex":0,"rotation":0,"texture":"#0"}},"rotation":{"origin":[-0.6464462,7.75,3.621674],"angle":45.0,"axis":"y"}}],"display":{"gui":{"rotation":[30,225,0]}}}