{"textures":{"0":"modelengine:entity/lrd_beholder"},"elements":[{"from":[-2.0,8.0,2.5],"to":[18.0,13.0,13.5],"faces":{"east":{"uv":[12.0625,3.0625,12.75,3.375],"tintindex":0,"rotation":0,"texture":"#0"},"south":{"uv":[10.625,4.375,11.875,4.6875],"tintindex":0,"rotation":0,"texture":"#0"},"north":{"uv":[8.375,6.0,9.625,6.3125],"tintindex":0,"rotation":0,"texture":"#0"},"west":{"uv":[12.0625,4.0,12.75,4.3125],"tintindex":0,"rotation":0,"texture":"#0"},"up":{"uv":[8.125,9.5625,6.875,8.875],"tintindex":0,"rotation":0,"texture":"#0"},"down":{"uv":[3.5,9.1875,2.25,9.875],"tintindex":0,"rotation":0,"texture":"#0"}}}],"display":{"gui":{"rotation":[30,225,0]}}}