{"textures":{"7":"modelengine:entity/lrd_beholder_broken_limb"},"elements":[{"from":[12.930519,11.286781,15.85737],"to":[5.930519,4.2867813,1.8573704],"faces":{"east":{"uv":[1.75,3.5,5.25,5.25],"tintindex":0,"rotation":0,"texture":"#7"},"south":{"uv":[8.25,6.0,10.0,7.75],"tintindex":0,"rotation":0,"texture":"#7"},"north":{"uv":[8.0,4.25,9.75,6.0],"tintindex":0,"rotation":0,"texture":"#7"},"west":{"uv":[5.25,0.0,8.75,1.75],"tintindex":0,"rotation":0,"texture":"#7"},"up":{"uv":[3.5,8.75,1.75,5.25],"tintindex":0,"rotation":0,"texture":"#7"},"down":{"uv":[7.0,1.75,5.25,5.25],"tintindex":0,"rotation":0,"texture":"#7"}}},{"from":[5.930519,4.2867813,1.8573704],"to":[12.930519,11.286781,15.85737],"faces":{"east":{"uv":[0.0,0.0,3.5,1.75],"tintindex":0,"rotation":0,"texture":"#7"},"south":{"uv":[6.5,7.0,8.25,8.75],"tintindex":0,"rotation":0,"texture":"#7"},"north":{"uv":[4.75,7.0,6.5,8.75],"tintindex":0,"rotation":0,"texture":"#7"},"west":{"uv":[0.0,1.75,3.5,3.5],"tintindex":0,"rotation":0,"texture":"#7"},"up":{"uv":[1.75,7.0,0.0,3.5],"tintindex":0,"rotation":0,"texture":"#7"},"down":{"uv":[5.25,0.0,3.5,3.5],"tintindex":0,"rotation":0,"texture":"#7"}}},{"from":[8.930519,11.286781,1.8573704],"to":[8.930519,15.286781,10.85737],"faces":{"east":{"uv":[1.25,8.75,3.5,9.75],"tintindex":0,"rotation":0,"texture":"#7"},"west":{"uv":[4.75,8.75,7.0,9.75],"tintindex":0,"rotation":0,"texture":"#7"}}},{"from":[6.930519,5.2867813,1.8573704],"to":[11.930519,10.286781,11.85737],"faces":{"east":{"uv":[7.0,1.75,9.5,3.0],"tintindex":0,"rotation":0,"texture":"#7"},"south":{"uv":[8.25,9.25,9.5,10.5],"tintindex":0,"rotation":0,"texture":"#7"},"north":{"uv":[7.0,8.75,8.25,10.0],"tintindex":0,"rotation":0,"texture":"#7"},"west":{"uv":[7.0,3.0,9.5,4.25],"tintindex":0,"rotation":0,"texture":"#7"},"up":{"uv":[1.25,9.5,0.0,7.0],"tintindex":0,"rotation":0,"texture":"#7"},"down":{"uv":[4.75,7.0,3.5,9.5],"tintindex":0,"rotation":0,"texture":"#7"}}},{"from":[5.930519,3.139655,-3.91465],"to":[12.930519,3.139655,2.08535],"faces":{"up":{"uv":[10.0,9.25,8.25,7.75],"tintindex":0,"rotation":0,"texture":"#7"},"down":{"uv":[10.5,0.0,8.75,1.5],"tintindex":0,"rotation":0,"texture":"#7"}},"rotation":{"origin":[9.430519,3.139655,-0.91464996],"angle":-22.5,"axis":"x"}},{"from":[4.2084427,4.2867813,-2.800087],"to":[4.2084427,11.286781,6.199913],"faces":{"east":{"uv":[3.5,5.25,5.75,7.0],"tintindex":0,"rotation":0,"texture":"#7"},"west":{"uv":[5.75,5.25,8.0,7.0],"tintindex":0,"rotation":0,"texture":"#7"}},"rotation":{"origin":[4.2084427,7.7867813,1.699913],"angle":22.5,"axis":"y"}}],"display":{"gui":{"rotation":[30,225,0]}}}