{"textures":{"0":"modelengine:entity/lrd_beholder"},"elements":[{"from":[1.0,0.0,-13.0],"to":[15.0,7.0,-13.0],"faces":{"south":{"uv":[11.8125,1.5,10.9375,1.9375],"tintindex":0,"rotation":0,"texture":"#0"},"north":{"uv":[10.9375,1.5,11.8125,1.9375],"tintindex":0,"rotation":0,"texture":"#0"}}},{"from":[0.0,-8.0,4.0],"to":[16.0,11.0,12.0],"faces":{"east":{"uv":[8.4375,9.9375,7.9375,11.125],"tintindex":0,"rotation":0,"texture":"#0"},"south":{"uv":[6.25,1.1875,7.25,2.375],"tintindex":0,"rotation":0,"texture":"#0"},"north":{"uv":[6.25,0.0,7.25,1.1875],"tintindex":0,"rotation":0,"texture":"#0"},"west":{"uv":[7.9375,9.9375,8.4375,11.125],"tintindex":0,"rotation":0,"texture":"#0"},"up":{"uv":[11.5,6.25,10.5,5.75],"tintindex":0,"rotation":0,"texture":"#0"},"down":{"uv":[11.5,6.25,10.5,6.75],"tintindex":0,"rotation":0,"texture":"#0"}}},{"from":[6.0,-9.0,-16.0],"to":[10.0,2.0,-10.0],"faces":{"east":{"uv":[11.25,11.625,11.625,12.3125],"tintindex":0,"rotation":0,"texture":"#0"},"south":{"uv":[6.375,12.0625,6.625,12.75],"tintindex":0,"rotation":0,"texture":"#0"},"north":{"uv":[1.4375,11.9375,1.6875,12.625],"tintindex":0,"rotation":0,"texture":"#0"},"west":{"uv":[11.625,11.625,12.0,12.3125],"tintindex":0,"rotation":0,"texture":"#0"},"up":{"uv":[10.875,10.4375,10.625,10.0625],"tintindex":0,"rotation":0,"texture":"#0"},"down":{"uv":[11.25,12.1875,11.0,12.5625],"tintindex":0,"rotation":0,"texture":"#0"}}},{"from":[1.0,-7.0,-14.0],"to":[15.0,0.0,7.0],"faces":{"east":{"uv":[6.25,2.375,7.5625,2.8125],"tintindex":0,"rotation":0,"texture":"#0"},"south":{"uv":[11.25,8.4375,12.125,8.875],"tintindex":0,"rotation":0,"texture":"#0"},"north":{"uv":[11.25,4.6875,12.125,5.125],"tintindex":0,"rotation":0,"texture":"#0"},"west":{"uv":[9.625,1.625,10.9375,2.0625],"tintindex":0,"rotation":0,"texture":"#0"},"up":{"uv":[6.375,8.1875,5.5,6.875],"tintindex":0,"rotation":0,"texture":"#0"},"down":{"uv":[7.25,6.875,6.375,8.1875],"tintindex":0,"rotation":0,"texture":"#0"}}},{"from":[8.0,-14.0,-14.0],"to":[8.0,-7.0,7.0],"faces":{"east":{"uv":[1.875,10.0,0.5625,10.4375],"tintindex":0,"rotation":0,"texture":"#0"},"west":{"uv":[0.5625,10.0,1.875,10.4375],"tintindex":0,"rotation":0,"texture":"#0"}}}],"display":{"gui":{"rotation":[30,225,0]}}}