{"textures":{"8":"modelengine:entity/lrd_beholder_dead_head"},"elements":[{"from":[-4.7071066,0.0,2.5610137],"to":[1.2928934,4.0,2.5610137],"faces":{"south":{"uv":[3.375,7.625,4.125,8.125],"tintindex":0,"rotation":0,"texture":"#8"},"north":{"uv":[7.625,1.25,8.375,1.75],"tintindex":0,"rotation":0,"texture":"#8"}},"rotation":{"origin":[-1.7071066,2.0,2.5610137],"angle":45.0,"axis":"y"}},{"from":[8.0,15.5,16.02548],"to":[12.0,20.0,16.02548],"faces":{"south":{"uv":[7.75,7.0,8.25,7.5625],"tintindex":0,"rotation":0,"texture":"#8"},"north":{"uv":[8.25,7.0,7.75,7.5625],"tintindex":0,"rotation":0,"texture":"#8"}}},{"from":[4.0,11.5,16.02548],"to":[8.0,15.5,16.02548],"faces":{"south":{"uv":[8.25,3.5,8.75,4.0],"tintindex":0,"rotation":0,"texture":"#8"},"north":{"uv":[8.75,3.5,8.25,4.0],"tintindex":0,"rotation":0,"texture":"#8"}}},{"from":[-1.0,8.5,-0.9745197],"to":[4.5,12.0,3.5254798],"faces":{"east":{"uv":[8.25,2.0625,8.8125,2.5],"tintindex":0,"rotation":0,"texture":"#8"},"south":{"uv":[1.875,7.6875,2.5625,8.125],"tintindex":0,"rotation":0,"texture":"#8"},"north":{"uv":[7.5,0.0,8.1875,0.4375],"tintindex":0,"rotation":0,"texture":"#8"},"west":{"uv":[6.5625,8.3125,7.125,8.75],"tintindex":0,"rotation":0,"texture":"#8"},"up":{"uv":[8.1875,3.6875,7.5,3.125],"tintindex":0,"rotation":0,"texture":"#8"},"down":{"uv":[8.1875,5.4375,7.5,6.0],"tintindex":0,"rotation":0,"texture":"#8"}}},{"from":[7.1904926,18.042828,6.02548],"to":[12.190493,18.042828,13.02548],"faces":{"up":{"uv":[2.0,7.4375,1.375,6.5625],"tintindex":0,"rotation":0,"texture":"#8"},"down":{"uv":[2.0,6.5625,1.375,7.4375],"tintindex":0,"rotation":0,"texture":"#8"}},"rotation":{"origin":[9.690493,18.042828,7.52548],"angle":22.5,"axis":"z"}},{"from":[-1.0,12.0,-0.9745197],"to":[4.5,15.0,-0.9745197],"faces":{"south":{"uv":[1.3125,8.125,0.625,8.5],"tintindex":0,"rotation":0,"texture":"#8"},"north":{"uv":[0.625,8.125,1.3125,8.5],"tintindex":0,"rotation":0,"texture":"#8"}}},{"from":[12.0,2.5,-0.9745197],"to":[13.5,6.0,1.0254798],"faces":{"east":{"uv":[4.5,3.625,4.75,4.0625],"tintindex":0,"rotation":0,"texture":"#8"},"south":{"uv":[1.125,8.5,1.3125,8.9375],"tintindex":0,"rotation":0,"texture":"#8"},"north":{"uv":[0.9375,8.5,1.125,8.9375],"tintindex":0,"rotation":0,"texture":"#8"},"west":{"uv":[6.375,3.0,6.625,3.4375],"tintindex":0,"rotation":0,"texture":"#8"},"up":{"uv":[5.5625,3.0,5.375,2.75],"tintindex":0,"rotation":0,"texture":"#8"},"down":{"uv":[5.75,2.75,5.5625,3.0],"tintindex":0,"rotation":0,"texture":"#8"}},"rotation":{"origin":[12.75,4.25,-0.47451973],"angle":-22.5,"axis":"x"}},{"from":[8.0,8.5,10.52548],"to":[12.0,15.5,16.02548],"faces":{"east":{"uv":[0.0,6.4375,0.6875,7.3125],"tintindex":0,"rotation":0,"texture":"#8"},"south":{"uv":[2.875,7.125,3.375,8.0],"tintindex":0,"rotation":0,"texture":"#8"},"north":{"uv":[1.75,4.25,2.25,5.125],"tintindex":0,"rotation":0,"texture":"#8"},"west":{"uv":[0.6875,6.5625,1.375,7.4375],"tintindex":0,"rotation":0,"texture":"#8"},"up":{"uv":[6.25,8.3125,5.75,7.625],"tintindex":0,"rotation":0,"texture":"#8"},"down":{"uv":[6.75,7.625,6.25,8.3125],"tintindex":0,"rotation":0,"texture":"#8"}}},{"from":[11.5,20.956245,3.33537],"to":[16.5,20.956245,8.33537],"faces":{"up":{"uv":[1.875,8.0625,1.25,7.4375],"tintindex":0,"rotation":0,"texture":"#8"},"down":{"uv":[8.125,2.5,7.5,3.125],"tintindex":0,"rotation":0,"texture":"#8"}},"rotation":{"origin":[14.0,20.956245,5.83537],"angle":-22.5,"axis":"x"}},{"from":[12.524773,2.0,15.0],"to":[12.524773,14.0,22.0],"faces":{"east":{"uv":[0.0,4.25,0.875,5.75],"tintindex":0,"rotation":0,"texture":"#8"},"west":{"uv":[0.875,4.25,1.75,5.75],"tintindex":0,"rotation":0,"texture":"#8"}},"rotation":{"origin":[12.524773,8.0,18.5],"angle":-45.0,"axis":"y"}},{"from":[-3.6464462,9.5,0.12167406],"to":[-3.6464462,13.5,7.121674],"faces":{"east":{"uv":[7.75,7.125,6.875,7.625],"tintindex":0,"rotation":0,"texture":"#8"},"west":{"uv":[6.875,7.125,7.75,7.625],"tintindex":0,"rotation":0,"texture":"#8"}},"rotation":{"origin":[-0.6464462,6.75,3.621674],"angle":45.0,"axis":"y"}},{"from":[-1.0,1.5,11.02548],"to":[17.0,5.0,16.02548],"faces":{"east":{"uv":[7.75,7.9375,8.375,8.375],"tintindex":0,"rotation":0,"texture":"#8"},"south":{"uv":[5.25,0.0,7.5,0.4375],"tintindex":0,"rotation":0,"texture":"#8"},"north":{"uv":[4.75,5.125,7.0,5.5625],"tintindex":0,"rotation":0,"texture":"#8"},"west":{"uv":[0.0,8.0,0.625,8.4375],"tintindex":0,"rotation":0,"texture":"#8"},"up":{"uv":[4.5,3.5,2.25,2.875],"tintindex":0,"rotation":0,"texture":"#8"},"down":{"uv":[4.5,3.5,2.25,4.125],"tintindex":0,"rotation":0,"texture":"#8"}}},{"from":[14.707107,0.0,2.5610137],"to":[20.707108,4.0,2.5610137],"faces":{"south":{"uv":[7.5,6.5,8.25,7.0],"tintindex":0,"rotation":0,"texture":"#8"},"north":{"uv":[7.5,6.0,8.25,6.5],"tintindex":0,"rotation":0,"texture":"#8"}},"rotation":{"origin":[17.707108,2.0,2.5610137],"angle":-45.0,"axis":"y"}},{"from":[-3.6464462,9.5,0.12167406],"to":[2.3535533,12.5,0.12167406],"faces":{"south":{"uv":[7.875,4.5625,8.625,4.9375],"tintindex":0,"rotation":0,"texture":"#8"},"north":{"uv":[7.75,7.5625,8.5,7.9375],"tintindex":0,"rotation":0,"texture":"#8"}},"rotation":{"origin":[-0.6464462,6.75,3.621674],"angle":45.0,"axis":"y"}},{"from":[-1.0,8.5,9.02548],"to":[4.0,13.0,16.02548],"faces":{"east":{"uv":[7.0,4.5625,7.875,5.125],"tintindex":0,"rotation":0,"texture":"#8"},"south":{"uv":[5.125,7.625,5.75,8.1875],"tintindex":0,"rotation":0,"texture":"#8"},"north":{"uv":[7.625,3.6875,8.25,4.25],"tintindex":0,"rotation":0,"texture":"#8"},"west":{"uv":[5.125,7.0625,6.0,7.625],"tintindex":0,"rotation":0,"texture":"#8"},"up":{"uv":[7.5,7.125,6.875,6.25],"tintindex":0,"rotation":0,"texture":"#8"},"down":{"uv":[7.625,3.6875,7.0,4.5625],"tintindex":0,"rotation":0,"texture":"#8"}}},{"from":[8.0,16.0,-0.9745197],"to":[12.0,20.0,3.0254798],"faces":{"east":{"uv":[8.25,5.75,8.75,6.25],"tintindex":0,"rotation":0,"texture":"#8"},"south":{"uv":[8.25,6.25,8.75,6.75],"tintindex":0,"rotation":0,"texture":"#8"},"north":{"uv":[8.25,4.9375,8.75,5.4375],"tintindex":0,"rotation":0,"texture":"#8"},"west":{"uv":[8.25,6.75,8.75,7.25],"tintindex":0,"rotation":0,"texture":"#8"},"up":{"uv":[6.0625,8.8125,5.5625,8.3125],"tintindex":0,"rotation":0,"texture":"#8"},"down":{"uv":[6.5625,8.3125,6.0625,8.8125],"tintindex":0,"rotation":0,"texture":"#8"}}},{"from":[5.4389863,21.060307,-0.9745197],"to":[8.438986,21.060307,3.0254798],"faces":{"up":{"uv":[0.375,8.9375,0.0,8.4375],"tintindex":0,"rotation":0,"texture":"#8"},"down":{"uv":[0.375,8.4375,0.0,8.9375],"tintindex":0,"rotation":0,"texture":"#8"}},"rotation":{"origin":[6.9389863,21.060307,1.0254798],"angle":-45.0,"axis":"z"}},{"from":[4.0,8.5,10.52548],"to":[8.0,11.5,16.02548],"faces":{"east":{"uv":[8.125,2.5,8.8125,2.875],"tintindex":0,"rotation":0,"texture":"#8"},"south":{"uv":[7.625,8.375,8.125,8.75],"tintindex":0,"rotation":0,"texture":"#8"},"north":{"uv":[7.125,8.3125,7.625,8.6875],"tintindex":0,"rotation":0,"texture":"#8"},"west":{"uv":[3.1875,8.125,3.875,8.5],"tintindex":0,"rotation":0,"texture":"#8"},"up":{"uv":[7.25,8.3125,6.75,7.625],"tintindex":0,"rotation":0,"texture":"#8"},"down":{"uv":[7.75,7.625,7.25,8.3125],"tintindex":0,"rotation":0,"texture":"#8"}}},{"from":[-1.4783545,11.90485,-0.9745197],"to":[-1.4783545,14.40485,3.5254798],"faces":{"east":{"uv":[3.875,8.4375,4.4375,8.75],"tintindex":0,"rotation":0,"texture":"#8"},"west":{"uv":[3.875,8.4375,4.4375,8.75],"tintindex":0,"rotation":0,"texture":"#8"}},"rotation":{"origin":[-1.4783545,13.15485,1.2754798],"angle":22.5,"axis":"z"}},{"from":[7.1901097,20.956245,-0.9745197],"to":[12.190109,20.956245,16.02548],"faces":{"up":{"uv":[4.125,6.25,3.5,4.125],"tintindex":0,"rotation":0,"texture":"#8"},"down":{"uv":[4.125,4.125,3.5,6.25],"tintindex":0,"rotation":0,"texture":"#8"}},"rotation":{"origin":[9.690109,20.956245,7.52548],"angle":-22.5,"axis":"z"}},{"from":[5.0,3.5,-0.9745197],"to":[6.5,6.0,0.5254798],"faces":{"east":{"uv":[1.6875,8.5,1.875,8.8125],"tintindex":0,"rotation":0,"texture":"#8"},"south":{"uv":[3.0625,8.5,3.25,8.8125],"tintindex":0,"rotation":0,"texture":"#8"},"north":{"uv":[3.875,8.125,4.0625,8.4375],"tintindex":0,"rotation":0,"texture":"#8"},"west":{"uv":[3.25,8.5,3.4375,8.8125],"tintindex":0,"rotation":0,"texture":"#8"},"up":{"uv":[6.5625,3.625,6.375,3.4375],"tintindex":0,"rotation":0,"texture":"#8"},"down":{"uv":[4.75,6.75,4.5625,6.9375],"tintindex":0,"rotation":0,"texture":"#8"}},"rotation":{"origin":[12.75,4.25,-0.47451973],"angle":-22.5,"axis":"x"}},{"from":[2.0,2.5,-0.9745197],"to":[3.5,6.0,1.0254798],"faces":{"east":{"uv":[8.125,8.375,8.375,8.8125],"tintindex":0,"rotation":0,"texture":"#8"},"south":{"uv":[1.5,8.5,1.6875,8.9375],"tintindex":0,"rotation":0,"texture":"#8"},"north":{"uv":[1.3125,8.5,1.5,8.9375],"tintindex":0,"rotation":0,"texture":"#8"},"west":{"uv":[0.375,8.4375,0.625,8.875],"tintindex":0,"rotation":0,"texture":"#8"},"up":{"uv":[5.9375,3.0,5.75,2.75],"tintindex":0,"rotation":0,"texture":"#8"},"down":{"uv":[4.5625,6.75,4.375,7.0],"tintindex":0,"rotation":0,"texture":"#8"}},"rotation":{"origin":[12.75,4.25,-0.47451973],"angle":-22.5,"axis":"x"}},{"from":[5.0,16.0,-0.9745197],"to":[8.0,20.0,-0.9745197],"faces":{"south":{"uv":[4.75,6.25,4.375,6.75],"tintindex":0,"rotation":0,"texture":"#8"},"north":{"uv":[4.375,6.25,4.75,6.75],"tintindex":0,"rotation":0,"texture":"#8"}}},{"from":[16.646446,6.5,-0.37832546],"to":[23.146446,9.0,2.121674],"faces":{"east":{"uv":[2.5625,7.6875,2.875,8.0],"tintindex":0,"rotation":0,"texture":"#8"},"south":{"uv":[8.1875,2.875,9.0,3.1875],"tintindex":0,"rotation":0,"texture":"#8"},"north":{"uv":[8.1875,0.0,9.0,0.3125],"tintindex":0,"rotation":0,"texture":"#8"},"west":{"uv":[4.4375,8.4375,4.75,8.75],"tintindex":0,"rotation":0,"texture":"#8"},"up":{"uv":[9.0,3.5,8.1875,3.1875],"tintindex":0,"rotation":0,"texture":"#8"},"down":{"uv":[5.5625,8.1875,4.75,8.5],"tintindex":0,"rotation":0,"texture":"#8"}},"rotation":{"origin":[16.646446,7.75,3.621674],"angle":-45.0,"axis":"y"}},{"from":[12.0,8.5,-0.9745197],"to":[17.0,20.0,16.02548],"faces":{"east":{"uv":[2.25,0.0,4.375,1.4375],"tintindex":0,"rotation":0,"texture":"#8"},"south":{"uv":[4.75,5.5625,5.375,7.0],"tintindex":0,"rotation":0,"texture":"#8"},"north":{"uv":[5.375,1.3125,6.0,2.75],"tintindex":0,"rotation":0,"texture":"#8"},"west":{"uv":[2.25,1.4375,4.375,2.875],"tintindex":0,"rotation":0,"texture":"#8"},"up":{"uv":[2.875,6.25,2.25,4.125],"tintindex":0,"rotation":0,"texture":"#8"},"down":{"uv":[3.5,4.125,2.875,6.25],"tintindex":0,"rotation":0,"texture":"#8"}}},{"from":[-7.146446,6.5,-0.37832546],"to":[-0.6464462,9.0,2.121674],"faces":{"east":{"uv":[8.375,8.4375,8.6875,8.75],"tintindex":0,"rotation":0,"texture":"#8"},"south":{"uv":[8.25,0.3125,9.0625,0.625],"tintindex":0,"rotation":0,"texture":"#8"},"north":{"uv":[8.1875,5.4375,9.0,5.75],"tintindex":0,"rotation":0,"texture":"#8"},"west":{"uv":[0.625,8.5,0.9375,8.8125],"tintindex":0,"rotation":0,"texture":"#8"},"up":{"uv":[9.0625,0.9375,8.25,0.625],"tintindex":0,"rotation":0,"texture":"#8"},"down":{"uv":[9.0625,1.75,8.25,2.0625],"tintindex":0,"rotation":0,"texture":"#8"}},"rotation":{"origin":[-0.6464462,7.75,3.621674],"angle":45.0,"axis":"y"}},{"from":[-1.0,13.0,16.02548],"to":[4.0,16.5,16.02548],"faces":{"south":{"uv":[4.125,8.0,4.75,8.4375],"tintindex":0,"rotation":0,"texture":"#8"},"north":{"uv":[4.75,8.0,4.125,8.4375],"tintindex":0,"rotation":0,"texture":"#8"}}},{"from":[-1.0,5.0,-0.9745197],"to":[17.0,8.5,16.02548],"faces":{"east":{"uv":[5.25,0.4375,7.375,0.875],"tintindex":0,"rotation":0,"texture":"#8"},"south":{"uv":[4.75,4.6875,7.0,5.125],"tintindex":0,"rotation":0,"texture":"#8"},"north":{"uv":[4.75,4.25,7.0,4.6875],"tintindex":0,"rotation":0,"texture":"#8"},"west":{"uv":[5.25,0.875,7.375,1.3125],"tintindex":0,"rotation":0,"texture":"#8"},"up":{"uv":[2.25,2.125,0.0,0.0],"tintindex":0,"rotation":0,"texture":"#8"},"down":{"uv":[2.25,2.125,0.0,4.25],"tintindex":0,"rotation":0,"texture":"#8"}}},{"from":[13.646446,4.0,0.12167406],"to":[19.646446,10.5,7.121674],"faces":{"east":{"uv":[1.25,5.75,2.125,6.5625],"tintindex":0,"rotation":0,"texture":"#8"},"south":{"uv":[6.125,6.25,6.875,7.0625],"tintindex":0,"rotation":0,"texture":"#8"},"north":{"uv":[5.375,6.25,6.125,7.0625],"tintindex":0,"rotation":0,"texture":"#8"},"west":{"uv":[6.0,1.3125,6.875,2.125],"tintindex":0,"rotation":0,"texture":"#8"},"up":{"uv":[6.75,3.0,6.0,2.125],"tintindex":0,"rotation":0,"texture":"#8"},"down":{"uv":[2.875,6.25,2.125,7.125],"tintindex":0,"rotation":0,"texture":"#8"}},"rotation":{"origin":[16.646446,6.75,3.621674],"angle":-45.0,"axis":"y"}},{"from":[8.0,8.5,3.0254798],"to":[12.0,13.5,10.52548],"faces":{"east":{"uv":[0.0,6.4375,0.9375,7.0625],"tintindex":0,"rotation":0,"texture":"#8"},"south":{"uv":[2.875,7.125,3.375,7.75],"tintindex":0,"rotation":0,"texture":"#8"},"north":{"uv":[1.75,4.25,2.25,4.875],"tintindex":0,"rotation":0,"texture":"#8"},"west":{"uv":[2.5625,2.1875,3.5,2.8125],"tintindex":0,"rotation":0,"texture":"#8"},"up":{"uv":[6.25,8.5625,5.75,7.625],"tintindex":0,"rotation":0,"texture":"#8"},"down":{"uv":[6.75,7.625,6.25,8.5625],"tintindex":0,"rotation":0,"texture":"#8"}}},{"from":[-3.6464462,4.0,0.12167406],"to":[2.3535533,9.5,7.121674],"faces":{"east":{"uv":[6.625,3.0,7.5,3.6875],"tintindex":0,"rotation":0,"texture":"#8"},"south":{"uv":[4.375,7.0,5.125,7.6875],"tintindex":0,"rotation":0,"texture":"#8"},"north":{"uv":[6.875,1.3125,7.625,2.0],"tintindex":0,"rotation":0,"texture":"#8"},"west":{"uv":[6.625,5.5625,7.5,6.25],"tintindex":0,"rotation":0,"texture":"#8"},"up":{"uv":[3.625,7.125,2.875,6.25],"tintindex":0,"rotation":0,"texture":"#8"},"down":{"uv":[4.375,6.25,3.625,7.125],"tintindex":0,"rotation":0,"texture":"#8"}},"rotation":{"origin":[-0.6464462,6.75,3.621674],"angle":45.0,"axis":"y"}},{"from":[1.0,13.0,9.02548],"to":[1.0,17.5,16.02548],"faces":{"east":{"uv":[2.875,7.125,2.0,7.6875],"tintindex":0,"rotation":0,"texture":"#8"},"west":{"uv":[2.0,7.125,2.875,7.6875],"tintindex":0,"rotation":0,"texture":"#8"}},"rotation":{"origin":[1.0,15.25,12.52548],"angle":22.5,"axis":"y"}},{"from":[4.5,8.366791,-1.6442156],"to":[12.0,10.866791,-1.6442156],"faces":{"south":{"uv":[4.125,7.6875,5.0625,8.0],"tintindex":0,"rotation":0,"texture":"#8"},"north":{"uv":[7.625,4.25,8.5625,4.5625],"tintindex":0,"rotation":0,"texture":"#8"}},"rotation":{"origin":[8.25,10.116791,-1.6442156],"angle":-22.5,"axis":"x"}},{"from":[-1.7653666,12.847759,9.02548],"to":[-1.7653666,16.84776,16.02548],"faces":{"east":{"uv":[8.25,2.0,7.375,2.5],"tintindex":0,"rotation":0,"texture":"#8"},"west":{"uv":[7.375,2.0,8.25,2.5],"tintindex":0,"rotation":0,"texture":"#8"}},"rotation":{"origin":[-1.7653666,14.847759,12.52548],"angle":22.5,"axis":"z"}},{"from":[3.4752274,2.0,15.0],"to":[3.4752274,14.0,22.0],"faces":{"east":{"uv":[4.375,0.0,5.25,1.5],"tintindex":0,"rotation":0,"texture":"#8"},"west":{"uv":[4.5,1.5,5.375,3.0],"tintindex":0,"rotation":0,"texture":"#8"}},"rotation":{"origin":[3.4752274,8.0,18.5],"angle":45.0,"axis":"y"}},{"from":[0.5,0.19029999,0.9821882],"to":[15.5,5.1903,0.9821882],"faces":{"south":{"uv":[4.75,3.625,6.625,4.25],"tintindex":0,"rotation":0,"texture":"#8"},"north":{"uv":[4.5,3.0,6.375,3.625],"tintindex":0,"rotation":0,"texture":"#8"}},"rotation":{"origin":[2.25,2.6903,0.9821882],"angle":-22.5,"axis":"x"}},{"from":[17.956245,14.0,5.83537],"to":[17.956245,19.5,10.83537],"faces":{"east":{"uv":[0.0,7.3125,0.625,8.0],"tintindex":0,"rotation":0,"texture":"#8"},"west":{"uv":[0.625,7.4375,1.25,8.125],"tintindex":0,"rotation":0,"texture":"#8"}},"rotation":{"origin":[17.956245,16.75,8.33537],"angle":22.5,"axis":"y"}}],"display":{"gui":{"rotation":[30,225,0]}}}