{"textures":{"8":"modelengine:entity/lrd_beholder_dead_head"},"elements":[{"from":[-2.0,8.0,2.5],"to":[18.0,13.0,13.5],"faces":{"east":{"uv":[8.25,7.25,8.9375,7.5625],"tintindex":0,"rotation":0,"texture":"#8"},"south":{"uv":[7.375,0.9375,8.625,1.25],"tintindex":0,"rotation":0,"texture":"#8"},"north":{"uv":[7.0,5.125,8.25,5.4375],"tintindex":0,"rotation":0,"texture":"#8"},"west":{"uv":[8.375,1.25,9.0625,1.5625],"tintindex":0,"rotation":0,"texture":"#8"},"up":{"uv":[6.625,6.25,5.375,5.5625],"tintindex":0,"rotation":0,"texture":"#8"},"down":{"uv":[1.25,5.75,0.0,6.4375],"tintindex":0,"rotation":0,"texture":"#8"}}}],"display":{"gui":{"rotation":[30,225,0]}}}