{"textures":{"0":"modelengine:entity/lrd_beholder"},"elements":[{"from":[-3.0,3.5,2.5],"to":[19.0,12.5,13.5],"faces":{"east":{"uv":[10.875,10.0625,11.5625,10.625],"tintindex":0,"rotation":0,"texture":"#0"},"south":{"uv":[9.1875,7.375,10.5625,7.9375],"tintindex":0,"rotation":0,"texture":"#0"},"north":{"uv":[9.1875,6.8125,10.5625,7.375],"tintindex":0,"rotation":0,"texture":"#0"},"west":{"uv":[10.875,10.625,11.5625,11.1875],"tintindex":0,"rotation":0,"texture":"#0"},"up":{"uv":[9.625,1.5625,8.25,0.875],"tintindex":0,"rotation":0,"texture":"#0"},"down":{"uv":[9.625,1.5625,8.25,2.25],"tintindex":0,"rotation":0,"texture":"#0"}}}],"display":{"gui":{"rotation":[30,225,0]}}}