{"textures":{"6":"modelengine:entity/lrd_beholder_laser"},"elements":[{"from":[7.0,7.0,8.0],"to":[10.0,10.0,20.0],"faces":{"east":{"uv":[0.0,0.0,2.0,5.0],"tintindex":0,"rotation":0,"texture":"#6"},"south":{"uv":[0.0,0.0,1.5,1.5],"tintindex":0,"rotation":0,"texture":"#6"},"north":{"uv":[0.0,0.0,1.5,1.5],"tintindex":0,"rotation":0,"texture":"#6"},"west":{"uv":[0.0,0.0,2.5,5.0],"tintindex":0,"rotation":0,"texture":"#6"},"up":{"uv":[0.0,0.0,1.5,6.0],"tintindex":0,"rotation":0,"texture":"#6"},"down":{"uv":[0.0,0.0,1.5,6.0],"tintindex":0,"rotation":0,"texture":"#6"}}},{"from":[11.0,11.0,20.0],"to":[6.0,6.0,8.0],"faces":{"east":{"uv":[10.0,1.5,16.0,0.0],"tintindex":0,"rotation":0,"texture":"#6"},"south":{"uv":[9.0,7.5,11.5,5.0],"tintindex":0,"rotation":0,"texture":"#6"},"north":{"uv":[9.0,8.0,11.5,5.5],"tintindex":0,"rotation":0,"texture":"#6"},"west":{"uv":[10.0,1.5,16.0,0.0],"tintindex":0,"rotation":0,"texture":"#6"},"up":{"uv":[16.0,0.0,10.0,1.5],"tintindex":0,"rotation":0,"texture":"#6"},"down":{"uv":[16.0,0.0,10.0,1.5],"tintindex":0,"rotation":0,"texture":"#6"}}}],"display":{"gui":{"rotation":[30,225,0]}}}