{"textures":{"0":"modelengine:entity/lrd_beholder"},"elements":[{"from":[5.0,5.0,6.0],"to":[11.0,11.0,10.0],"faces":{"east":{"uv":[1.875,10.0,2.125,10.375],"tintindex":0,"rotation":0,"texture":"#0"},"south":{"uv":[0.0,12.1875,0.375,12.5625],"tintindex":0,"rotation":0,"texture":"#0"},"north":{"uv":[8.9375,9.9375,9.3125,10.3125],"tintindex":0,"rotation":0,"texture":"#0"},"west":{"uv":[2.125,10.0,1.875,10.375],"tintindex":0,"rotation":0,"texture":"#0"},"up":{"uv":[2.125,10.375,1.875,10.0],"tintindex":0,"rotation":90,"texture":"#0"},"down":{"uv":[1.875,10.0,2.125,10.375],"tintindex":0,"rotation":90,"texture":"#0"}}}],"display":{"gui":{"rotation":[30,225,0]}}}