{"textures":{"0":"modelengine:entity/lrd_beholder"},"elements":[{"from":[4.0,0.0,6.0],"to":[12.0,9.0,10.0],"faces":{"east":{"uv":[8.9375,9.9375,8.4375,11.0625],"tintindex":0,"rotation":0,"texture":"#0"},"south":{"uv":[8.25,1.125,7.25,2.25],"tintindex":0,"rotation":0,"texture":"#0"},"north":{"uv":[8.25,0.0,7.25,1.125],"tintindex":0,"rotation":0,"texture":"#0"},"west":{"uv":[5.5,7.0625,5.0,8.1875],"tintindex":0,"rotation":0,"texture":"#0"},"up":{"uv":[10.5625,7.25,11.5625,6.75],"tintindex":0,"rotation":0,"texture":"#0"},"down":{"uv":[10.5625,7.25,11.5625,7.75],"tintindex":0,"rotation":0,"texture":"#0"}}},{"from":[8.0,-3.5,-6.5],"to":[8.0,0.5,7.5],"faces":{"east":{"uv":[8.875,2.25,10.625,2.75],"tintindex":0,"rotation":0,"texture":"#0"},"west":{"uv":[10.625,2.25,8.875,2.75],"tintindex":0,"rotation":0,"texture":"#0"}}},{"from":[4.5,0.5,-6.5],"to":[11.5,4.0,7.5],"faces":{"east":{"uv":[10.9375,8.375,9.1875,8.8125],"tintindex":0,"rotation":0,"texture":"#0"},"south":{"uv":[12.125,11.1875,11.25,11.625],"tintindex":0,"rotation":0,"texture":"#0"},"north":{"uv":[12.125,9.3125,11.25,9.75],"tintindex":0,"rotation":0,"texture":"#0"},"west":{"uv":[10.9375,7.9375,9.1875,8.375],"tintindex":0,"rotation":0,"texture":"#0"},"up":{"uv":[4.375,1.75,5.25,0.0],"tintindex":0,"rotation":0,"texture":"#0"},"down":{"uv":[4.75,4.3125,5.625,6.0625],"tintindex":0,"rotation":0,"texture":"#0"}}},{"from":[4.5,4.0,-6.0],"to":[11.5,7.5,-6.0],"faces":{"south":{"uv":[8.5,11.25,9.375,11.6875],"tintindex":0,"rotation":0,"texture":"#0"},"north":{"uv":[9.375,11.25,8.5,11.6875],"tintindex":0,"rotation":0,"texture":"#0"}}},{"from":[5.450101,7.7074604,-6.5],"to":[5.450101,11.20746,3.0],"faces":{"east":{"uv":[10.0,3.25,11.1875,3.6875],"tintindex":0,"rotation":0,"texture":"#0"},"west":{"uv":[11.1875,3.25,10.0,3.6875],"tintindex":0,"rotation":0,"texture":"#0"}},"rotation":{"origin":[9.450102,4.7074604,0.5],"angle":45.0,"axis":"z"}},{"from":[7.0,-0.5,-7.5],"to":[9.0,5.0,-4.5],"faces":{"east":{"uv":[2.4375,11.6875,2.0625,12.375],"tintindex":0,"rotation":0,"texture":"#0"},"south":{"uv":[12.375,9.1875,12.125,9.875],"tintindex":0,"rotation":0,"texture":"#0"},"north":{"uv":[12.375,8.5,12.125,9.1875],"tintindex":0,"rotation":0,"texture":"#0"},"west":{"uv":[2.0625,11.6875,1.6875,12.375],"tintindex":0,"rotation":0,"texture":"#0"},"up":{"uv":[5.4375,12.6875,5.6875,12.3125],"tintindex":0,"rotation":0,"texture":"#0"},"down":{"uv":[5.6875,12.3125,5.9375,12.6875],"tintindex":0,"rotation":0,"texture":"#0"}}}],"display":{"gui":{"rotation":[30,225,0]}}}