{"textures":{"0":"modelengine:entity/lrd_beholder"},"elements":[{"from":[5.434601,-1.5,-6.96474],"to":[21.4346,16.5,15.03526],"faces":{"east":{"uv":[4.75,4.3125,3.375,5.4375],"tintindex":0,"rotation":0,"texture":"#0"},"south":{"uv":[5.0,7.0625,4.0,8.1875],"tintindex":0,"rotation":0,"texture":"#0"},"north":{"uv":[4.0,7.0625,3.0,8.1875],"tintindex":0,"rotation":0,"texture":"#0"},"west":{"uv":[3.375,4.3125,2.0,5.4375],"tintindex":0,"rotation":0,"texture":"#0"},"up":{"uv":[5.625,4.875,6.625,3.5],"tintindex":0,"rotation":0,"texture":"#0"},"down":{"uv":[5.625,4.875,6.625,6.25],"tintindex":0,"rotation":0,"texture":"#0"}}},{"from":[2.5653992,0.5,4.46474],"to":[2.5653992,16.5,19.46474],"faces":{"east":{"uv":[8.25,6.8125,9.1875,7.8125],"tintindex":0,"rotation":0,"texture":"#0"},"west":{"uv":[9.1875,6.8125,8.25,7.8125],"tintindex":0,"rotation":0,"texture":"#0"}},"rotation":{"origin":[2.5653992,8.5,11.96474],"angle":-22.5,"axis":"y"}}],"display":{"gui":{"rotation":[30,225,0]}}}