{"textures":{"0":"modelengine:entity/lrd_beholder"},"elements":[{"from":[-4.750001,15.0,7.5],"to":[-0.25000095,23.000002,8.5],"faces":{"east":{"uv":[0.875,11.875,0.75,12.875],"tintindex":0,"rotation":0,"texture":"#0"},"south":{"uv":[4.0625,10.125,4.625,11.125],"tintindex":0,"rotation":0,"texture":"#0"},"north":{"uv":[4.625,10.125,4.0625,11.125],"tintindex":0,"rotation":0,"texture":"#0"},"west":{"uv":[2.9375,11.6875,2.8125,12.6875],"tintindex":0,"rotation":0,"texture":"#0"},"up":{"uv":[1.25,6.0625,1.8125,5.9375],"tintindex":0,"rotation":0,"texture":"#0"},"down":{"uv":[9.625,2.0625,10.1875,2.1875],"tintindex":0,"rotation":0,"texture":"#0"}},"rotation":{"origin":[-2.500001,21.000002,8.0],"angle":22.5,"axis":"z"}},{"from":[-4.750001,5.635521,7.0],"to":[-0.25000095,17.635523,9.0],"faces":{"east":{"uv":[11.8125,5.625,11.5625,7.125],"tintindex":0,"rotation":0,"texture":"#0"},"south":{"uv":[0.0,9.0625,0.5625,10.5625],"tintindex":0,"rotation":0,"texture":"#0"},"north":{"uv":[0.5625,9.0625,0.0,10.5625],"tintindex":0,"rotation":0,"texture":"#0"},"west":{"uv":[1.125,11.4375,0.875,12.9375],"tintindex":0,"rotation":0,"texture":"#0"},"up":{"uv":[7.0625,12.4375,7.625,12.1875],"tintindex":0,"rotation":0,"texture":"#0"},"down":{"uv":[12.1875,7.75,12.75,8.0],"tintindex":0,"rotation":0,"texture":"#0"}},"rotation":{"origin":[-2.500001,11.635521,8.0],"angle":-22.5,"axis":"z"}},{"from":[-4.717372,5.231207,6.5],"to":[5.782628,10.731207,9.5],"faces":{"east":{"uv":[8.875,11.6875,8.5,12.375],"tintindex":0,"rotation":0,"texture":"#0"},"south":{"uv":[4.25,8.625,5.5625,9.3125],"tintindex":0,"rotation":0,"texture":"#0"},"north":{"uv":[5.5625,8.625,4.25,9.3125],"tintindex":0,"rotation":0,"texture":"#0"},"west":{"uv":[2.8125,11.6875,2.4375,12.375],"tintindex":0,"rotation":0,"texture":"#0"},"up":{"uv":[1.8125,11.0,3.125,10.625],"tintindex":0,"rotation":0,"texture":"#0"},"down":{"uv":[10.625,2.0625,11.9375,2.4375],"tintindex":0,"rotation":0,"texture":"#0"}}},{"from":[5.782628,4.731207,6.0],"to":[11.282628,11.231207,10.0],"faces":{"east":{"uv":[0.5,10.5625,0.0,11.375],"tintindex":0,"rotation":0,"texture":"#0"},"south":{"uv":[7.375,10.4375,6.6875,11.25],"tintindex":0,"rotation":0,"texture":"#0"},"north":{"uv":[1.8125,10.4375,1.125,11.25],"tintindex":0,"rotation":0,"texture":"#0"},"west":{"uv":[6.625,10.5,6.125,11.3125],"tintindex":0,"rotation":0,"texture":"#0"},"up":{"uv":[11.5,1.5,12.1875,1.0],"tintindex":0,"rotation":0,"texture":"#0"},"down":{"uv":[11.5,7.75,12.1875,8.25],"tintindex":0,"rotation":0,"texture":"#0"}}},{"from":[-6.717372,2.731207,8.0],"to":[5.782628,7.231207,8.0],"faces":{"south":{"uv":[8.5,4.75,10.0625,5.3125],"tintindex":0,"rotation":0,"texture":"#0"},"north":{"uv":[10.0625,4.75,8.5,5.3125],"tintindex":0,"rotation":0,"texture":"#0"}}},{"from":[-7.250001,5.635521,8.0],"to":[-4.750001,18.135523,8.0],"faces":{"south":{"uv":[3.125,9.875,3.4375,11.4375],"tintindex":0,"rotation":0,"texture":"#0"},"north":{"uv":[3.4375,9.875,3.125,11.4375],"tintindex":0,"rotation":0,"texture":"#0"}},"rotation":{"origin":[-2.500001,11.635521,8.0],"angle":-22.5,"axis":"z"}}],"display":{"gui":{"rotation":[30,225,0]}}}