{"textures":{"0":"modelengine:entity/lrd_beholder"},"elements":[{"from":[10.217372,5.231207,6.5],"to":[20.717373,10.731207,9.5],"faces":{"east":{"uv":[2.4375,11.6875,2.8125,12.375],"tintindex":0,"rotation":0,"texture":"#0"},"south":{"uv":[5.5625,8.625,4.25,9.3125],"tintindex":0,"rotation":0,"texture":"#0"},"north":{"uv":[4.25,8.625,5.5625,9.3125],"tintindex":0,"rotation":0,"texture":"#0"},"west":{"uv":[8.5,11.6875,8.875,12.375],"tintindex":0,"rotation":0,"texture":"#0"},"up":{"uv":[3.125,11.0,1.8125,10.625],"tintindex":0,"rotation":0,"texture":"#0"},"down":{"uv":[11.9375,2.0625,10.625,2.4375],"tintindex":0,"rotation":0,"texture":"#0"}}},{"from":[20.75,5.635521,8.0],"to":[23.25,18.135523,8.0],"faces":{"south":{"uv":[3.4375,9.875,3.125,11.4375],"tintindex":0,"rotation":0,"texture":"#0"},"north":{"uv":[3.125,9.875,3.4375,11.4375],"tintindex":0,"rotation":0,"texture":"#0"}},"rotation":{"origin":[18.5,11.635521,8.0],"angle":22.5,"axis":"z"}},{"from":[16.25,15.0,7.5],"to":[20.75,23.000002,8.5],"faces":{"east":{"uv":[2.8125,11.6875,2.9375,12.6875],"tintindex":0,"rotation":0,"texture":"#0"},"south":{"uv":[4.625,10.125,4.0625,11.125],"tintindex":0,"rotation":0,"texture":"#0"},"north":{"uv":[4.0625,10.125,4.625,11.125],"tintindex":0,"rotation":0,"texture":"#0"},"west":{"uv":[0.75,11.875,0.875,12.875],"tintindex":0,"rotation":0,"texture":"#0"},"up":{"uv":[1.8125,6.0625,1.25,5.9375],"tintindex":0,"rotation":0,"texture":"#0"},"down":{"uv":[10.1875,2.0625,9.625,2.1875],"tintindex":0,"rotation":0,"texture":"#0"}},"rotation":{"origin":[18.5,21.000002,8.0],"angle":-22.5,"axis":"z"}},{"from":[16.25,5.635521,7.0],"to":[20.75,17.635523,9.0],"faces":{"east":{"uv":[0.875,11.4375,1.125,12.9375],"tintindex":0,"rotation":0,"texture":"#0"},"south":{"uv":[0.5625,9.0625,0.0,10.5625],"tintindex":0,"rotation":0,"texture":"#0"},"north":{"uv":[0.0,9.0625,0.5625,10.5625],"tintindex":0,"rotation":0,"texture":"#0"},"west":{"uv":[11.5625,5.625,11.8125,7.125],"tintindex":0,"rotation":0,"texture":"#0"},"up":{"uv":[7.625,12.4375,7.0625,12.1875],"tintindex":0,"rotation":0,"texture":"#0"},"down":{"uv":[12.75,7.75,12.1875,8.0],"tintindex":0,"rotation":0,"texture":"#0"}},"rotation":{"origin":[18.5,11.635521,8.0],"angle":22.5,"axis":"z"}},{"from":[4.717372,4.731207,6.0],"to":[10.217372,11.231207,10.0],"faces":{"east":{"uv":[6.125,10.5,6.625,11.3125],"tintindex":0,"rotation":0,"texture":"#0"},"south":{"uv":[6.6875,10.4375,7.375,11.25],"tintindex":0,"rotation":0,"texture":"#0"},"north":{"uv":[1.125,10.4375,1.8125,11.25],"tintindex":0,"rotation":0,"texture":"#0"},"west":{"uv":[0.0,10.5625,0.5,11.375],"tintindex":0,"rotation":0,"texture":"#0"},"up":{"uv":[12.1875,1.5,11.5,1.0],"tintindex":0,"rotation":0,"texture":"#0"},"down":{"uv":[12.1875,7.75,11.5,8.25],"tintindex":0,"rotation":0,"texture":"#0"}}},{"from":[10.217372,2.731207,8.0],"to":[22.717373,7.231207,8.0],"faces":{"south":{"uv":[10.0625,4.75,8.5,5.3125],"tintindex":0,"rotation":0,"texture":"#0"},"north":{"uv":[8.5,4.75,10.0625,5.3125],"tintindex":0,"rotation":0,"texture":"#0"}}}],"display":{"gui":{"rotation":[30,225,0]}}}