{"textures":{"0":"modelengine:entity/lrd_beholder","5":"modelengine:entity/lrd_beholder_eye_blink_4"},"elements":[{"from":[5.0,5.0,8.0],"to":[11.0,11.0,10.0],"faces":{"east":{"uv":[2.125,10.0,2.25,10.375],"tintindex":0,"rotation":0,"texture":"#0"},"south":{"uv":[0.0,12.1875,0.375,12.5625],"tintindex":0,"rotation":0,"texture":"#0"},"north":{"uv":[8.9375,9.9375,9.3125,10.3125],"tintindex":0,"rotation":0,"texture":"#0"},"west":{"uv":[2.25,10.0,2.125,10.375],"tintindex":0,"rotation":0,"texture":"#0"},"up":{"uv":[2.25,10.375,2.125,10.0],"tintindex":0,"rotation":90,"texture":"#0"},"down":{"uv":[2.125,10.0,2.25,10.375],"tintindex":0,"rotation":90,"texture":"#0"}}},{"from":[4.5,4.5,8.0],"to":[11.5,11.5,15.0],"faces":{"east":{"uv":[0.0,3.5,3.5,7.0],"tintindex":0,"rotation":0,"texture":"#5"},"south":{"uv":[3.5,0.0,7.0,3.5],"tintindex":0,"rotation":0,"texture":"#5"},"north":{"uv":[0.0,0.0,3.5,3.5],"tintindex":0,"rotation":0,"texture":"#5"},"west":{"uv":[3.5,3.5,0.0,7.0],"tintindex":0,"rotation":0,"texture":"#5"},"up":{"uv":[3.5,10.5,0.0,7.0],"tintindex":0,"rotation":0,"texture":"#5"},"down":{"uv":[10.5,0.0,7.0,3.5],"tintindex":0,"rotation":0,"texture":"#5"}}}],"display":{"gui":{"rotation":[30,225,0]}}}