{"textures":{"0":"modelengine:entity/lrd_beholder"},"elements":[{"from":[4.5,4.5,1.0],"to":[11.5,11.5,15.0],"faces":{"east":{"uv":[4.625,11.3125,5.5,11.75],"tintindex":0,"rotation":0,"texture":"#0"},"south":{"uv":[9.8125,12.0625,10.25,12.5],"tintindex":0,"rotation":0,"texture":"#0"},"north":{"uv":[5.9375,12.0625,6.375,12.5],"tintindex":0,"rotation":0,"texture":"#0"},"west":{"uv":[6.125,11.3125,7.0,11.75],"tintindex":0,"rotation":0,"texture":"#0"},"up":{"uv":[1.0,9.9375,0.5625,9.0625],"tintindex":0,"rotation":0,"texture":"#0"},"down":{"uv":[3.875,11.3125,3.4375,12.1875],"tintindex":0,"rotation":0,"texture":"#0"}}}],"display":{"gui":{"rotation":[30,225,0]}}}