{"textures":{"0":"modelengine:entity/lrd_beholder"},"elements":[{"from":[8.930519,11.286781,1.8573685],"to":[8.930519,15.286781,10.857368],"faces":{"east":{"uv":[10.4375,5.75,9.875,6.0],"tintindex":0,"rotation":0,"texture":"#0"},"west":{"uv":[9.875,5.75,10.4375,6.0],"tintindex":0,"rotation":0,"texture":"#0"}}},{"from":[5.9305186,3.1396542,-3.9146538],"to":[12.930519,3.1396542,2.0853462],"faces":{"up":{"uv":[12.5625,10.25,12.125,9.875],"tintindex":0,"rotation":0,"texture":"#0"},"down":{"uv":[12.125,9.875,12.5625,10.25],"tintindex":0,"rotation":0,"texture":"#0"}},"rotation":{"origin":[9.430519,3.1396542,-0.9146538],"angle":-22.5,"axis":"x"}},{"from":[5.9305186,4.2867813,1.8573685],"to":[12.930519,11.286781,15.857368],"faces":{"east":{"uv":[0.0,11.4375,0.875,11.875],"tintindex":0,"rotation":0,"texture":"#0"},"south":{"uv":[12.125,4.625,12.5625,5.0625],"tintindex":0,"rotation":0,"texture":"#0"},"north":{"uv":[12.125,3.375,12.5625,3.8125],"tintindex":0,"rotation":0,"texture":"#0"},"west":{"uv":[7.0,11.4375,7.875,11.875],"tintindex":0,"rotation":0,"texture":"#0"},"up":{"uv":[3.375,12.3125,2.9375,11.4375],"tintindex":0,"rotation":0,"texture":"#0"},"down":{"uv":[5.9375,11.4375,5.5,12.3125],"tintindex":0,"rotation":0,"texture":"#0"}}},{"from":[4.208443,4.2867813,-2.8000908],"to":[4.208443,11.286781,6.199909],"faces":{"east":{"uv":[3.875,11.8125,4.4375,12.25],"tintindex":0,"rotation":0,"texture":"#0"},"west":{"uv":[4.4375,11.8125,3.875,12.25],"tintindex":0,"rotation":0,"texture":"#0"}},"rotation":{"origin":[4.208443,7.7867813,1.6999092],"angle":22.5,"axis":"y"}}],"display":{"gui":{"rotation":[30,225,0]}}}