{"textures":{"0":"modelengine:entity/lrd_beholder"},"elements":[{"from":[5.5,5.5,2.0],"to":[10.5,10.5,14.0],"faces":{"east":{"uv":[0.0,11.875,0.75,12.1875],"tintindex":0,"rotation":0,"texture":"#0"},"south":{"uv":[12.25,0.3125,12.5625,0.625],"tintindex":0,"rotation":0,"texture":"#0"},"north":{"uv":[12.25,0.0,12.5625,0.3125],"tintindex":0,"rotation":0,"texture":"#0"},"west":{"uv":[11.875,4.3125,12.625,4.625],"tintindex":0,"rotation":0,"texture":"#0"},"up":{"uv":[8.5,12.5625,8.1875,11.8125],"tintindex":0,"rotation":0,"texture":"#0"},"down":{"uv":[7.0625,11.875,6.75,12.625],"tintindex":0,"rotation":0,"texture":"#0"}}}],"display":{"gui":{"rotation":[30,225,0]}}}