{"textures":{"0":"modelengine:entity/lrd_beholder"},"elements":[{"from":[3.5,3.5,-1.5],"to":[12.5,12.5,17.5],"faces":{"east":{"uv":[4.9375,9.3125,6.125,9.875],"tintindex":0,"rotation":0,"texture":"#0"},"south":{"uv":[11.5625,9.75,12.125,10.3125],"tintindex":0,"rotation":0,"texture":"#0"},"north":{"uv":[11.5625,7.125,12.125,7.6875],"tintindex":0,"rotation":0,"texture":"#0"},"west":{"uv":[8.125,9.375,9.3125,9.9375],"tintindex":0,"rotation":0,"texture":"#0"},"up":{"uv":[6.6875,10.5,6.125,9.3125],"tintindex":0,"rotation":0,"texture":"#0"},"down":{"uv":[9.875,9.375,9.3125,10.5625],"tintindex":0,"rotation":0,"texture":"#0"}}}],"display":{"gui":{"rotation":[30,225,0]}}}