{"textures":{"0":"modelengine:entity/lrd_beholder"},"elements":[{"from":[7.5,10.5,2.0],"to":[7.5,15.5,15.0],"faces":{"east":{"uv":[11.8125,1.5,12.625,1.8125],"tintindex":0,"rotation":0,"texture":"#0"},"west":{"uv":[12.625,1.5,11.8125,1.8125],"tintindex":0,"rotation":0,"texture":"#0"}}},{"from":[5.5,5.5,2.0],"to":[10.5,10.5,14.0],"faces":{"east":{"uv":[11.9375,1.8125,12.6875,2.125],"tintindex":0,"rotation":0,"texture":"#0"},"south":{"uv":[2.9375,12.3125,3.25,12.625],"tintindex":0,"rotation":0,"texture":"#0"},"north":{"uv":[4.0625,12.25,4.375,12.5625],"tintindex":0,"rotation":0,"texture":"#0"},"west":{"uv":[11.9375,2.125,12.6875,2.4375],"tintindex":0,"rotation":0,"texture":"#0"},"up":{"uv":[12.3125,12.375,12.0,11.625],"tintindex":0,"rotation":0,"texture":"#0"},"down":{"uv":[4.75,12.0625,4.4375,12.8125],"tintindex":0,"rotation":0,"texture":"#0"}}}],"display":{"gui":{"rotation":[30,225,0]}}}