{"textures":{"0":"modelengine:entity/lrd_beholder"},"elements":[{"from":[5.5,4.5,7.0],"to":[10.5,4.5,13.0],"faces":{"up":{"uv":[7.875,2.625,7.5625,2.25],"tintindex":0,"rotation":0,"texture":"#0"},"down":{"uv":[7.5625,2.25,7.875,2.625],"tintindex":0,"rotation":0,"texture":"#0"}},"rotation":{"origin":[8.0,7.0,11.0],"angle":-22.5,"axis":"x"}},{"from":[5.5,5.4547424,1.8048477],"to":[10.5,10.454742,13.804848],"faces":{"east":{"uv":[11.8125,2.75,12.5625,3.0625],"tintindex":0,"rotation":0,"texture":"#0"},"south":{"uv":[10.6875,12.1875,11.0,12.5],"tintindex":0,"rotation":0,"texture":"#0"},"north":{"uv":[11.25,9.75,11.5625,10.0625],"tintindex":0,"rotation":0,"texture":"#0"},"west":{"uv":[11.8125,6.0625,12.5625,6.375],"tintindex":0,"rotation":0,"texture":"#0"},"up":{"uv":[12.125,7.125,11.8125,6.375],"tintindex":0,"rotation":0,"texture":"#0"},"down":{"uv":[8.1875,11.8125,7.875,12.5625],"tintindex":0,"rotation":0,"texture":"#0"}}}],"display":{"gui":{"rotation":[30,225,0]}}}