{"textures":{"0":"modelengine:entity/lrd_beholder"},"elements":[{"from":[6.2664075,11.647011,2.0],"to":[6.2664075,15.647011,14.0],"faces":{"east":{"uv":[12.125,6.375,12.875,6.625],"tintindex":0,"rotation":0,"texture":"#0"},"west":{"uv":[12.875,6.375,12.125,6.625],"tintindex":0,"rotation":0,"texture":"#0"}},"rotation":{"origin":[8.766407,9.147009,-1.0],"angle":22.5,"axis":"z"}},{"from":[5.5,5.5,2.0],"to":[10.5,10.5,14.0],"faces":{"east":{"uv":[7.0625,11.875,7.8125,12.1875],"tintindex":0,"rotation":0,"texture":"#0"},"south":{"uv":[3.75,12.25,4.0625,12.5625],"tintindex":0,"rotation":0,"texture":"#0"},"north":{"uv":[12.25,0.625,12.5625,0.9375],"tintindex":0,"rotation":0,"texture":"#0"},"west":{"uv":[10.4375,11.875,11.1875,12.1875],"tintindex":0,"rotation":0,"texture":"#0"},"up":{"uv":[1.4375,12.6875,1.125,11.9375],"tintindex":0,"rotation":0,"texture":"#0"},"down":{"uv":[12.3125,10.3125,12.0,11.0625],"tintindex":0,"rotation":0,"texture":"#0"}}}],"display":{"gui":{"rotation":[30,225,0]}}}