{"textures":{"0":"modelengine:entity/lrd_beholder"},"elements":[{"from":[3.5,5.0,-3.0],"to":[12.5,10.0,8.0],"faces":{"east":{"uv":[4.75,12.0625,5.4375,12.375],"tintindex":0,"rotation":0,"texture":"#0"},"south":{"uv":[12.125,7.1875,12.6875,7.5],"tintindex":0,"rotation":0,"texture":"#0"},"north":{"uv":[12.125,6.875,12.6875,7.1875],"tintindex":0,"rotation":0,"texture":"#0"},"west":{"uv":[12.0625,5.125,12.75,5.4375],"tintindex":0,"rotation":0,"texture":"#0"},"up":{"uv":[5.8125,11.3125,5.25,10.625],"tintindex":0,"rotation":0,"texture":"#0"},"down":{"uv":[7.9375,10.75,7.375,11.4375],"tintindex":0,"rotation":0,"texture":"#0"}}}],"display":{"gui":{"rotation":[30,225,0]}}}