{"textures":{"0":"modelengine:entity/lrd_beholder"},"elements":[{"from":[4.5,4.0,-3.0],"to":[11.5,8.0,8.0],"faces":{"east":{"uv":[12.125,7.5,12.8125,7.75],"tintindex":0,"rotation":0,"texture":"#0"},"south":{"uv":[10.25,12.1875,10.6875,12.4375],"tintindex":0,"rotation":0,"texture":"#0"},"north":{"uv":[12.1875,8.0,12.625,8.25],"tintindex":0,"rotation":0,"texture":"#0"},"west":{"uv":[12.125,8.25,12.8125,8.5],"tintindex":0,"rotation":0,"texture":"#0"},"up":{"uv":[12.0,11.0,11.5625,10.3125],"tintindex":0,"rotation":0,"texture":"#0"},"down":{"uv":[9.8125,11.625,9.375,12.3125],"tintindex":0,"rotation":0,"texture":"#0"}}}],"display":{"gui":{"rotation":[30,225,0]}}}