{"textures":{"0":"modelengine:entity/eldric_anvil"},"elements":[{"from":[4.324074,-0.64814854,4.5],"to":[16.324074,2.8518515,11.5],"faces":{"east":{"uv":[2.25,5.0,4.0,5.875],"tintindex":0,"rotation":0,"texture":"#0"},"south":{"uv":[9.25,5.25,6.25,6.125],"tintindex":0,"rotation":0,"texture":"#0"},"north":{"uv":[6.25,5.25,9.25,6.125],"tintindex":0,"rotation":0,"texture":"#0"},"west":{"uv":[9.75,5.625,11.5,6.5],"tintindex":0,"rotation":0,"texture":"#0"},"up":{"uv":[5.25,7.875,2.25,6.125],"tintindex":0,"rotation":0,"texture":"#0"},"down":{"uv":[8.25,6.125,5.25,7.875],"tintindex":0,"rotation":0,"texture":"#0"}}},{"from":[2.8240738,1.8518515,3.0],"to":[4.324074,3.3518515,4.5],"faces":{"east":{"uv":[9.75,11.5,9.375,11.875],"tintindex":0,"rotation":0,"texture":"#0"},"south":{"uv":[9.75,11.125,9.375,11.5],"tintindex":0,"rotation":0,"texture":"#0"},"north":{"uv":[9.625,5.625,9.25,6.0],"tintindex":0,"rotation":0,"texture":"#0"},"west":{"uv":[9.875,8.875,9.5,9.25],"tintindex":0,"rotation":0,"texture":"#0"},"up":{"uv":[6.125,12.125,6.5,11.75],"tintindex":0,"rotation":0,"texture":"#0"},"down":{"uv":[11.75,9.75,12.125,10.125],"tintindex":0,"rotation":0,"texture":"#0"}}},{"from":[2.3240738,9.851851,3.0],"to":[18.324074,16.851852,13.0],"faces":{"east":{"uv":[3.0,7.875,5.5,9.625],"tintindex":0,"rotation":0,"texture":"#0"},"south":{"uv":[8.0,0.0,4.0,1.75],"tintindex":0,"rotation":0,"texture":"#0"},"north":{"uv":[4.0,0.0,8.0,1.75],"tintindex":0,"rotation":0,"texture":"#0"},"west":{"uv":[5.5,7.875,8.0,9.625],"tintindex":0,"rotation":0,"texture":"#0"},"up":{"uv":[4.0,2.5,0.0,0.0],"tintindex":0,"rotation":0,"texture":"#0"},"down":{"uv":[4.0,2.5,0.0,5.0],"tintindex":0,"rotation":0,"texture":"#0"}}},{"from":[3.0563068,-0.64814854,11.717514],"to":[8.556307,1.8518515,15.217514],"faces":{"east":{"uv":[11.5,10.5,12.375,11.125],"tintindex":0,"rotation":0,"texture":"#0"},"south":{"uv":[10.875,8.25,12.25,8.875],"tintindex":0,"rotation":0,"texture":"#0"},"north":{"uv":[11.0,1.25,12.375,1.875],"tintindex":0,"rotation":0,"texture":"#0"},"west":{"uv":[11.5,6.375,12.375,7.0],"tintindex":0,"rotation":0,"texture":"#0"},"up":{"uv":[5.375,10.875,6.75,11.75],"tintindex":0,"rotation":0,"texture":"#0"},"down":{"uv":[10.875,8.25,12.25,7.375],"tintindex":0,"rotation":0,"texture":"#0"}},"rotation":{"origin":[2.5563068,1.1018515,13.717514],"angle":45.0,"axis":"y"}},{"from":[2.8240738,1.8518515,11.5],"to":[4.324074,3.3518515,13.0],"faces":{"east":{"uv":[9.375,11.5,9.75,11.875],"tintindex":0,"rotation":0,"texture":"#0"},"south":{"uv":[9.25,5.625,9.625,6.0],"tintindex":0,"rotation":0,"texture":"#0"},"north":{"uv":[9.375,11.125,9.75,11.5],"tintindex":0,"rotation":0,"texture":"#0"},"west":{"uv":[9.5,8.875,9.875,9.25],"tintindex":0,"rotation":0,"texture":"#0"},"up":{"uv":[6.125,11.75,6.5,12.125],"tintindex":0,"rotation":0,"texture":"#0"},"down":{"uv":[11.75,10.125,12.125,9.75],"tintindex":0,"rotation":0,"texture":"#0"}}},{"from":[-3.1759262,12.851851,10.0],"to":[1.3240738,13.851851,11.5],"faces":{"east":{"uv":[3.75,5.875,3.375,6.125],"tintindex":0,"rotation":0,"texture":"#0"},"south":{"uv":[3.375,5.875,2.25,6.125],"tintindex":0,"rotation":0,"texture":"#0"},"north":{"uv":[1.125,7.625,0.0,7.875],"tintindex":0,"rotation":0,"texture":"#0"},"west":{"uv":[1.5,7.625,1.125,7.875],"tintindex":0,"rotation":0,"texture":"#0"},"up":{"uv":[12.625,7.0,11.5,7.375],"tintindex":0,"rotation":0,"texture":"#0"},"down":{"uv":[3.0,12.0,1.875,11.625],"tintindex":0,"rotation":0,"texture":"#0"}}},{"from":[20.324074,11.851851,5.5],"to":[25.824074,16.851852,10.5],"faces":{"east":{"uv":[5.375,9.625,6.625,10.875],"tintindex":0,"rotation":0,"texture":"#0"},"south":{"uv":[9.5,7.625,10.875,8.875],"tintindex":0,"rotation":0,"texture":"#0"},"north":{"uv":[9.5,7.625,10.875,8.875],"tintindex":0,"rotation":0,"texture":"#0"},"west":{"uv":[6.625,9.625,7.875,10.875],"tintindex":0,"rotation":0,"texture":"#0"},"up":{"uv":[2.75,10.875,1.375,9.625],"tintindex":0,"rotation":0,"texture":"#0"},"down":{"uv":[4.125,9.625,2.75,10.875],"tintindex":0,"rotation":0,"texture":"#0"}}},{"from":[-5.175926,13.851851,7.0],"to":[-2.6759262,16.851852,9.0],"faces":{"east":{"uv":[11.625,2.625,12.125,3.375],"tintindex":0,"rotation":0,"texture":"#0"},"south":{"uv":[0.0,11.625,0.625,12.375],"tintindex":0,"rotation":0,"texture":"#0"},"north":{"uv":[11.5,11.125,12.125,11.875],"tintindex":0,"rotation":0,"texture":"#0"},"west":{"uv":[3.0,11.625,3.5,12.375],"tintindex":0,"rotation":0,"texture":"#0"},"up":{"uv":[12.25,5.375,11.625,4.875],"tintindex":0,"rotation":0,"texture":"#0"},"down":{"uv":[12.25,8.875,11.625,9.375],"tintindex":0,"rotation":0,"texture":"#0"}}},{"from":[12.324074,-0.64814854,3.5],"to":[14.824074,9.851851,12.5],"faces":{"east":{"uv":[4.0,3.5,6.25,6.125],"tintindex":0,"rotation":0,"texture":"#0"},"south":{"uv":[4.75,9.625,4.125,12.25],"tintindex":0,"rotation":0,"texture":"#0"},"north":{"uv":[4.125,9.625,4.75,12.25],"tintindex":0,"rotation":0,"texture":"#0"},"west":{"uv":[0.0,5.0,2.25,7.625],"tintindex":0,"rotation":0,"texture":"#0"},"up":{"uv":[10.375,12.75,9.75,10.5],"tintindex":0,"rotation":0,"texture":"#0"},"down":{"uv":[11.0,10.5,10.375,12.75],"tintindex":0,"rotation":0,"texture":"#0"}}},{"from":[6.324074,7.3518515,2.5],"to":[7.824074,8.851851,3.5],"faces":{"east":{"uv":[9.25,3.0,9.0,3.375],"tintindex":0,"rotation":0,"texture":"#0"},"south":{"uv":[8.375,11.875,8.0,12.25],"tintindex":0,"rotation":0,"texture":"#0"},"north":{"uv":[12.125,10.125,11.75,10.5],"tintindex":0,"rotation":0,"texture":"#0"},"west":{"uv":[9.25,2.625,9.0,3.0],"tintindex":0,"rotation":0,"texture":"#0"},"up":{"uv":[1.5,7.875,1.875,7.625],"tintindex":0,"rotation":0,"texture":"#0"},"down":{"uv":[1.875,7.625,2.25,7.875],"tintindex":0,"rotation":0,"texture":"#0"}},"rotation":{"origin":[7.074074,8.101851,3.0],"angle":45.0,"axis":"z"}},{"from":[4.324074,6.3518515,4.5],"to":[16.324074,9.851851,11.5],"faces":{"east":{"uv":[9.75,6.5,11.5,7.375],"tintindex":0,"rotation":0,"texture":"#0"},"south":{"uv":[8.0,1.75,11.0,2.625],"tintindex":0,"rotation":0,"texture":"#0"},"north":{"uv":[8.0,0.875,11.0,1.75],"tintindex":0,"rotation":0,"texture":"#0"},"west":{"uv":[9.875,8.875,11.625,9.75],"tintindex":0,"rotation":0,"texture":"#0"},"up":{"uv":[9.25,5.25,6.25,3.5],"tintindex":0,"rotation":0,"texture":"#0"},"down":{"uv":[3.0,7.875,0.0,9.625],"tintindex":0,"rotation":0,"texture":"#0"}}},{"from":[12.091841,-0.64814854,0.7824855],"to":[17.59184,1.8518515,4.2824855],"faces":{"east":{"uv":[11.5,6.375,12.375,7.0],"tintindex":0,"rotation":0,"texture":"#0"},"south":{"uv":[11.0,1.25,12.375,1.875],"tintindex":0,"rotation":0,"texture":"#0"},"north":{"uv":[10.875,8.25,12.25,8.875],"tintindex":0,"rotation":0,"texture":"#0"},"west":{"uv":[11.5,10.5,12.375,11.125],"tintindex":0,"rotation":0,"texture":"#0"},"up":{"uv":[6.75,11.75,5.375,10.875],"tintindex":0,"rotation":0,"texture":"#0"},"down":{"uv":[12.25,7.375,10.875,8.25],"tintindex":0,"rotation":0,"texture":"#0"}},"rotation":{"origin":[18.09184,1.1018515,2.2824855],"angle":45.0,"axis":"y"}},{"from":[1.3240738,8.851851,4.5],"to":[4.324074,13.851851,6.0],"faces":{"east":{"uv":[3.75,10.875,4.125,12.125],"tintindex":0,"rotation":0,"texture":"#0"},"south":{"uv":[11.0,0.0,11.75,1.25],"tintindex":0,"rotation":0,"texture":"#0"},"north":{"uv":[6.75,10.875,7.5,12.125],"tintindex":0,"rotation":0,"texture":"#0"},"west":{"uv":[9.0,11.125,9.375,12.375],"tintindex":0,"rotation":0,"texture":"#0"},"up":{"uv":[12.375,9.75,11.625,9.375],"tintindex":0,"rotation":0,"texture":"#0"},"down":{"uv":[6.125,11.75,5.375,12.125],"tintindex":0,"rotation":0,"texture":"#0"}}},{"from":[5.824074,-0.64814854,3.5],"to":[8.324074,9.851851,12.5],"faces":{"east":{"uv":[2.25,5.0,0.0,7.625],"tintindex":0,"rotation":0,"texture":"#0"},"south":{"uv":[4.125,9.625,4.75,12.25],"tintindex":0,"rotation":0,"texture":"#0"},"north":{"uv":[4.75,9.625,4.125,12.25],"tintindex":0,"rotation":0,"texture":"#0"},"west":{"uv":[6.25,3.5,4.0,6.125],"tintindex":0,"rotation":0,"texture":"#0"},"up":{"uv":[9.75,12.75,10.375,10.5],"tintindex":0,"rotation":0,"texture":"#0"},"down":{"uv":[10.375,10.5,11.0,12.75],"tintindex":0,"rotation":0,"texture":"#0"}}},{"from":[16.324074,1.8518515,3.0],"to":[17.824074,3.3518515,4.5],"faces":{"east":{"uv":[9.5,8.875,9.875,9.25],"tintindex":0,"rotation":0,"texture":"#0"},"south":{"uv":[9.375,11.125,9.75,11.5],"tintindex":0,"rotation":0,"texture":"#0"},"north":{"uv":[9.25,5.625,9.625,6.0],"tintindex":0,"rotation":0,"texture":"#0"},"west":{"uv":[9.375,11.5,9.75,11.875],"tintindex":0,"rotation":0,"texture":"#0"},"up":{"uv":[6.5,12.125,6.125,11.75],"tintindex":0,"rotation":0,"texture":"#0"},"down":{"uv":[12.125,9.75,11.75,10.125],"tintindex":0,"rotation":0,"texture":"#0"}}},{"from":[1.3240738,8.851851,10.0],"to":[4.324074,13.851851,11.5],"faces":{"east":{"uv":[4.125,10.875,3.75,12.125],"tintindex":0,"rotation":0,"texture":"#0"},"south":{"uv":[7.5,10.875,6.75,12.125],"tintindex":0,"rotation":0,"texture":"#0"},"north":{"uv":[11.75,0.0,11.0,1.25],"tintindex":0,"rotation":0,"texture":"#0"},"west":{"uv":[9.375,11.125,9.0,12.375],"tintindex":0,"rotation":0,"texture":"#0"},"up":{"uv":[12.375,9.375,11.625,9.75],"tintindex":0,"rotation":0,"texture":"#0"},"down":{"uv":[6.125,12.125,5.375,11.75],"tintindex":0,"rotation":0,"texture":"#0"}}},{"from":[12.824074,7.3518515,2.5],"to":[14.324074,8.851851,3.5],"faces":{"east":{"uv":[9.0,2.625,9.25,3.0],"tintindex":0,"rotation":0,"texture":"#0"},"south":{"uv":[8.0,11.875,8.375,12.25],"tintindex":0,"rotation":0,"texture":"#0"},"north":{"uv":[11.75,10.125,12.125,10.5],"tintindex":0,"rotation":0,"texture":"#0"},"west":{"uv":[9.0,3.0,9.25,3.375],"tintindex":0,"rotation":0,"texture":"#0"},"up":{"uv":[1.875,7.875,1.5,7.625],"tintindex":0,"rotation":0,"texture":"#0"},"down":{"uv":[2.25,7.625,1.875,7.875],"tintindex":0,"rotation":0,"texture":"#0"}},"rotation":{"origin":[13.574074,8.101851,3.0],"angle":-45.0,"axis":"z"}},{"from":[18.324074,10.851851,5.0],"to":[20.324074,16.851852,11.0],"faces":{"east":{"uv":[8.0,7.875,9.5,9.375],"tintindex":0,"rotation":0,"texture":"#0"},"south":{"uv":[11.5,10.5,11.0,12.0],"tintindex":0,"rotation":0,"texture":"#0"},"north":{"uv":[11.0,10.5,11.5,12.0],"tintindex":0,"rotation":0,"texture":"#0"},"west":{"uv":[8.25,6.125,9.75,7.625],"tintindex":0,"rotation":0,"texture":"#0"},"up":{"uv":[11.625,5.625,11.125,4.125],"tintindex":0,"rotation":0,"texture":"#0"},"down":{"uv":[8.0,11.125,7.5,12.625],"tintindex":0,"rotation":0,"texture":"#0"}}},{"from":[12.824074,7.3518515,12.5],"to":[14.324074,8.851851,13.5],"faces":{"east":{"uv":[9.25,2.625,9.0,3.0],"tintindex":0,"rotation":0,"texture":"#0"},"south":{"uv":[12.125,10.125,11.75,10.5],"tintindex":0,"rotation":0,"texture":"#0"},"north":{"uv":[8.375,11.875,8.0,12.25],"tintindex":0,"rotation":0,"texture":"#0"},"west":{"uv":[9.25,3.0,9.0,3.375],"tintindex":0,"rotation":0,"texture":"#0"},"up":{"uv":[1.875,7.625,1.5,7.875],"tintindex":0,"rotation":0,"texture":"#0"},"down":{"uv":[2.25,7.875,1.875,7.625],"tintindex":0,"rotation":0,"texture":"#0"}},"rotation":{"origin":[13.574074,8.101851,13.0],"angle":-45.0,"axis":"z"}},{"from":[-3.1759262,12.851851,4.5],"to":[1.3240738,13.851851,6.0],"faces":{"east":{"uv":[3.375,5.875,3.75,6.125],"tintindex":0,"rotation":0,"texture":"#0"},"south":{"uv":[0.0,7.625,1.125,7.875],"tintindex":0,"rotation":0,"texture":"#0"},"north":{"uv":[2.25,5.875,3.375,6.125],"tintindex":0,"rotation":0,"texture":"#0"},"west":{"uv":[1.125,7.625,1.5,7.875],"tintindex":0,"rotation":0,"texture":"#0"},"up":{"uv":[12.625,7.375,11.5,7.0],"tintindex":0,"rotation":0,"texture":"#0"},"down":{"uv":[3.0,11.625,1.875,12.0],"tintindex":0,"rotation":0,"texture":"#0"}}},{"from":[12.091841,-0.64814854,11.717514],"to":[17.59184,1.8518515,15.217514],"faces":{"east":{"uv":[12.375,6.375,11.5,7.0],"tintindex":0,"rotation":0,"texture":"#0"},"south":{"uv":[12.25,8.25,10.875,8.875],"tintindex":0,"rotation":0,"texture":"#0"},"north":{"uv":[12.375,1.25,11.0,1.875],"tintindex":0,"rotation":0,"texture":"#0"},"west":{"uv":[12.375,10.5,11.5,11.125],"tintindex":0,"rotation":0,"texture":"#0"},"up":{"uv":[6.75,10.875,5.375,11.75],"tintindex":0,"rotation":0,"texture":"#0"},"down":{"uv":[12.25,8.25,10.875,7.375],"tintindex":0,"rotation":0,"texture":"#0"}},"rotation":{"origin":[18.09184,1.1018515,13.717514],"angle":-45.0,"axis":"y"}},{"from":[16.324074,1.8518515,11.5],"to":[17.824074,3.3518515,13.0],"faces":{"east":{"uv":[9.875,8.875,9.5,9.25],"tintindex":0,"rotation":0,"texture":"#0"},"south":{"uv":[9.625,5.625,9.25,6.0],"tintindex":0,"rotation":0,"texture":"#0"},"north":{"uv":[9.75,11.125,9.375,11.5],"tintindex":0,"rotation":0,"texture":"#0"},"west":{"uv":[9.75,11.5,9.375,11.875],"tintindex":0,"rotation":0,"texture":"#0"},"up":{"uv":[6.5,11.75,6.125,12.125],"tintindex":0,"rotation":0,"texture":"#0"},"down":{"uv":[12.125,10.125,11.75,9.75],"tintindex":0,"rotation":0,"texture":"#0"}}},{"from":[3.0563068,-0.64814854,0.7824855],"to":[8.556307,1.8518515,4.2824855],"faces":{"east":{"uv":[12.375,10.5,11.5,11.125],"tintindex":0,"rotation":0,"texture":"#0"},"south":{"uv":[12.375,1.25,11.0,1.875],"tintindex":0,"rotation":0,"texture":"#0"},"north":{"uv":[12.25,8.25,10.875,8.875],"tintindex":0,"rotation":0,"texture":"#0"},"west":{"uv":[12.375,6.375,11.5,7.0],"tintindex":0,"rotation":0,"texture":"#0"},"up":{"uv":[5.375,11.75,6.75,10.875],"tintindex":0,"rotation":0,"texture":"#0"},"down":{"uv":[10.875,7.375,12.25,8.25],"tintindex":0,"rotation":0,"texture":"#0"}},"rotation":{"origin":[2.5563068,1.1018515,2.2824855],"angle":-45.0,"axis":"y"}},{"from":[-5.175926,13.851851,9.0],"to":[2.3240738,16.851852,13.0],"faces":{"east":{"uv":[8.0,2.625,9.0,3.375],"tintindex":0,"rotation":0,"texture":"#0"},"south":{"uv":[7.875,10.375,9.75,11.125],"tintindex":0,"rotation":0,"texture":"#0"},"north":{"uv":[9.875,9.75,11.75,10.5],"tintindex":0,"rotation":0,"texture":"#0"},"west":{"uv":[11.0,1.875,12.0,2.625],"tintindex":0,"rotation":0,"texture":"#0"},"up":{"uv":[11.125,3.625,9.25,2.625],"tintindex":0,"rotation":0,"texture":"#0"},"down":{"uv":[11.125,3.625,9.25,4.625],"tintindex":0,"rotation":0,"texture":"#0"}}},{"from":[6.324074,7.3518515,12.5],"to":[7.824074,8.851851,13.5],"faces":{"east":{"uv":[9.0,3.0,9.25,3.375],"tintindex":0,"rotation":0,"texture":"#0"},"south":{"uv":[11.75,10.125,12.125,10.5],"tintindex":0,"rotation":0,"texture":"#0"},"north":{"uv":[8.0,11.875,8.375,12.25],"tintindex":0,"rotation":0,"texture":"#0"},"west":{"uv":[9.0,2.625,9.25,3.0],"tintindex":0,"rotation":0,"texture":"#0"},"up":{"uv":[1.5,7.625,1.875,7.875],"tintindex":0,"rotation":0,"texture":"#0"},"down":{"uv":[1.875,7.875,2.25,7.625],"tintindex":0,"rotation":0,"texture":"#0"}},"rotation":{"origin":[7.074074,8.101851,13.0],"angle":45.0,"axis":"z"}},{"from":[-0.17592621,13.851851,7.0],"to":[2.3240738,16.851852,9.0],"faces":{"east":{"uv":[11.625,3.375,12.125,4.125],"tintindex":0,"rotation":0,"texture":"#0"},"south":{"uv":[1.25,11.625,1.875,12.375],"tintindex":0,"rotation":0,"texture":"#0"},"north":{"uv":[0.625,11.625,1.25,12.375],"tintindex":0,"rotation":0,"texture":"#0"},"west":{"uv":[11.625,4.125,12.125,4.875],"tintindex":0,"rotation":0,"texture":"#0"},"up":{"uv":[12.375,0.5,11.75,0.0],"tintindex":0,"rotation":0,"texture":"#0"},"down":{"uv":[12.375,0.5,11.75,1.0],"tintindex":0,"rotation":0,"texture":"#0"}}},{"from":[-5.175926,13.851851,3.0],"to":[2.3240738,16.851852,7.0],"faces":{"east":{"uv":[8.0,11.125,9.0,11.875],"tintindex":0,"rotation":0,"texture":"#0"},"south":{"uv":[1.875,10.875,0.0,11.625],"tintindex":0,"rotation":0,"texture":"#0"},"north":{"uv":[0.0,10.875,1.875,11.625],"tintindex":0,"rotation":0,"texture":"#0"},"west":{"uv":[11.5,5.625,12.5,6.375],"tintindex":0,"rotation":0,"texture":"#0"},"up":{"uv":[11.125,5.625,9.25,4.625],"tintindex":0,"rotation":0,"texture":"#0"},"down":{"uv":[9.875,9.375,8.0,10.375],"tintindex":0,"rotation":0,"texture":"#0"}}}],"display":{"gui":{"rotation":[30,225,0]}}}