{"textures":{"2":"modelengine:entity/towerskeleton_explosion_fx_1"},"elements":[{"from":[3.756536,-2.666667,29.333334],"to":[12.243464,18.666668,29.333334],"faces":{"south":{"uv":[1.5625,8.0,0.0,12.0],"tintindex":0,"rotation":0,"texture":"#2"},"north":{"uv":[0.0,8.0,1.5625,12.0],"tintindex":0,"rotation":0,"texture":"#2"}},"rotation":{"origin":[8.0,8.0,8.0],"angle":-22.5,"axis":"y"}},{"from":[3.756536,-2.666667,-13.333334],"to":[12.243464,18.666668,-13.333334],"faces":{"south":{"uv":[3.125,4.0,4.6875,8.0],"tintindex":0,"rotation":0,"texture":"#2"},"north":{"uv":[4.6875,4.0,3.125,8.0],"tintindex":0,"rotation":0,"texture":"#2"}}},{"from":[3.756536,-2.666667,29.333334],"to":[12.243464,18.666668,29.333334],"faces":{"south":{"uv":[10.9375,0.0,9.375,4.0],"tintindex":0,"rotation":0,"texture":"#2"},"north":{"uv":[9.375,0.0,10.9375,4.0],"tintindex":0,"rotation":0,"texture":"#2"}},"rotation":{"origin":[8.0,8.0,8.0],"angle":45.0,"axis":"y"}},{"from":[29.333334,-2.666667,3.756536],"to":[29.333334,18.666668,12.243464],"faces":{"east":{"uv":[12.5,8.0,10.9375,12.0],"tintindex":0,"rotation":0,"texture":"#2"},"west":{"uv":[10.9375,8.0,12.5,12.0],"tintindex":0,"rotation":0,"texture":"#2"}}},{"from":[3.756536,-2.666667,-13.333334],"to":[12.243464,18.666668,-13.333334],"faces":{"south":{"uv":[4.6875,4.0,6.25,8.0],"tintindex":0,"rotation":0,"texture":"#2"},"north":{"uv":[6.25,4.0,4.6875,8.0],"tintindex":0,"rotation":0,"texture":"#2"}},"rotation":{"origin":[8.0,8.0,8.0],"angle":22.5,"axis":"y"}},{"from":[3.756536,-2.666667,29.333334],"to":[12.243464,18.666668,29.333334],"faces":{"south":{"uv":[4.6875,8.0,3.125,12.0],"tintindex":0,"rotation":0,"texture":"#2"},"north":{"uv":[3.125,8.0,4.6875,12.0],"tintindex":0,"rotation":0,"texture":"#2"}}},{"from":[3.756536,-2.666667,-13.333334],"to":[12.243464,18.666668,-13.333334],"faces":{"south":{"uv":[1.5625,0.0,3.125,4.0],"tintindex":0,"rotation":0,"texture":"#2"},"north":{"uv":[3.125,0.0,1.5625,4.0],"tintindex":0,"rotation":0,"texture":"#2"}},"rotation":{"origin":[8.0,8.0,8.0],"angle":-45.0,"axis":"y"}},{"from":[3.756536,-2.666667,-13.333334],"to":[12.243464,18.666668,-13.333334],"faces":{"south":{"uv":[6.25,4.0,7.8125,8.0],"tintindex":0,"rotation":0,"texture":"#2"},"north":{"uv":[7.8125,4.0,6.25,8.0],"tintindex":0,"rotation":0,"texture":"#2"}},"rotation":{"origin":[8.0,8.0,8.0],"angle":45.0,"axis":"y"}},{"from":[-13.333334,-2.666667,3.756536],"to":[-13.333334,18.666668,12.243464],"faces":{"east":{"uv":[9.375,12.0,10.9375,16.0],"tintindex":0,"rotation":0,"texture":"#2"},"west":{"uv":[10.9375,12.0,9.375,16.0],"tintindex":0,"rotation":0,"texture":"#2"}},"rotation":{"origin":[8.0,8.0,8.0],"angle":22.5,"axis":"y"}},{"from":[3.756536,-2.666667,29.333334],"to":[12.243464,18.666668,29.333334],"faces":{"south":{"uv":[7.8125,8.0,6.25,12.0],"tintindex":0,"rotation":0,"texture":"#2"},"north":{"uv":[6.25,8.0,7.8125,12.0],"tintindex":0,"rotation":0,"texture":"#2"}},"rotation":{"origin":[8.0,8.0,8.0],"angle":22.5,"axis":"y"}},{"from":[-13.333334,-2.666667,3.756536],"to":[-13.333334,18.666668,12.243464],"faces":{"east":{"uv":[3.125,12.0,4.6875,16.0],"tintindex":0,"rotation":0,"texture":"#2"},"west":{"uv":[4.6875,12.0,3.125,16.0],"tintindex":0,"rotation":0,"texture":"#2"}},"rotation":{"origin":[8.0,8.0,8.0],"angle":-22.5,"axis":"y"}},{"from":[29.333334,-2.666667,3.756536],"to":[29.333334,18.666668,12.243464],"faces":{"east":{"uv":[3.125,12.0,1.5625,16.0],"tintindex":0,"rotation":0,"texture":"#2"},"west":{"uv":[1.5625,12.0,3.125,16.0],"tintindex":0,"rotation":0,"texture":"#2"}},"rotation":{"origin":[8.0,8.0,8.0],"angle":22.5,"axis":"y"}},{"from":[3.756536,-2.666667,-13.333334],"to":[12.243464,18.666668,-13.333334],"faces":{"south":{"uv":[0.0,4.0,1.5625,8.0],"tintindex":0,"rotation":0,"texture":"#2"},"north":{"uv":[1.5625,4.0,0.0,8.0],"tintindex":0,"rotation":0,"texture":"#2"}},"rotation":{"origin":[8.0,8.0,8.0],"angle":-22.5,"axis":"y"}},{"from":[29.333334,-2.666667,3.756536],"to":[29.333334,18.666668,12.243464],"faces":{"east":{"uv":[12.5,0.0,10.9375,4.0],"tintindex":0,"rotation":0,"texture":"#2"},"west":{"uv":[10.9375,0.0,12.5,4.0],"tintindex":0,"rotation":0,"texture":"#2"}},"rotation":{"origin":[8.0,8.0,8.0],"angle":-22.5,"axis":"y"}},{"from":[3.756536,-2.666667,29.333334],"to":[12.243464,18.666668,29.333334],"faces":{"south":{"uv":[9.375,0.0,7.8125,4.0],"tintindex":0,"rotation":0,"texture":"#2"},"north":{"uv":[7.8125,0.0,9.375,4.0],"tintindex":0,"rotation":0,"texture":"#2"}},"rotation":{"origin":[8.0,8.0,8.0],"angle":-45.0,"axis":"y"}},{"from":[-13.333334,-2.666667,3.756536],"to":[-13.333334,18.666668,12.243464],"faces":{"east":{"uv":[6.25,12.0,7.8125,16.0],"tintindex":0,"rotation":0,"texture":"#2"},"west":{"uv":[7.8125,12.0,6.25,16.0],"tintindex":0,"rotation":0,"texture":"#2"}}}],"display":{"gui":{"rotation":[30,225,0]}}}