{"textures":{"0":"modelengine:entity/tower_skeleton_shield_5"},"elements":[{"from":[6.9962435,-8.678499,4.6969404],"to":[8.4962435,-1.6784992,11.69694],"faces":{"east":{"uv":[7.25,5.5,8.125,6.375],"tintindex":0,"rotation":0,"texture":"#0"},"south":{"uv":[0.6875,7.9375,0.875,8.8125],"tintindex":0,"rotation":0,"texture":"#0"},"north":{"uv":[4.5,7.375,4.6875,8.25],"tintindex":0,"rotation":0,"texture":"#0"},"west":{"uv":[0.0,7.0625,0.875,7.9375],"tintindex":0,"rotation":0,"texture":"#0"},"up":{"uv":[9.75,1.625,8.875,1.4375],"tintindex":0,"rotation":270,"texture":"#0"},"down":{"uv":[3.125,9.125,2.25,9.3125],"tintindex":0,"rotation":90,"texture":"#0"}},"rotation":{"origin":[5.6212435,-4.928749,5.1969404],"angle":22.5,"axis":"y"}},{"from":[2.5141258,16.8215,0.74583054],"to":[4.514126,27.8215,16.24583],"faces":{"east":{"uv":[3.75,0.0,5.6875,1.375],"tintindex":0,"rotation":0,"texture":"#0"},"south":{"uv":[2.0,8.375,2.25,9.75],"tintindex":0,"rotation":0,"texture":"#0"},"north":{"uv":[1.75,8.375,2.0,9.75],"tintindex":0,"rotation":0,"texture":"#0"},"west":{"uv":[2.25,3.1875,4.1875,4.5625],"tintindex":0,"rotation":0,"texture":"#0"},"up":{"uv":[9.875,3.9375,7.9375,3.6875],"tintindex":0,"rotation":270,"texture":"#0"},"down":{"uv":[9.9375,0.5,8.0,0.75],"tintindex":0,"rotation":90,"texture":"#0"}},"rotation":{"origin":[6.0141253,19.9465,1.2458305],"angle":22.5,"axis":"y"}},{"from":[-0.0037565231,-8.678499,8.19694],"to":[6.9962435,-1.6784992,8.19694],"faces":{"south":{"uv":[6.5,6.875,7.375,7.75],"tintindex":0,"rotation":0,"texture":"#0"},"north":{"uv":[7.375,6.875,6.5,7.75],"tintindex":0,"rotation":0,"texture":"#0"}},"rotation":{"origin":[5.6212435,-4.928749,5.1969404],"angle":22.5,"axis":"y"}},{"from":[-0.0037565231,-4.678999,4.6969404],"to":[6.9962435,-4.678999,11.69694],"faces":{"up":{"uv":[6.5,6.875,7.375,7.75],"tintindex":0,"rotation":0,"texture":"#0"},"down":{"uv":[7.375,6.875,6.5,7.75],"tintindex":0,"rotation":180,"texture":"#0"}},"rotation":{"origin":[5.6212435,-4.928749,5.1969404],"angle":22.5,"axis":"y"}},{"from":[4.514126,16.8215,1.2458305],"to":[10.014126,19.3215,16.24583],"faces":{"east":{"uv":[6.8125,7.75,8.6875,8.0625],"tintindex":0,"rotation":0,"texture":"#0"},"south":{"uv":[5.0,8.9375,5.6875,9.25],"tintindex":0,"rotation":0,"texture":"#0"},"north":{"uv":[0.0,8.9375,0.6875,9.25],"tintindex":0,"rotation":0,"texture":"#0"},"west":{"uv":[7.6875,1.6875,9.5625,2.0],"tintindex":0,"rotation":0,"texture":"#0"},"up":{"uv":[7.875,4.8125,6.0,4.125],"tintindex":0,"rotation":270,"texture":"#0"},"down":{"uv":[7.875,4.8125,6.0,5.5],"tintindex":0,"rotation":90,"texture":"#0"}},"rotation":{"origin":[6.0141253,19.9465,1.2458305],"angle":22.5,"axis":"y"}},{"from":[4.514126,25.3215,0.74583054],"to":[10.014126,27.8215,16.24583],"faces":{"east":{"uv":[7.375,7.4375,9.3125,7.75],"tintindex":0,"rotation":0,"texture":"#0"},"south":{"uv":[8.875,1.125,9.5625,1.4375],"tintindex":0,"rotation":0,"texture":"#0"},"north":{"uv":[8.8125,8.8125,9.5,9.125],"tintindex":0,"rotation":0,"texture":"#0"},"west":{"uv":[7.375,7.125,9.3125,7.4375],"tintindex":0,"rotation":0,"texture":"#0"},"up":{"uv":[7.9375,3.4375,6.0,2.75],"tintindex":0,"rotation":270,"texture":"#0"},"down":{"uv":[7.9375,3.4375,6.0,4.125],"tintindex":0,"rotation":90,"texture":"#0"}},"rotation":{"origin":[6.0141253,19.9465,1.2458305],"angle":22.5,"axis":"y"}},{"from":[7.0141253,-8.678499,1.2458305],"to":[10.014126,16.8215,16.24583],"faces":{"east":{"uv":[1.875,0.0,3.75,3.1875],"tintindex":0,"rotation":0,"texture":"#0"},"south":{"uv":[3.0,5.9375,3.375,9.125],"tintindex":0,"rotation":0,"texture":"#0"},"north":{"uv":[2.625,5.9375,3.0,9.125],"tintindex":0,"rotation":0,"texture":"#0"},"west":{"uv":[0.0,0.0,1.875,3.1875],"tintindex":0,"rotation":0,"texture":"#0"},"up":{"uv":[9.125,6.75,7.25,6.375],"tintindex":0,"rotation":270,"texture":"#0"},"down":{"uv":[9.25,6.75,7.375,7.125],"tintindex":0,"rotation":90,"texture":"#0"}},"rotation":{"origin":[6.0141253,19.9465,1.2458305],"angle":22.5,"axis":"y"}}],"display":{"gui":{"rotation":[30,225,0]}}}