{"textures":{"0":"modelengine:entity/tower_skeleton_shield_5"},"elements":[{"from":[-0.0037565231,-4.678999,4.3030596],"to":[6.9962435,-4.678999,11.30306],"faces":{"up":{"uv":[6.5,7.75,7.375,6.875],"tintindex":0,"rotation":0,"texture":"#0"},"down":{"uv":[7.375,7.75,6.5,6.875],"tintindex":0,"rotation":180,"texture":"#0"}},"rotation":{"origin":[5.6212435,-4.928749,10.80306],"angle":-22.5,"axis":"y"}},{"from":[7.0141253,-8.678499,-0.24583149],"to":[10.014126,16.8215,14.754169],"faces":{"east":{"uv":[3.75,0.0,1.875,3.1875],"tintindex":0,"rotation":0,"texture":"#0"},"south":{"uv":[3.0,5.9375,2.625,9.125],"tintindex":0,"rotation":0,"texture":"#0"},"north":{"uv":[3.375,5.9375,3.0,9.125],"tintindex":0,"rotation":0,"texture":"#0"},"west":{"uv":[1.875,0.0,0.0,3.1875],"tintindex":0,"rotation":0,"texture":"#0"},"up":{"uv":[7.25,6.75,9.125,6.375],"tintindex":0,"rotation":270,"texture":"#0"},"down":{"uv":[7.375,6.75,9.25,7.125],"tintindex":0,"rotation":90,"texture":"#0"}},"rotation":{"origin":[6.0141253,19.9465,14.754169],"angle":-22.5,"axis":"y"}},{"from":[4.514126,25.3215,-0.24583149],"to":[10.014126,27.8215,15.254169],"faces":{"east":{"uv":[9.3125,7.4375,7.375,7.75],"tintindex":0,"rotation":0,"texture":"#0"},"south":{"uv":[9.5,8.8125,8.8125,9.125],"tintindex":0,"rotation":0,"texture":"#0"},"north":{"uv":[9.5625,1.125,8.875,1.4375],"tintindex":0,"rotation":0,"texture":"#0"},"west":{"uv":[9.3125,7.125,7.375,7.4375],"tintindex":0,"rotation":0,"texture":"#0"},"up":{"uv":[6.0,3.4375,7.9375,2.75],"tintindex":0,"rotation":270,"texture":"#0"},"down":{"uv":[6.0,3.4375,7.9375,4.125],"tintindex":0,"rotation":90,"texture":"#0"}},"rotation":{"origin":[6.0141253,19.9465,14.754169],"angle":-22.5,"axis":"y"}},{"from":[-0.0037565231,-8.678499,7.8030596],"to":[6.9962435,-1.6784992,7.8030596],"faces":{"south":{"uv":[6.5,6.875,7.375,7.75],"tintindex":0,"rotation":0,"texture":"#0"},"north":{"uv":[7.375,6.875,6.5,7.75],"tintindex":0,"rotation":0,"texture":"#0"}},"rotation":{"origin":[5.6212435,-4.928749,10.80306],"angle":-22.5,"axis":"y"}},{"from":[6.9962435,-8.678499,4.3030596],"to":[8.4962435,-1.6784992,11.30306],"faces":{"east":{"uv":[8.125,5.5,7.25,6.375],"tintindex":0,"rotation":0,"texture":"#0"},"south":{"uv":[4.6875,7.375,4.5,8.25],"tintindex":0,"rotation":0,"texture":"#0"},"north":{"uv":[0.875,7.9375,0.6875,8.8125],"tintindex":0,"rotation":0,"texture":"#0"},"west":{"uv":[0.875,7.0625,0.0,7.9375],"tintindex":0,"rotation":0,"texture":"#0"},"up":{"uv":[8.875,1.625,9.75,1.4375],"tintindex":0,"rotation":270,"texture":"#0"},"down":{"uv":[2.25,9.125,3.125,9.3125],"tintindex":0,"rotation":90,"texture":"#0"}},"rotation":{"origin":[5.6212435,-4.928749,10.80306],"angle":-22.5,"axis":"y"}},{"from":[2.5141258,16.8215,-0.24583149],"to":[4.514126,27.8215,15.254169],"faces":{"east":{"uv":[5.6875,0.0,3.75,1.375],"tintindex":0,"rotation":0,"texture":"#0"},"south":{"uv":[2.0,8.375,1.75,9.75],"tintindex":0,"rotation":0,"texture":"#0"},"north":{"uv":[2.25,8.375,2.0,9.75],"tintindex":0,"rotation":0,"texture":"#0"},"west":{"uv":[4.1875,3.1875,2.25,4.5625],"tintindex":0,"rotation":0,"texture":"#0"},"up":{"uv":[7.9375,3.9375,9.875,3.6875],"tintindex":0,"rotation":270,"texture":"#0"},"down":{"uv":[8.0,0.5,9.9375,0.75],"tintindex":0,"rotation":90,"texture":"#0"}},"rotation":{"origin":[6.0141253,19.9465,14.754169],"angle":-22.5,"axis":"y"}},{"from":[4.514126,16.8215,-0.24583149],"to":[10.014126,19.3215,14.754169],"faces":{"east":{"uv":[8.6875,7.75,6.8125,8.0625],"tintindex":0,"rotation":0,"texture":"#0"},"south":{"uv":[0.6875,8.9375,0.0,9.25],"tintindex":0,"rotation":0,"texture":"#0"},"north":{"uv":[5.6875,8.9375,5.0,9.25],"tintindex":0,"rotation":0,"texture":"#0"},"west":{"uv":[9.5625,1.6875,7.6875,2.0],"tintindex":0,"rotation":0,"texture":"#0"},"up":{"uv":[6.0,4.8125,7.875,4.125],"tintindex":0,"rotation":270,"texture":"#0"},"down":{"uv":[6.0,4.8125,7.875,5.5],"tintindex":0,"rotation":90,"texture":"#0"}},"rotation":{"origin":[6.0141253,19.9465,14.754169],"angle":-22.5,"axis":"y"}}],"display":{"gui":{"rotation":[30,225,0]}}}