{"textures":{"0":"modelengine:entity/tower_skeleton_shield_5"},"elements":[{"from":[-1.471591,11.75,12.852278],"to":[4.0284085,15.75,14.852278],"faces":{"east":{"uv":[8.875,9.125,8.625,9.625],"tintindex":0,"rotation":0,"texture":"#0"},"south":{"uv":[8.8125,8.4375,8.125,8.9375],"tintindex":0,"rotation":0,"texture":"#0"},"north":{"uv":[9.1875,0.0,8.5,0.5],"tintindex":0,"rotation":0,"texture":"#0"},"west":{"uv":[9.375,4.625,9.125,5.125],"tintindex":0,"rotation":0,"texture":"#0"},"up":{"uv":[7.6875,9.6875,7.9375,9.0],"tintindex":0,"rotation":270,"texture":"#0"},"down":{"uv":[0.6875,9.0625,0.9375,9.75],"tintindex":0,"rotation":90,"texture":"#0"}},"rotation":{"origin":[3.0284085,-8.125,17.852278],"angle":-22.5,"axis":"y"}},{"from":[2.541049,4.75,4.347723],"to":[4.041049,8.75,17.797722],"faces":{"east":{"uv":[8.5,0.0,6.8125,0.5],"tintindex":0,"rotation":0,"texture":"#0"},"south":{"uv":[4.1875,4.5625,4.0,5.0625],"tintindex":0,"rotation":0,"texture":"#0"},"north":{"uv":[3.5625,5.9375,3.375,6.4375],"tintindex":0,"rotation":0,"texture":"#0"},"west":{"uv":[8.125,2.0,6.4375,2.5],"tintindex":0,"rotation":0,"texture":"#0"},"up":{"uv":[7.9375,4.125,9.625,3.9375],"tintindex":0,"rotation":270,"texture":"#0"},"down":{"uv":[8.8125,8.4375,10.5,8.625],"tintindex":0,"rotation":90,"texture":"#0"}},"rotation":{"origin":[3.041049,-8.125,17.847723],"angle":-22.5,"axis":"y"}},{"from":[4.0284085,-0.25,10.352278],"to":[7.028409,15.75,17.852278],"faces":{"east":{"uv":[5.125,3.375,4.1875,5.375],"tintindex":0,"rotation":0,"texture":"#0"},"south":{"uv":[2.1875,6.375,1.8125,8.375],"tintindex":0,"rotation":0,"texture":"#0"},"north":{"uv":[1.25,7.0625,0.875,9.0625],"tintindex":0,"rotation":0,"texture":"#0"},"west":{"uv":[5.125,1.375,4.1875,3.375],"tintindex":0,"rotation":0,"texture":"#0"},"up":{"uv":[6.25,8.8125,7.1875,8.4375],"tintindex":0,"rotation":270,"texture":"#0"},"down":{"uv":[7.1875,8.4375,8.125,8.8125],"tintindex":0,"rotation":90,"texture":"#0"}},"rotation":{"origin":[3.0284085,-8.125,17.852278],"angle":-22.5,"axis":"y"}},{"from":[-1.471591,10.25,5.3522778],"to":[4.0284085,14.25,7.3522778],"faces":{"east":{"uv":[9.375,4.125,9.125,4.625],"tintindex":0,"rotation":0,"texture":"#0"},"south":{"uv":[0.6875,7.9375,0.0,8.4375],"tintindex":0,"rotation":0,"texture":"#0"},"north":{"uv":[0.6875,8.4375,0.0,8.9375],"tintindex":0,"rotation":0,"texture":"#0"},"west":{"uv":[5.875,6.375,5.625,6.875],"tintindex":0,"rotation":0,"texture":"#0"},"up":{"uv":[4.1875,9.375,4.4375,8.6875],"tintindex":0,"rotation":270,"texture":"#0"},"down":{"uv":[7.4375,9.0,7.6875,9.6875],"tintindex":0,"rotation":90,"texture":"#0"}},"rotation":{"origin":[3.0284085,-8.125,17.852278],"angle":-22.5,"axis":"y"}},{"from":[4.0284085,-0.25,2.8522778],"to":[7.028409,14.25,9.852278],"faces":{"east":{"uv":[6.0,4.5625,5.125,6.375],"tintindex":0,"rotation":0,"texture":"#0"},"south":{"uv":[4.125,1.375,3.75,3.1875],"tintindex":0,"rotation":0,"texture":"#0"},"north":{"uv":[3.75,7.375,3.375,9.1875],"tintindex":0,"rotation":0,"texture":"#0"},"west":{"uv":[6.0,2.75,5.125,4.5625],"tintindex":0,"rotation":0,"texture":"#0"},"up":{"uv":[5.0,8.9375,5.875,8.5625],"tintindex":0,"rotation":270,"texture":"#0"},"down":{"uv":[5.875,8.8125,6.75,9.1875],"tintindex":0,"rotation":90,"texture":"#0"}},"rotation":{"origin":[3.0284085,-8.125,17.852278],"angle":-22.5,"axis":"y"}},{"from":[5.028409,4.75,-6.6477222],"to":[5.028409,10.75,2.8522778],"faces":{"east":{"uv":[9.9375,0.0,11.125,0.75],"tintindex":0,"rotation":0,"texture":"#0"},"west":{"uv":[11.125,0.0,9.9375,0.75],"tintindex":0,"rotation":0,"texture":"#0"}},"rotation":{"origin":[3.0284085,-8.125,17.852278],"angle":-22.5,"axis":"y"}},{"from":[5.028409,-2.25,-6.6477222],"to":[5.028409,3.75,2.8522778],"faces":{"east":{"uv":[9.9375,0.0,11.125,0.75],"tintindex":0,"rotation":0,"texture":"#0"},"west":{"uv":[11.125,0.0,9.9375,0.75],"tintindex":0,"rotation":0,"texture":"#0"}},"rotation":{"origin":[3.0284085,-8.125,17.852278],"angle":-22.5,"axis":"y"}}],"display":{"gui":{"rotation":[30,225,0]}}}