{"textures":{"0":"modelengine:entity/wizpiglin_2"},"elements":[{"from":[3.5,8.0,2.4142137],"to":[12.5,16.0,9.414213],"faces":{"east":{"uv":[6.775,7.775,8.475,9.725],"tintindex":0,"rotation":0,"texture":"#0"},"south":{"uv":[2.275,4.525,4.475,6.475],"tintindex":0,"rotation":0,"texture":"#0"},"north":{"uv":[0.025,4.525,2.225,6.475],"tintindex":0,"rotation":0,"texture":"#0"},"west":{"uv":[0.025,8.275,1.725,10.225],"tintindex":0,"rotation":0,"texture":"#0"},"up":{"uv":[7.225,3.225,5.025,1.525],"tintindex":0,"rotation":0,"texture":"#0"},"down":{"uv":[6.725,6.025,4.525,7.725],"tintindex":0,"rotation":0,"texture":"#0"}}},{"from":[4.5,4.999999,4.0],"to":[11.5,9.0,9.0],"faces":{"east":{"uv":[12.275,13.025,13.475,13.975],"tintindex":0,"rotation":0,"texture":"#0"},"south":{"uv":[11.775,12.025,13.475,12.975],"tintindex":0,"rotation":0,"texture":"#0"},"north":{"uv":[7.275,5.025,8.975,5.975],"tintindex":0,"rotation":0,"texture":"#0"},"west":{"uv":[0.025,13.275,1.225,14.225],"tintindex":0,"rotation":0,"texture":"#0"},"up":{"uv":[11.725,12.725,10.025,11.525],"tintindex":0,"rotation":0,"texture":"#0"},"down":{"uv":[13.475,0.025,11.775,1.225],"tintindex":0,"rotation":0,"texture":"#0"}},"rotation":{"origin":[8.0,8.0,8.0],"angle":45.0,"axis":"x"}},{"from":[3.5,19.515678,-1.1463776],"to":[12.5,23.515678,7.8536224],"faces":{"east":{"uv":[9.025,6.525,11.225,7.475],"tintindex":0,"rotation":0,"texture":"#0"},"south":{"uv":[10.275,7.525,12.475,8.475],"tintindex":0,"rotation":0,"texture":"#0"},"north":{"uv":[5.025,3.275,7.225,4.225],"tintindex":0,"rotation":0,"texture":"#0"},"west":{"uv":[10.275,8.525,12.475,9.475],"tintindex":0,"rotation":0,"texture":"#0"},"up":{"uv":[4.975,2.225,2.775,0.025],"tintindex":0,"rotation":0,"texture":"#0"},"down":{"uv":[4.975,2.275,2.775,4.475],"tintindex":0,"rotation":0,"texture":"#0"}},"rotation":{"origin":[8.0,21.015678,2.8536224],"angle":-22.5,"axis":"x"}},{"from":[6.5,17.515678,3.3536224],"to":[9.5,21.515678,4.3536224],"faces":{"east":{"uv":[1.25,2.75,1.5,3.75],"tintindex":0,"rotation":0,"texture":"#0"},"south":{"uv":[1.5,0.25,2.25,1.25],"tintindex":0,"rotation":0,"texture":"#0"},"north":{"uv":[0.5,0.25,1.25,1.25],"tintindex":0,"rotation":0,"texture":"#0"},"west":{"uv":[1.25,0.25,1.5,1.25],"tintindex":0,"rotation":0,"texture":"#0"},"up":{"uv":[0.5,1.25,1.25,1.5],"tintindex":0,"rotation":0,"texture":"#0"},"down":{"uv":[1.25,1.25,2.0,1.5],"tintindex":0,"rotation":0,"texture":"#0"}},"rotation":{"origin":[8.0,8.0,8.0],"angle":-22.5,"axis":"x"}},{"from":[2.5,13.515678,-1.1463776],"to":[13.5,19.515678,7.8536224],"faces":{"east":{"uv":[7.775,0.025,9.975,1.475],"tintindex":0,"rotation":0,"texture":"#0"},"south":{"uv":[5.025,0.025,7.725,1.475],"tintindex":0,"rotation":0,"texture":"#0"},"north":{"uv":[4.525,4.525,7.225,5.975],"tintindex":0,"rotation":0,"texture":"#0"},"west":{"uv":[9.025,5.025,11.225,6.475],"tintindex":0,"rotation":0,"texture":"#0"},"up":{"uv":[2.725,2.225,0.025,0.025],"tintindex":0,"rotation":0,"texture":"#0"},"down":{"uv":[2.725,2.275,0.025,4.475],"tintindex":0,"rotation":0,"texture":"#0"}},"rotation":{"origin":[8.0,21.015678,2.8536224],"angle":-22.5,"axis":"x"}}],"display":{"gui":{"rotation":[30,225,0]}}}