{"textures":{"0":"modelengine:entity/wizpiglin_2"},"elements":[{"from":[6.5,-3.0,7.0],"to":[9.5,-1.0,8.0],"faces":{"east":{"uv":[12.275,7.025,12.475,7.475],"tintindex":0,"rotation":0,"texture":"#0"},"south":{"uv":[14.525,3.025,15.225,3.475],"tintindex":0,"rotation":0,"texture":"#0"},"north":{"uv":[14.525,0.775,15.225,1.225],"tintindex":0,"rotation":0,"texture":"#0"},"west":{"uv":[4.275,13.775,4.475,14.225],"tintindex":0,"rotation":0,"texture":"#0"},"up":{"uv":[7.225,4.475,6.525,4.275],"tintindex":0,"rotation":0,"texture":"#0"},"down":{"uv":[9.725,7.525,9.025,7.725],"tintindex":0,"rotation":0,"texture":"#0"}}},{"from":[6.5,-3.0,8.0],"to":[9.5,3.0,12.0],"faces":{"east":{"uv":[13.025,4.775,13.975,6.225],"tintindex":0,"rotation":0,"texture":"#0"},"south":{"uv":[13.775,7.775,14.475,9.225],"tintindex":0,"rotation":0,"texture":"#0"},"north":{"uv":[13.775,6.275,14.475,7.725],"tintindex":0,"rotation":0,"texture":"#0"},"west":{"uv":[11.275,13.025,12.225,14.475],"tintindex":0,"rotation":0,"texture":"#0"},"up":{"uv":[14.975,11.725,14.275,10.775],"tintindex":0,"rotation":0,"texture":"#0"},"down":{"uv":[14.975,14.025,14.275,14.975],"tintindex":0,"rotation":0,"texture":"#0"}}},{"from":[6.0,3.0,8.0],"to":[10.0,8.0,13.0],"faces":{"east":{"uv":[12.525,8.275,13.725,9.475],"tintindex":0,"rotation":0,"texture":"#0"},"south":{"uv":[13.275,1.275,14.225,2.475],"tintindex":0,"rotation":0,"texture":"#0"},"north":{"uv":[3.525,8.275,4.475,9.475],"tintindex":0,"rotation":0,"texture":"#0"},"west":{"uv":[10.025,12.775,11.225,13.975],"tintindex":0,"rotation":0,"texture":"#0"},"up":{"uv":[6.725,14.475,5.775,13.275],"tintindex":0,"rotation":0,"texture":"#0"},"down":{"uv":[14.225,9.525,13.275,10.725],"tintindex":0,"rotation":0,"texture":"#0"}}}],"display":{"gui":{"rotation":[30,225,0]}}}