{"textures":{"0":"modelengine:entity/wizpiglin_2"},"elements":[{"from":[8.651186,4.726266,5.5],"to":[12.651186,8.726266,10.5],"faces":{"east":{"uv":[13.525,12.025,14.725,12.975],"tintindex":0,"rotation":0,"texture":"#0"},"south":{"uv":[13.275,14.025,14.225,14.975],"tintindex":0,"rotation":0,"texture":"#0"},"north":{"uv":[12.275,14.025,13.225,14.975],"tintindex":0,"rotation":0,"texture":"#0"},"west":{"uv":[13.525,13.025,14.725,13.975],"tintindex":0,"rotation":0,"texture":"#0"},"up":{"uv":[3.225,14.975,2.275,13.775],"tintindex":0,"rotation":0,"texture":"#0"},"down":{"uv":[4.225,13.775,3.275,14.975],"tintindex":0,"rotation":0,"texture":"#0"}},"rotation":{"origin":[10.151186,6.726266,8.0],"angle":22.5,"axis":"z"}},{"from":[11.0,7.0,5.0],"to":[13.0,9.0,9.0],"faces":{"east":{"uv":[11.275,7.025,12.225,7.475],"tintindex":0,"rotation":0,"texture":"#0"},"south":{"uv":[11.775,14.525,12.225,14.975],"tintindex":0,"rotation":0,"texture":"#0"},"north":{"uv":[14.025,5.775,14.475,6.225],"tintindex":0,"rotation":0,"texture":"#0"},"west":{"uv":[14.275,4.275,15.225,4.725],"tintindex":0,"rotation":0,"texture":"#0"},"up":{"uv":[1.475,15.225,1.025,14.275],"tintindex":0,"rotation":0,"texture":"#0"},"down":{"uv":[11.475,14.525,11.025,15.475],"tintindex":0,"rotation":0,"texture":"#0"}}}],"display":{"gui":{"rotation":[30,225,0]}}}