{"textures":{"0":"modelengine:entity/wizpiglin_2"},"elements":[{"from":[4.0,1.000001,6.0],"to":[9.0,10.0,11.0],"faces":{"east":{"uv":[6.275,9.775,7.475,11.975],"tintindex":0,"rotation":0,"texture":"#0"},"south":{"uv":[7.525,9.775,8.725,11.975],"tintindex":0,"rotation":0,"texture":"#0"},"north":{"uv":[5.025,9.525,6.225,11.725],"tintindex":0,"rotation":0,"texture":"#0"},"west":{"uv":[8.775,9.775,9.975,11.975],"tintindex":0,"rotation":0,"texture":"#0"},"up":{"uv":[3.475,13.725,2.275,12.525],"tintindex":0,"rotation":0,"texture":"#0"},"down":{"uv":[13.725,7.025,12.525,8.225],"tintindex":0,"rotation":0,"texture":"#0"}}}],"display":{"gui":{"rotation":[30,225,0]}}}