{"textures":{"0":"modelengine:entity/wizpiglin_2"},"elements":[{"from":[6.5,-3.0,7.0],"to":[9.5,-1.0,8.0],"faces":{"east":{"uv":[4.475,13.775,4.275,14.225],"tintindex":0,"rotation":0,"texture":"#0"},"south":{"uv":[15.225,3.025,14.525,3.475],"tintindex":0,"rotation":0,"texture":"#0"},"north":{"uv":[15.225,0.775,14.525,1.225],"tintindex":0,"rotation":0,"texture":"#0"},"west":{"uv":[12.475,7.025,12.275,7.475],"tintindex":0,"rotation":0,"texture":"#0"},"up":{"uv":[6.525,4.475,7.225,4.275],"tintindex":0,"rotation":0,"texture":"#0"},"down":{"uv":[9.025,7.525,9.725,7.725],"tintindex":0,"rotation":0,"texture":"#0"}}},{"from":[6.0,3.0,8.0],"to":[10.0,8.0,13.0],"faces":{"east":{"uv":[11.225,12.775,10.025,13.975],"tintindex":0,"rotation":0,"texture":"#0"},"south":{"uv":[14.225,1.275,13.275,2.475],"tintindex":0,"rotation":0,"texture":"#0"},"north":{"uv":[4.475,8.275,3.525,9.475],"tintindex":0,"rotation":0,"texture":"#0"},"west":{"uv":[13.725,8.275,12.525,9.475],"tintindex":0,"rotation":0,"texture":"#0"},"up":{"uv":[5.775,14.475,6.725,13.275],"tintindex":0,"rotation":0,"texture":"#0"},"down":{"uv":[13.275,9.525,14.225,10.725],"tintindex":0,"rotation":0,"texture":"#0"}}},{"from":[6.5,-3.0,8.0],"to":[9.5,3.0,12.0],"faces":{"east":{"uv":[12.225,13.025,11.275,14.475],"tintindex":0,"rotation":0,"texture":"#0"},"south":{"uv":[14.475,7.775,13.775,9.225],"tintindex":0,"rotation":0,"texture":"#0"},"north":{"uv":[14.475,6.275,13.775,7.725],"tintindex":0,"rotation":0,"texture":"#0"},"west":{"uv":[13.975,4.775,13.025,6.225],"tintindex":0,"rotation":0,"texture":"#0"},"up":{"uv":[14.275,11.725,14.975,10.775],"tintindex":0,"rotation":0,"texture":"#0"},"down":{"uv":[14.275,14.025,14.975,14.975],"tintindex":0,"rotation":0,"texture":"#0"}}}],"display":{"gui":{"rotation":[30,225,0]}}}