{"textures":{"0":"modelengine:entity/wizpiglin_2"},"elements":[{"from":[7.0,1.000001,6.0],"to":[12.0,10.0,11.0],"faces":{"east":{"uv":[9.975,9.775,8.775,11.975],"tintindex":0,"rotation":0,"texture":"#0"},"south":{"uv":[8.725,9.775,7.525,11.975],"tintindex":0,"rotation":0,"texture":"#0"},"north":{"uv":[6.225,9.525,5.025,11.725],"tintindex":0,"rotation":0,"texture":"#0"},"west":{"uv":[7.475,9.775,6.275,11.975],"tintindex":0,"rotation":0,"texture":"#0"},"up":{"uv":[2.275,13.725,3.475,12.525],"tintindex":0,"rotation":0,"texture":"#0"},"down":{"uv":[12.525,7.025,13.725,8.225],"tintindex":0,"rotation":0,"texture":"#0"}}}],"display":{"gui":{"rotation":[30,225,0]}}}