{"textures":{"0":"modelengine:entity/parasitic_abomination"},"elements":[{"from":[15.875,16.125,6.875],"to":[18.875,21.125,11.875],"faces":{"east":{"uv":[7.0625,3.6875,7.21875,3.84375],"tintindex":0,"rotation":0,"texture":"#0"},"south":{"uv":[7.21875,4.28125,7.375,4.375],"tintindex":0,"rotation":0,"texture":"#0"},"north":{"uv":[4.5625,7.0,4.71875,7.09375],"tintindex":0,"rotation":0,"texture":"#0"},"west":{"uv":[5.78125,7.09375,5.9375,7.25],"tintindex":0,"rotation":0,"texture":"#0"},"up":{"uv":[5.9375,7.34375,5.78125,7.25],"tintindex":0,"rotation":0,"texture":"#0"},"down":{"uv":[5.375,7.0,5.21875,7.09375],"tintindex":0,"rotation":0,"texture":"#0"}}},{"from":[7.875,17.125,15.875],"to":[12.875,22.125,18.875],"faces":{"east":{"uv":[5.21875,7.0,5.375,7.09375],"tintindex":0,"rotation":0,"texture":"#0"},"south":{"uv":[7.0625,3.6875,7.21875,3.84375],"tintindex":0,"rotation":0,"texture":"#0"},"north":{"uv":[5.78125,7.09375,5.9375,7.25],"tintindex":0,"rotation":0,"texture":"#0"},"west":{"uv":[5.78125,7.25,5.9375,7.34375],"tintindex":0,"rotation":0,"texture":"#0"},"up":{"uv":[4.71875,7.09375,4.5625,7.0],"tintindex":0,"rotation":0,"texture":"#0"},"down":{"uv":[7.375,4.28125,7.21875,4.375],"tintindex":0,"rotation":0,"texture":"#0"}}},{"from":[5.8749995,24.125,2.875],"to":[10.875,27.125,7.875],"faces":{"east":{"uv":[5.21875,7.0,5.375,7.09375],"tintindex":0,"rotation":0,"texture":"#0"},"south":{"uv":[7.21875,4.28125,7.375,4.375],"tintindex":0,"rotation":0,"texture":"#0"},"north":{"uv":[4.5625,7.0,4.71875,7.09375],"tintindex":0,"rotation":0,"texture":"#0"},"west":{"uv":[5.78125,7.25,5.9375,7.34375],"tintindex":0,"rotation":0,"texture":"#0"},"up":{"uv":[7.21875,3.84375,7.0625,3.6875],"tintindex":0,"rotation":0,"texture":"#0"},"down":{"uv":[5.9375,7.09375,5.78125,7.25],"tintindex":0,"rotation":0,"texture":"#0"}}},{"from":[-0.125,8.125,-0.125],"to":[15.875,24.125,15.875],"faces":{"east":{"uv":[6.375,2.375,6.875,2.875],"tintindex":0,"rotation":0,"texture":"#0"},"south":{"uv":[6.375,2.875,6.875,3.375],"tintindex":0,"rotation":0,"texture":"#0"},"north":{"uv":[6.15625,6.34375,6.65625,6.84375],"tintindex":0,"rotation":0,"texture":"#0"},"west":{"uv":[6.375,3.375,6.875,3.875],"tintindex":0,"rotation":0,"texture":"#0"},"up":{"uv":[3.125,6.90625,2.625,6.40625],"tintindex":0,"rotation":0,"texture":"#0"},"down":{"uv":[3.625,6.40625,3.125,6.90625],"tintindex":0,"rotation":0,"texture":"#0"}}}],"display":{"gui":{"rotation":[30,225,0]}}}