{"textures":{"0":"modelengine:entity/parasitic_abomination"},"elements":[{"from":[4.0,16.0,-4.0],"to":[8.0,20.0,-1.5],"faces":{"east":{"uv":[1.40625,5.53125,1.65625,5.6875],"tintindex":0,"rotation":0,"texture":"#0"},"south":{"uv":[3.15625,7.875,3.40625,8.125],"tintindex":0,"rotation":0,"texture":"#0"},"north":{"uv":[7.84375,6.375,8.09375,6.625],"tintindex":0,"rotation":0,"texture":"#0"},"west":{"uv":[4.71875,6.4375,4.96875,6.59375],"tintindex":0,"rotation":0,"texture":"#0"},"up":{"uv":[5.6875,6.5625,5.4375,6.40625],"tintindex":0,"rotation":0,"texture":"#0"},"down":{"uv":[5.6875,3.875,5.4375,4.03125],"tintindex":0,"rotation":0,"texture":"#0"}}},{"from":[2.0,24.0,2.0],"to":[8.0,25.5,8.0],"faces":{"east":{"uv":[7.25,6.1875,7.625,6.28125],"tintindex":0,"rotation":0,"texture":"#0"},"south":{"uv":[7.8125,5.59375,8.1875,5.6875],"tintindex":0,"rotation":0,"texture":"#0"},"north":{"uv":[6.375,3.875,6.75,3.96875],"tintindex":0,"rotation":0,"texture":"#0"},"west":{"uv":[7.84375,6.75,8.21875,6.84375],"tintindex":0,"rotation":0,"texture":"#0"},"up":{"uv":[2.8125,7.71875,2.4375,7.34375],"tintindex":0,"rotation":0,"texture":"#0"},"down":{"uv":[6.15625,7.34375,5.78125,7.71875],"tintindex":0,"rotation":0,"texture":"#0"}},"rotation":{"origin":[5.0,25.75,5.0],"angle":22.5,"axis":"y"}},{"from":[9.5,25.5,9.0],"to":[13.5,28.0,13.0],"faces":{"east":{"uv":[1.40625,5.53125,1.65625,5.6875],"tintindex":0,"rotation":0,"texture":"#0"},"south":{"uv":[5.4375,6.40625,5.6875,6.5625],"tintindex":0,"rotation":0,"texture":"#0"},"north":{"uv":[5.4375,3.875,5.6875,4.03125],"tintindex":0,"rotation":0,"texture":"#0"},"west":{"uv":[4.71875,6.4375,4.96875,6.59375],"tintindex":0,"rotation":0,"texture":"#0"},"up":{"uv":[8.09375,6.625,7.84375,6.375],"tintindex":0,"rotation":0,"texture":"#0"},"down":{"uv":[3.40625,7.875,3.15625,8.125],"tintindex":0,"rotation":0,"texture":"#0"}}},{"from":[-4.0,17.0,4.0],"to":[-1.5,21.0,8.0],"faces":{"east":{"uv":[3.15625,7.875,3.40625,8.125],"tintindex":0,"rotation":0,"texture":"#0"},"south":{"uv":[5.4375,6.40625,5.6875,6.5625],"tintindex":0,"rotation":0,"texture":"#0"},"north":{"uv":[5.4375,3.875,5.6875,4.03125],"tintindex":0,"rotation":0,"texture":"#0"},"west":{"uv":[7.84375,6.375,8.09375,6.625],"tintindex":0,"rotation":0,"texture":"#0"},"up":{"uv":[1.65625,5.6875,1.40625,5.53125],"tintindex":0,"rotation":0,"texture":"#0"},"down":{"uv":[4.96875,6.4375,4.71875,6.59375],"tintindex":0,"rotation":0,"texture":"#0"}},"rotation":{"origin":[-1.75,19.0,6.0],"angle":-22.5,"axis":"x"}},{"from":[3.0,15.0,-1.5],"to":[9.0,21.0,0.0],"faces":{"east":{"uv":[7.25,6.1875,7.625,6.28125],"tintindex":0,"rotation":0,"texture":"#0"},"south":{"uv":[5.78125,7.34375,6.15625,7.71875],"tintindex":0,"rotation":0,"texture":"#0"},"north":{"uv":[2.4375,7.34375,2.8125,7.71875],"tintindex":0,"rotation":0,"texture":"#0"},"west":{"uv":[7.84375,6.75,8.21875,6.84375],"tintindex":0,"rotation":0,"texture":"#0"},"up":{"uv":[8.1875,5.6875,7.8125,5.59375],"tintindex":0,"rotation":0,"texture":"#0"},"down":{"uv":[6.75,3.875,6.375,3.96875],"tintindex":0,"rotation":0,"texture":"#0"}}},{"from":[11.0,13.0,-1.5],"to":[13.5,15.5,0.0],"faces":{"east":{"uv":[2.15625,6.9375,2.25,7.09375],"tintindex":0,"rotation":0,"texture":"#0"},"south":{"uv":[8.0,3.78125,8.15625,3.9375],"tintindex":0,"rotation":0,"texture":"#0"},"north":{"uv":[3.71875,8.0,3.875,8.15625],"tintindex":0,"rotation":0,"texture":"#0"},"west":{"uv":[1.71875,7.65625,1.8125,7.8125],"tintindex":0,"rotation":0,"texture":"#0"},"up":{"uv":[3.9375,7.40625,3.78125,7.3125],"tintindex":0,"rotation":0,"texture":"#0"},"down":{"uv":[8.15625,4.09375,8.0,4.1875],"tintindex":0,"rotation":0,"texture":"#0"}}},{"from":[3.0,25.5,3.0],"to":[7.0,28.0,7.0],"faces":{"east":{"uv":[1.40625,5.53125,1.65625,5.6875],"tintindex":0,"rotation":0,"texture":"#0"},"south":{"uv":[5.4375,6.40625,5.6875,6.5625],"tintindex":0,"rotation":0,"texture":"#0"},"north":{"uv":[5.4375,3.875,5.6875,4.03125],"tintindex":0,"rotation":0,"texture":"#0"},"west":{"uv":[4.71875,6.4375,4.96875,6.59375],"tintindex":0,"rotation":0,"texture":"#0"},"up":{"uv":[8.09375,6.625,7.84375,6.375],"tintindex":0,"rotation":0,"texture":"#0"},"down":{"uv":[3.40625,7.875,3.15625,8.125],"tintindex":0,"rotation":0,"texture":"#0"}},"rotation":{"origin":[5.0,25.75,5.0],"angle":22.5,"axis":"y"}},{"from":[16.0,13.5,2.5],"to":[17.5,19.5,8.5],"faces":{"east":{"uv":[2.4375,7.34375,2.8125,7.71875],"tintindex":0,"rotation":0,"texture":"#0"},"south":{"uv":[7.25,6.1875,7.625,6.28125],"tintindex":0,"rotation":0,"texture":"#0"},"north":{"uv":[7.84375,6.75,8.21875,6.84375],"tintindex":0,"rotation":0,"texture":"#0"},"west":{"uv":[5.78125,7.34375,6.15625,7.71875],"tintindex":0,"rotation":0,"texture":"#0"},"up":{"uv":[8.1875,5.6875,7.8125,5.59375],"tintindex":0,"rotation":0,"texture":"#0"},"down":{"uv":[6.75,3.875,6.375,3.96875],"tintindex":0,"rotation":0,"texture":"#0"}},"rotation":{"origin":[17.75,16.5,5.5],"angle":22.5,"axis":"x"}},{"from":[17.5,14.5,3.5],"to":[20.0,18.5,7.5],"faces":{"east":{"uv":[7.84375,6.375,8.09375,6.625],"tintindex":0,"rotation":0,"texture":"#0"},"south":{"uv":[1.40625,5.53125,1.65625,5.6875],"tintindex":0,"rotation":0,"texture":"#0"},"north":{"uv":[4.71875,6.4375,4.96875,6.59375],"tintindex":0,"rotation":0,"texture":"#0"},"west":{"uv":[3.15625,7.875,3.40625,8.125],"tintindex":0,"rotation":0,"texture":"#0"},"up":{"uv":[5.6875,6.5625,5.4375,6.40625],"tintindex":0,"rotation":0,"texture":"#0"},"down":{"uv":[5.6875,3.875,5.4375,4.03125],"tintindex":0,"rotation":0,"texture":"#0"}},"rotation":{"origin":[17.75,16.5,5.5],"angle":22.5,"axis":"x"}},{"from":[-0.25,7.75,-0.25],"to":[16.25,24.25,16.25],"faces":{"east":{"uv":[2.78125,3.0,3.8125,4.03125],"tintindex":0,"rotation":0,"texture":"#0"},"south":{"uv":[3.5,0.0,4.53125,1.03125],"tintindex":0,"rotation":0,"texture":"#0"},"north":{"uv":[1.75,3.0,2.78125,4.03125],"tintindex":0,"rotation":0,"texture":"#0"},"west":{"uv":[3.5,1.03125,4.53125,2.0625],"tintindex":0,"rotation":0,"texture":"#0"},"up":{"uv":[4.84375,4.03125,3.8125,3.0],"tintindex":0,"rotation":0,"texture":"#0"},"down":{"uv":[2.78125,4.03125,1.75,5.0625],"tintindex":0,"rotation":0,"texture":"#0"}}},{"from":[0.0,8.0,0.0],"to":[16.0,24.0,16.0],"faces":{"east":{"uv":[3.78125,4.03125,4.78125,5.03125],"tintindex":0,"rotation":0,"texture":"#0"},"south":{"uv":[0.0,4.53125,1.0,5.53125],"tintindex":0,"rotation":0,"texture":"#0"},"north":{"uv":[2.78125,4.03125,3.78125,5.03125],"tintindex":0,"rotation":0,"texture":"#0"},"west":{"uv":[4.53125,0.0,5.53125,1.0],"tintindex":0,"rotation":0,"texture":"#0"},"up":{"uv":[5.53125,2.0,4.53125,1.0],"tintindex":0,"rotation":0,"texture":"#0"},"down":{"uv":[5.53125,2.0,4.53125,3.0],"tintindex":0,"rotation":0,"texture":"#0"}}},{"from":[16.0,20.0,11.0],"to":[17.5,22.5,13.5],"faces":{"east":{"uv":[7.0625,3.6875,7.21875,3.84375],"tintindex":0,"rotation":0,"texture":"#0"},"south":{"uv":[7.21875,4.28125,7.375,4.375],"tintindex":0,"rotation":0,"texture":"#0"},"north":{"uv":[4.5625,7.0,4.71875,7.09375],"tintindex":0,"rotation":0,"texture":"#0"},"west":{"uv":[5.78125,7.09375,5.9375,7.25],"tintindex":0,"rotation":0,"texture":"#0"},"up":{"uv":[5.9375,7.34375,5.78125,7.25],"tintindex":0,"rotation":0,"texture":"#0"},"down":{"uv":[5.375,7.0,5.21875,7.09375],"tintindex":0,"rotation":0,"texture":"#0"}}},{"from":[11.0,24.0,2.5],"to":[13.5,25.5,5.0],"faces":{"east":{"uv":[5.21875,7.0,5.375,7.09375],"tintindex":0,"rotation":0,"texture":"#0"},"south":{"uv":[7.21875,4.28125,7.375,4.375],"tintindex":0,"rotation":0,"texture":"#0"},"north":{"uv":[4.5625,7.0,4.71875,7.09375],"tintindex":0,"rotation":0,"texture":"#0"},"west":{"uv":[5.78125,7.25,5.9375,7.34375],"tintindex":0,"rotation":0,"texture":"#0"},"up":{"uv":[7.21875,3.84375,7.0625,3.6875],"tintindex":0,"rotation":0,"texture":"#0"},"down":{"uv":[5.9375,7.09375,5.78125,7.25],"tintindex":0,"rotation":0,"texture":"#0"}}},{"from":[8.5,24.0,8.0],"to":[14.5,25.5,14.0],"faces":{"east":{"uv":[7.25,6.1875,7.625,6.28125],"tintindex":0,"rotation":0,"texture":"#0"},"south":{"uv":[7.8125,5.59375,8.1875,5.6875],"tintindex":0,"rotation":0,"texture":"#0"},"north":{"uv":[6.375,3.875,6.75,3.96875],"tintindex":0,"rotation":0,"texture":"#0"},"west":{"uv":[7.84375,6.75,8.21875,6.84375],"tintindex":0,"rotation":0,"texture":"#0"},"up":{"uv":[2.8125,7.71875,2.4375,7.34375],"tintindex":0,"rotation":0,"texture":"#0"},"down":{"uv":[6.15625,7.34375,5.78125,7.71875],"tintindex":0,"rotation":0,"texture":"#0"}}},{"from":[-1.5,16.0,3.0],"to":[0.0,22.0,9.0],"faces":{"east":{"uv":[5.78125,7.34375,6.15625,7.71875],"tintindex":0,"rotation":0,"texture":"#0"},"south":{"uv":[7.8125,5.59375,8.1875,5.6875],"tintindex":0,"rotation":0,"texture":"#0"},"north":{"uv":[6.375,3.875,6.75,3.96875],"tintindex":0,"rotation":0,"texture":"#0"},"west":{"uv":[2.4375,7.34375,2.8125,7.71875],"tintindex":0,"rotation":0,"texture":"#0"},"up":{"uv":[7.625,6.28125,7.25,6.1875],"tintindex":0,"rotation":0,"texture":"#0"},"down":{"uv":[8.21875,6.75,7.84375,6.84375],"tintindex":0,"rotation":0,"texture":"#0"}},"rotation":{"origin":[-1.75,19.0,6.0],"angle":-22.5,"axis":"x"}}],"display":{"gui":{"rotation":[30,225,0]}}}