{"textures":{"0":"modelengine:entity/parasitic_abomination"},"elements":[{"from":[5.5,9.0,6.0],"to":[6.5,15.0,9.5],"faces":{"east":{"uv":[5.21875,6.625,5.4375,7.0],"tintindex":0,"rotation":0,"texture":"#0"},"south":{"uv":[2.71875,5.4375,2.78125,5.8125],"tintindex":0,"rotation":0,"texture":"#0"},"north":{"uv":[2.71875,5.0625,2.78125,5.4375],"tintindex":0,"rotation":0,"texture":"#0"},"west":{"uv":[1.5,7.65625,1.71875,8.03125],"tintindex":0,"rotation":0,"texture":"#0"},"up":{"uv":[5.21875,7.34375,5.15625,7.125],"tintindex":0,"rotation":0,"texture":"#0"},"down":{"uv":[7.21875,6.5625,7.15625,6.78125],"tintindex":0,"rotation":0,"texture":"#0"}}},{"from":[19.0,-1.0,-3.5],"to":[19.0,8.0,21.0],"faces":{"east":{"uv":[4.78125,4.03125,6.3125,4.59375],"tintindex":0,"rotation":0,"texture":"#0"},"west":{"uv":[4.78125,4.59375,6.3125,5.15625],"tintindex":0,"rotation":0,"texture":"#0"}}},{"from":[6.5,8.0,-3.5],"to":[20.5,22.0,21.0],"faces":{"east":{"uv":[0.875,2.125,2.40625,3.0],"tintindex":0,"rotation":0,"texture":"#0"},"south":{"uv":[2.78125,5.03125,3.65625,5.90625],"tintindex":0,"rotation":0,"texture":"#0"},"north":{"uv":[4.84375,3.0,5.71875,3.875],"tintindex":0,"rotation":0,"texture":"#0"},"west":{"uv":[2.40625,2.125,3.9375,3.0],"tintindex":0,"rotation":0,"texture":"#0"},"up":{"uv":[3.5,1.53125,2.625,0.0],"tintindex":0,"rotation":0,"texture":"#0"},"down":{"uv":[1.75,3.0,0.875,4.53125],"tintindex":0,"rotation":0,"texture":"#0"}}},{"from":[0.5,18.0,7.0],"to":[5.5,21.5,8.5],"faces":{"east":{"uv":[4.4375,2.65625,4.53125,2.875],"tintindex":0,"rotation":0,"texture":"#0"},"south":{"uv":[7.75,5.84375,8.0625,6.0625],"tintindex":0,"rotation":0,"texture":"#0"},"north":{"uv":[0.78125,7.75,1.09375,7.96875],"tintindex":0,"rotation":0,"texture":"#0"},"west":{"uv":[2.0625,7.40625,2.15625,7.625],"tintindex":0,"rotation":0,"texture":"#0"},"up":{"uv":[6.65625,5.75,6.34375,5.65625],"tintindex":0,"rotation":0,"texture":"#0"},"down":{"uv":[1.03125,7.96875,0.71875,8.0625],"tintindex":0,"rotation":0,"texture":"#0"}},"rotation":{"origin":[5.5,22.0,7.75],"angle":22.5,"axis":"z"}},{"from":[0.5,10.5,7.0],"to":[5.5,14.0,8.5],"faces":{"east":{"uv":[4.4375,2.65625,4.53125,2.875],"tintindex":0,"rotation":0,"texture":"#0"},"south":{"uv":[7.75,5.84375,8.0625,6.0625],"tintindex":0,"rotation":0,"texture":"#0"},"north":{"uv":[0.78125,7.75,1.09375,7.96875],"tintindex":0,"rotation":0,"texture":"#0"},"west":{"uv":[2.0625,7.40625,2.15625,7.625],"tintindex":0,"rotation":0,"texture":"#0"},"up":{"uv":[6.65625,5.75,6.34375,5.65625],"tintindex":0,"rotation":0,"texture":"#0"},"down":{"uv":[1.03125,7.96875,0.71875,8.0625],"tintindex":0,"rotation":0,"texture":"#0"}},"rotation":{"origin":[5.5,14.5,7.75],"angle":22.5,"axis":"z"}},{"from":[5.5,16.5,6.0],"to":[6.5,22.5,9.5],"faces":{"east":{"uv":[5.21875,6.625,5.4375,7.0],"tintindex":0,"rotation":0,"texture":"#0"},"south":{"uv":[2.71875,5.4375,2.78125,5.8125],"tintindex":0,"rotation":0,"texture":"#0"},"north":{"uv":[2.71875,5.0625,2.78125,5.4375],"tintindex":0,"rotation":0,"texture":"#0"},"west":{"uv":[1.5,7.65625,1.71875,8.03125],"tintindex":0,"rotation":0,"texture":"#0"},"up":{"uv":[5.21875,7.34375,5.15625,7.125],"tintindex":0,"rotation":0,"texture":"#0"},"down":{"uv":[7.21875,6.5625,7.15625,6.78125],"tintindex":0,"rotation":0,"texture":"#0"}}},{"from":[3.5,15.0,15.0],"to":[15.0,25.0,25.5],"faces":{"east":{"uv":[1.40625,5.71875,2.0625,6.34375],"tintindex":0,"rotation":0,"texture":"#0"},"south":{"uv":[0.0,5.53125,0.71875,6.15625],"tintindex":0,"rotation":0,"texture":"#0"},"north":{"uv":[5.03125,5.15625,5.75,5.78125],"tintindex":0,"rotation":0,"texture":"#0"},"west":{"uv":[2.0625,5.71875,2.71875,6.34375],"tintindex":0,"rotation":0,"texture":"#0"},"up":{"uv":[2.375,5.71875,1.65625,5.0625],"tintindex":0,"rotation":0,"texture":"#0"},"down":{"uv":[5.03125,5.15625,4.3125,5.8125],"tintindex":0,"rotation":0,"texture":"#0"}}}],"display":{"gui":{"rotation":[30,225,0]}}}