{"textures":{"6":"modelengine:entity/parasite_cloud"},"elements":[{"from":[-13.333334,8.0,-13.333334],"to":[29.333334,8.0,29.333334],"faces":{"east":{"uv":[0.0,0.0,16.0,16.0],"tintindex":0,"rotation":0,"texture":"#6"},"south":{"uv":[0.0,0.0,16.0,16.0],"tintindex":0,"rotation":0,"texture":"#6"},"north":{"uv":[0.0,0.0,16.0,16.0],"tintindex":0,"rotation":0,"texture":"#6"},"west":{"uv":[0.0,0.0,16.0,16.0],"tintindex":0,"rotation":0,"texture":"#6"},"up":{"uv":[0.0,0.0,16.0,16.0],"tintindex":0,"rotation":90,"texture":"#6"},"down":{"uv":[0.0,0.0,16.0,16.0],"tintindex":0,"rotation":270,"texture":"#6"}}}],"display":{"gui":{"rotation":[30,225,0]}}}