{"textures":{"0":"modelengine:entity/parasitic_abomination"},"elements":[{"from":[8.0,-1.0,-1.0],"to":[19.0,8.0,17.0],"faces":{"east":{"uv":[7.25,0.0,7.8125,0.28125],"tintindex":0,"rotation":0,"texture":"#0"},"south":{"uv":[7.46875,2.78125,7.8125,3.0625],"tintindex":0,"rotation":0,"texture":"#0"},"north":{"uv":[7.46875,2.5,7.8125,2.78125],"tintindex":0,"rotation":0,"texture":"#0"},"west":{"uv":[7.25,0.28125,7.8125,0.5625],"tintindex":0,"rotation":0,"texture":"#0"},"up":{"uv":[0.34375,7.46875,0.0,6.90625],"tintindex":0,"rotation":0,"texture":"#0"},"down":{"uv":[7.25,0.0,6.90625,0.5625],"tintindex":0,"rotation":0,"texture":"#0"}}}],"display":{"gui":{"rotation":[30,225,0]}}}