{"textures":{"0":"modelengine:entity/parasitic_abomination"},"elements":[{"from":[8.0,-2.0,-3.0],"to":[15.0,18.0,19.0],"faces":{"east":{"uv":[5.53125,0.0,6.21875,0.625],"tintindex":0,"rotation":0,"texture":"#0"},"south":{"uv":[6.15625,7.34375,6.375,7.96875],"tintindex":0,"rotation":0,"texture":"#0"},"north":{"uv":[2.8125,7.34375,3.03125,7.96875],"tintindex":0,"rotation":0,"texture":"#0"},"west":{"uv":[5.53125,0.625,6.21875,1.25],"tintindex":0,"rotation":0,"texture":"#0"},"up":{"uv":[1.3125,7.9375,1.09375,7.25],"tintindex":0,"rotation":0,"texture":"#0"},"down":{"uv":[7.4375,7.3125,7.21875,8.0],"tintindex":0,"rotation":0,"texture":"#0"}}}],"display":{"gui":{"rotation":[30,225,0]}}}