{"textures":{"0":"modelengine:entity/parasitic_abomination"},"elements":[{"from":[8.0,8.0,-1.0],"to":[19.0,17.0,17.0],"faces":{"east":{"uv":[7.21875,3.71875,7.78125,4.0],"tintindex":0,"rotation":0,"texture":"#0"},"south":{"uv":[7.46875,2.21875,7.8125,2.5],"tintindex":0,"rotation":0,"texture":"#0"},"north":{"uv":[7.46875,1.9375,7.8125,2.21875],"tintindex":0,"rotation":0,"texture":"#0"},"west":{"uv":[7.21875,4.0,7.78125,4.28125],"tintindex":0,"rotation":0,"texture":"#0"},"up":{"uv":[7.21875,3.6875,6.875,3.125],"tintindex":0,"rotation":0,"texture":"#0"},"down":{"uv":[7.21875,6.84375,6.875,7.40625],"tintindex":0,"rotation":0,"texture":"#0"}}}],"display":{"gui":{"rotation":[30,225,0]}}}