{"textures":{"0":"modelengine:entity/parasitic_abomination"},"elements":[{"from":[0.0,0.0,0.0],"to":[16.0,16.0,16.0],"faces":{"east":{"uv":[4.71875,6.625,5.21875,7.125],"tintindex":0,"rotation":0,"texture":"#0"},"south":{"uv":[6.65625,0.875,7.15625,1.375],"tintindex":0,"rotation":0,"texture":"#0"},"north":{"uv":[5.4375,6.59375,5.9375,7.09375],"tintindex":0,"rotation":0,"texture":"#0"},"west":{"uv":[6.65625,1.375,7.15625,1.875],"tintindex":0,"rotation":0,"texture":"#0"},"up":{"uv":[4.5625,7.15625,4.0625,6.65625],"tintindex":0,"rotation":0,"texture":"#0"},"down":{"uv":[7.15625,0.875,6.65625,1.375],"tintindex":0,"rotation":0,"texture":"#0"}}}],"display":{"gui":{"rotation":[30,225,0]}}}