{"textures":{"0":"modelengine:entity/parasitic_abomination"},"elements":[{"from":[0.5,0.0,0.0],"to":[15.5,16.0,16.0],"faces":{"east":{"uv":[6.65625,6.34375,7.15625,6.84375],"tintindex":0,"rotation":0,"texture":"#0"},"south":{"uv":[6.75,3.875,7.21875,4.375],"tintindex":0,"rotation":0,"texture":"#0"},"north":{"uv":[0.875,6.75,1.34375,7.25],"tintindex":0,"rotation":0,"texture":"#0"},"west":{"uv":[6.6875,1.875,7.1875,2.375],"tintindex":0,"rotation":0,"texture":"#0"},"up":{"uv":[6.40625,7.34375,5.9375,6.84375],"tintindex":0,"rotation":0,"texture":"#0"},"down":{"uv":[6.875,6.84375,6.40625,7.34375],"tintindex":0,"rotation":0,"texture":"#0"}}}],"display":{"gui":{"rotation":[30,225,0]}}}