{"textures":{"0":"modelengine:entity/parasitic_abomination"},"elements":[{"from":[9.0,1.0,1.0],"to":[22.0,15.0,15.0],"faces":{"east":{"uv":[0.34375,6.90625,0.78125,7.34375],"tintindex":0,"rotation":0,"texture":"#0"},"south":{"uv":[6.96875,4.8125,7.375,5.25],"tintindex":0,"rotation":0,"texture":"#0"},"north":{"uv":[6.96875,4.375,7.375,4.8125],"tintindex":0,"rotation":0,"texture":"#0"},"west":{"uv":[2.625,6.90625,3.0625,7.34375],"tintindex":0,"rotation":0,"texture":"#0"},"up":{"uv":[7.375,5.6875,6.96875,5.25],"tintindex":0,"rotation":0,"texture":"#0"},"down":{"uv":[7.375,4.8125,6.96875,5.25],"tintindex":0,"rotation":0,"texture":"#0"}}}],"display":{"gui":{"rotation":[30,225,0]}}}