{"textures":{"0":"modelengine:entity/parasitic_abomination"},"elements":[{"from":[8.0,-3.0,8.0],"to":[8.0,8.0,10.0],"faces":{"east":{"uv":[0.78125,6.90625,0.84375,7.25],"tintindex":0,"rotation":0,"texture":"#0"},"west":{"uv":[4.5,7.4375,4.5625,7.78125],"tintindex":0,"rotation":0,"texture":"#0"}}},{"from":[8.0,2.0,1.0],"to":[8.0,13.0,5.0],"faces":{"east":{"uv":[7.9375,1.09375,8.0625,1.4375],"tintindex":0,"rotation":0,"texture":"#0"},"west":{"uv":[1.1875,7.9375,1.3125,8.28125],"tintindex":0,"rotation":0,"texture":"#0"}}},{"from":[6.0,-8.0,5.0],"to":[10.0,8.0,8.0],"faces":{"east":{"uv":[4.96875,7.90625,5.0625,8.40625],"tintindex":0,"rotation":0,"texture":"#0"},"south":{"uv":[0.46875,7.875,0.59375,8.375],"tintindex":0,"rotation":0,"texture":"#0"},"north":{"uv":[0.34375,7.875,0.46875,8.375],"tintindex":0,"rotation":0,"texture":"#0"},"west":{"uv":[6.8125,7.90625,6.90625,8.40625],"tintindex":0,"rotation":0,"texture":"#0"},"up":{"uv":[8.125,5.1875,8.0,5.09375],"tintindex":0,"rotation":0,"texture":"#0"},"down":{"uv":[5.71875,8.0,5.59375,8.09375],"tintindex":0,"rotation":0,"texture":"#0"}}},{"from":[3.964466,-8.0,4.46447],"to":[13.964466,8.0,4.46447],"faces":{"south":{"uv":[7.25,5.6875,7.5625,6.1875],"tintindex":0,"rotation":0,"texture":"#0"},"north":{"uv":[7.25,5.6875,7.5625,6.1875],"tintindex":0,"rotation":0,"texture":"#0"}},"rotation":{"origin":[6.464466,0.0,4.46447],"angle":-45.0,"axis":"y"}}],"display":{"gui":{"rotation":[30,225,0]}}}