{"textures":{"0":"modelengine:entity/parasitic_abomination"},"elements":[{"from":[5.0,5.5,5.0],"to":[11.0,10.5,11.0],"faces":{"east":{"uv":[2.8125,7.96875,3.0,8.125],"tintindex":0,"rotation":0,"texture":"#0"},"south":{"uv":[7.96875,4.25,8.15625,4.40625],"tintindex":0,"rotation":0,"texture":"#0"},"north":{"uv":[7.5,3.5625,7.6875,3.71875],"tintindex":0,"rotation":0,"texture":"#0"},"west":{"uv":[7.96875,4.40625,8.15625,4.5625],"tintindex":0,"rotation":0,"texture":"#0"},"up":{"uv":[7.0625,3.875,6.875,3.6875],"tintindex":0,"rotation":0,"texture":"#0"},"down":{"uv":[8.125,0.5625,7.9375,0.75],"tintindex":0,"rotation":0,"texture":"#0"}}}],"display":{"gui":{"rotation":[30,225,0]}}}