{"textures":{"0":"modelengine:entity/parasitic_abomination"},"elements":[{"from":[8.0,-6.0,2.0],"to":[8.0,8.0,8.0],"faces":{"east":{"uv":[2.0625,7.6875,2.25,8.125],"tintindex":0,"rotation":0,"texture":"#0"},"west":{"uv":[2.25,7.6875,2.4375,8.125],"tintindex":0,"rotation":0,"texture":"#0"}}},{"from":[7.0,5.0,5.0],"to":[9.0,9.0,8.0],"faces":{"east":{"uv":[4.6875,5.03125,4.78125,5.15625],"tintindex":0,"rotation":0,"texture":"#0"},"south":{"uv":[5.6875,6.40625,5.75,6.53125],"tintindex":0,"rotation":0,"texture":"#0"},"north":{"uv":[1.59375,5.375,1.65625,5.5],"tintindex":0,"rotation":0,"texture":"#0"},"west":{"uv":[7.75,6.375,7.84375,6.5],"tintindex":0,"rotation":0,"texture":"#0"},"up":{"uv":[2.78125,5.90625,2.71875,5.8125],"tintindex":0,"rotation":0,"texture":"#0"},"down":{"uv":[5.4375,7.0,5.375,7.09375],"tintindex":0,"rotation":0,"texture":"#0"}}}],"display":{"gui":{"rotation":[30,225,0]}}}