{"textures":{"0":"modelengine:entity/parasitic_abomination"},"elements":[{"from":[8.0,-6.0,2.0],"to":[8.0,8.0,8.0],"faces":{"east":{"uv":[2.0625,7.6875,2.25,8.125],"tintindex":0,"rotation":0,"texture":"#0"},"west":{"uv":[2.25,7.6875,2.4375,8.125],"tintindex":0,"rotation":0,"texture":"#0"}}},{"from":[7.0,5.0,5.0],"to":[9.0,9.0,8.0],"faces":{"east":{"uv":[6.71875,7.9375,6.8125,8.0625],"tintindex":0,"rotation":0,"texture":"#0"},"south":{"uv":[1.34375,6.75,1.40625,6.875],"tintindex":0,"rotation":0,"texture":"#0"},"north":{"uv":[4.96875,6.4375,5.03125,6.5625],"tintindex":0,"rotation":0,"texture":"#0"},"west":{"uv":[2.625,8.0,2.71875,8.125],"tintindex":0,"rotation":0,"texture":"#0"},"up":{"uv":[1.78125,7.90625,1.71875,7.8125],"tintindex":0,"rotation":0,"texture":"#0"},"down":{"uv":[0.78125,7.875,0.71875,7.96875],"tintindex":0,"rotation":0,"texture":"#0"}}}],"display":{"gui":{"rotation":[30,225,0]}}}