{"textures":{"0":"modelengine:entity/parasitic_abomination"},"elements":[{"from":[5.0,5.5,5.0],"to":[11.0,10.5,11.0],"faces":{"east":{"uv":[7.96875,6.0625,8.15625,6.21875],"tintindex":0,"rotation":0,"texture":"#0"},"south":{"uv":[6.15625,7.96875,6.34375,8.125],"tintindex":0,"rotation":0,"texture":"#0"},"north":{"uv":[7.96875,4.5625,8.15625,4.71875],"tintindex":0,"rotation":0,"texture":"#0"},"west":{"uv":[7.96875,6.21875,8.15625,6.375],"tintindex":0,"rotation":0,"texture":"#0"},"up":{"uv":[8.125,1.625,7.9375,1.4375],"tintindex":0,"rotation":0,"texture":"#0"},"down":{"uv":[8.125,7.5625,7.9375,7.75],"tintindex":0,"rotation":0,"texture":"#0"}}}],"display":{"gui":{"rotation":[30,225,0]}}}