{"textures":{"0":"modelengine:entity/parasitic_abomination"},"elements":[{"from":[8.0,-3.0,8.0],"to":[8.0,8.0,10.0],"faces":{"east":{"uv":[0.78125,6.90625,0.84375,7.25],"tintindex":0,"rotation":0,"texture":"#0"},"west":{"uv":[4.5,7.4375,4.5625,7.78125],"tintindex":0,"rotation":0,"texture":"#0"}}},{"from":[2.035534,-8.0,4.46447],"to":[12.035534,8.0,4.46447],"faces":{"south":{"uv":[0.78125,7.25,1.09375,7.75],"tintindex":0,"rotation":0,"texture":"#0"},"north":{"uv":[0.78125,7.25,1.09375,7.75],"tintindex":0,"rotation":0,"texture":"#0"}},"rotation":{"origin":[9.535534,0.0,4.46447],"angle":45.0,"axis":"y"}},{"from":[8.0,2.0,1.0],"to":[8.0,13.0,5.0],"faces":{"east":{"uv":[4.5625,6.65625,4.6875,7.0],"tintindex":0,"rotation":0,"texture":"#0"},"west":{"uv":[3.46875,6.90625,3.59375,7.25],"tintindex":0,"rotation":0,"texture":"#0"}}},{"from":[6.0,-8.0,5.0],"to":[10.0,8.0,8.0],"faces":{"east":{"uv":[1.65625,4.53125,1.75,5.03125],"tintindex":0,"rotation":0,"texture":"#0"},"south":{"uv":[0.21875,7.875,0.34375,8.375],"tintindex":0,"rotation":0,"texture":"#0"},"north":{"uv":[7.8125,7.5625,7.9375,8.0625],"tintindex":0,"rotation":0,"texture":"#0"},"west":{"uv":[4.875,7.90625,4.96875,8.40625],"tintindex":0,"rotation":0,"texture":"#0"},"up":{"uv":[7.75,6.28125,7.625,6.1875],"tintindex":0,"rotation":0,"texture":"#0"},"down":{"uv":[5.1875,8.0,5.0625,8.09375],"tintindex":0,"rotation":0,"texture":"#0"}}}],"display":{"gui":{"rotation":[30,225,0]}}}