{"textures":{"0":"modelengine:entity/parasitic_abomination"},"elements":[{"from":[5.0,5.5,5.0],"to":[11.0,10.5,11.0],"faces":{"east":{"uv":[8.0,1.78125,8.1875,1.9375],"tintindex":0,"rotation":0,"texture":"#0"},"south":{"uv":[2.4375,8.0,2.625,8.15625],"tintindex":0,"rotation":0,"texture":"#0"},"north":{"uv":[8.0,1.625,8.1875,1.78125],"tintindex":0,"rotation":0,"texture":"#0"},"west":{"uv":[8.0,3.625,8.1875,3.78125],"tintindex":0,"rotation":0,"texture":"#0"},"up":{"uv":[8.125,7.9375,7.9375,7.75],"tintindex":0,"rotation":0,"texture":"#0"},"down":{"uv":[8.125,7.9375,7.9375,8.125],"tintindex":0,"rotation":0,"texture":"#0"}}}],"display":{"gui":{"rotation":[30,225,0]}}}