{"textures":{"0":"modelengine:entity/parasitic_abomination"},"elements":[{"from":[8.0,3.0,1.0],"to":[8.0,14.0,5.0],"faces":{"east":{"uv":[6.375,7.9375,6.5,8.28125],"tintindex":0,"rotation":0,"texture":"#0"},"west":{"uv":[6.5,7.9375,6.625,8.28125],"tintindex":0,"rotation":0,"texture":"#0"}}},{"from":[8.0,8.0,8.0],"to":[8.0,19.0,10.0],"faces":{"east":{"uv":[3.40625,7.875,3.46875,8.21875],"tintindex":0,"rotation":0,"texture":"#0"},"west":{"uv":[7.0,7.90625,7.0625,8.25],"tintindex":0,"rotation":0,"texture":"#0"}}},{"from":[6.0,8.0,5.0],"to":[10.0,24.0,8.0],"faces":{"east":{"uv":[6.90625,7.90625,7.0,8.40625],"tintindex":0,"rotation":0,"texture":"#0"},"south":{"uv":[3.03125,7.875,3.15625,8.375],"tintindex":0,"rotation":0,"texture":"#0"},"north":{"uv":[0.59375,7.875,0.71875,8.375],"tintindex":0,"rotation":0,"texture":"#0"},"west":{"uv":[1.09375,7.9375,1.1875,8.4375],"tintindex":0,"rotation":0,"texture":"#0"},"up":{"uv":[5.84375,8.09375,5.71875,8.0],"tintindex":0,"rotation":0,"texture":"#0"},"down":{"uv":[5.96875,8.0,5.84375,8.09375],"tintindex":0,"rotation":0,"texture":"#0"}}},{"from":[3.964466,8.0,4.46447],"to":[13.964466,24.0,4.46447],"faces":{"south":{"uv":[3.46875,7.3125,3.78125,7.8125],"tintindex":0,"rotation":0,"texture":"#0"},"north":{"uv":[3.46875,7.3125,3.78125,7.8125],"tintindex":0,"rotation":0,"texture":"#0"}},"rotation":{"origin":[6.464466,16.0,4.46447],"angle":-45.0,"axis":"y"}}],"display":{"gui":{"rotation":[30,225,0]}}}