{"textures":{"0":"modelengine:entity/parasitic_abomination"},"elements":[{"from":[8.0,8.0,2.0],"to":[8.0,22.0,8.0],"faces":{"east":{"uv":[5.21875,7.6875,5.40625,8.125],"tintindex":0,"rotation":0,"texture":"#0"},"west":{"uv":[5.40625,7.6875,5.59375,8.125],"tintindex":0,"rotation":0,"texture":"#0"}}},{"from":[7.0,7.0,5.0],"to":[9.0,11.0,8.0],"faces":{"east":{"uv":[5.96875,8.0,6.0625,8.125],"tintindex":0,"rotation":0,"texture":"#0"},"south":{"uv":[3.71875,7.8125,3.78125,7.9375],"tintindex":0,"rotation":0,"texture":"#0"},"north":{"uv":[4.5,7.78125,4.5625,7.90625],"tintindex":0,"rotation":0,"texture":"#0"},"west":{"uv":[6.0625,8.0,6.15625,8.125],"tintindex":0,"rotation":0,"texture":"#0"},"up":{"uv":[1.09375,8.0625,1.03125,7.96875],"tintindex":0,"rotation":0,"texture":"#0"},"down":{"uv":[8.0625,6.84375,8.0,6.9375],"tintindex":0,"rotation":0,"texture":"#0"}}}],"display":{"gui":{"rotation":[30,225,0]}}}