{"textures":{"0":"modelengine:entity/parasitic_abomination"},"elements":[{"from":[3.0,3.0,-3.0],"to":[13.0,13.0,8.0],"faces":{"east":{"uv":[6.03125,2.375,6.375,2.6875],"tintindex":0,"rotation":0,"texture":"#0"},"south":{"uv":[7.46875,1.625,7.78125,1.9375],"tintindex":0,"rotation":0,"texture":"#0"},"north":{"uv":[0.0,7.46875,0.3125,7.78125],"tintindex":0,"rotation":0,"texture":"#0"},"west":{"uv":[6.03125,2.375,6.375,2.6875],"tintindex":0,"rotation":0,"texture":"#0"},"up":{"uv":[6.375,2.6875,6.03125,2.375],"tintindex":0,"rotation":0,"texture":"#0"},"down":{"uv":[4.5,7.4375,4.1875,7.78125],"tintindex":0,"rotation":0,"texture":"#0"}}}],"display":{"gui":{"rotation":[30,225,0]}}}