{"textures":{"0":"modelengine:entity/parasitic_abomination"},"elements":[{"from":[2.75,-1.25,7.5],"to":[13.25,12.25,15.5],"faces":{"east":{"uv":[3.9375,2.0625,4.4375,2.90625],"tintindex":0,"rotation":0,"texture":"#0"},"south":{"uv":[3.65625,5.03125,4.3125,5.875],"tintindex":0,"rotation":0,"texture":"#0"},"north":{"uv":[1.0,4.53125,1.65625,5.375],"tintindex":0,"rotation":0,"texture":"#0"},"west":{"uv":[5.53125,1.875,6.03125,2.71875],"tintindex":0,"rotation":0,"texture":"#0"},"up":{"uv":[3.375,6.40625,2.71875,5.90625],"tintindex":0,"rotation":0,"texture":"#0"},"down":{"uv":[6.6875,1.875,6.03125,2.375],"tintindex":0,"rotation":0,"texture":"#0"}}},{"from":[2.75,-14.75,9.5],"to":[9.25,-1.25,14.0],"faces":{"east":{"uv":[6.6875,4.59375,6.96875,5.4375],"tintindex":0,"rotation":0,"texture":"#0"},"south":{"uv":[5.03125,5.78125,5.4375,6.625],"tintindex":0,"rotation":0,"texture":"#0"},"north":{"uv":[5.75,5.75,6.15625,6.59375],"tintindex":0,"rotation":0,"texture":"#0"},"west":{"uv":[6.6875,5.4375,6.96875,6.28125],"tintindex":0,"rotation":0,"texture":"#0"},"up":{"uv":[4.1875,7.71875,3.78125,7.4375],"tintindex":0,"rotation":0,"texture":"#0"},"down":{"uv":[7.84375,6.5625,7.4375,6.84375],"tintindex":0,"rotation":0,"texture":"#0"}}},{"from":[2.75,-15.393452,15.434601],"to":[9.25,-7.8934517,15.434601],"faces":{"south":{"uv":[1.75,6.9375,2.15625,7.40625],"tintindex":0,"rotation":0,"texture":"#0"},"north":{"uv":[1.75,6.9375,2.15625,7.40625],"tintindex":0,"rotation":0,"texture":"#0"}},"rotation":{"origin":[6.0,-11.643452,15.434601],"angle":22.5,"axis":"x"}},{"from":[-3.75,-14.75,12.0],"to":[2.75,-1.25,12.0],"faces":{"south":{"uv":[3.65625,5.875,4.0625,6.71875],"tintindex":0,"rotation":0,"texture":"#0"},"north":{"uv":[4.3125,5.8125,4.71875,6.65625],"tintindex":0,"rotation":0,"texture":"#0"}}},{"from":[5.75,2.25,15.5],"to":[5.75,12.25,20.5],"faces":{"east":{"uv":[5.4375,5.78125,5.75,6.40625],"tintindex":0,"rotation":0,"texture":"#0"},"west":{"uv":[4.71875,5.8125,5.03125,6.4375],"tintindex":0,"rotation":0,"texture":"#0"}}},{"from":[2.75,-8.464741,15.434601],"to":[9.25,-0.96474075,15.434601],"faces":{"south":{"uv":[1.34375,6.9375,1.75,7.40625],"tintindex":0,"rotation":0,"texture":"#0"},"north":{"uv":[3.0625,6.90625,3.46875,7.375],"tintindex":0,"rotation":0,"texture":"#0"}},"rotation":{"origin":[6.0,-4.7147408,15.434601],"angle":-22.5,"axis":"x"}}],"display":{"gui":{"rotation":[30,225,0]}}}