{"textures":{"0":"modelengine:entity/parasitic_abomination"},"elements":[{"from":[7.0,1.0,5.0],"to":[11.0,17.0,11.0],"faces":{"east":{"uv":[7.625,7.59375,7.8125,8.09375],"tintindex":0,"rotation":0,"texture":"#0"},"south":{"uv":[1.71875,7.90625,1.84375,8.40625],"tintindex":0,"rotation":0,"texture":"#0"},"north":{"uv":[7.875,4.71875,8.0,5.21875],"tintindex":0,"rotation":0,"texture":"#0"},"west":{"uv":[1.3125,7.65625,1.5,8.15625],"tintindex":0,"rotation":0,"texture":"#0"},"up":{"uv":[8.125,4.90625,8.0,4.71875],"tintindex":0,"rotation":0,"texture":"#0"},"down":{"uv":[8.125,4.90625,8.0,5.09375],"tintindex":0,"rotation":0,"texture":"#0"}},"rotation":{"origin":[9.0,9.0,8.0],"angle":-22.5,"axis":"z"}},{"from":[-6.0,-11.0,2.5],"to":[8.0,8.0,13.5],"faces":{"east":{"uv":[2.375,5.0625,2.71875,5.65625],"tintindex":0,"rotation":0,"texture":"#0"},"south":{"uv":[1.84375,6.34375,2.28125,6.9375],"tintindex":0,"rotation":0,"texture":"#0"},"north":{"uv":[1.40625,6.34375,1.84375,6.9375],"tintindex":0,"rotation":0,"texture":"#0"},"west":{"uv":[3.625,6.71875,3.96875,7.3125],"tintindex":0,"rotation":0,"texture":"#0"},"up":{"uv":[6.65625,1.84375,6.21875,1.5],"tintindex":0,"rotation":0,"texture":"#0"},"down":{"uv":[0.78125,7.34375,0.34375,7.6875],"tintindex":0,"rotation":0,"texture":"#0"}}}],"display":{"gui":{"rotation":[30,225,0]}}}