{"textures":{"0":"modelengine:entity/parasitic_abomination"},"elements":[{"from":[12.0,-14.0,6.5],"to":[19.0,-2.0,10.0],"faces":{"east":{"uv":[4.0625,5.875,4.28125,6.625],"tintindex":0,"rotation":0,"texture":"#0"},"south":{"uv":[0.4375,6.15625,0.875,6.90625],"tintindex":0,"rotation":0,"texture":"#0"},"north":{"uv":[0.0,6.15625,0.4375,6.90625],"tintindex":0,"rotation":0,"texture":"#0"},"west":{"uv":[7.21875,6.5625,7.4375,7.3125],"tintindex":0,"rotation":0,"texture":"#0"},"up":{"uv":[7.8125,5.6875,7.375,5.46875],"tintindex":0,"rotation":0,"texture":"#0"},"down":{"uv":[7.9375,0.5625,7.5,0.78125],"tintindex":0,"rotation":0,"texture":"#0"}}},{"from":[19.0,-14.0,10.0],"to":[24.5,-2.0,10.0],"faces":{"south":{"uv":[6.34375,4.59375,6.6875,5.34375],"tintindex":0,"rotation":0,"texture":"#0"},"north":{"uv":[2.28125,6.34375,2.625,7.09375],"tintindex":0,"rotation":0,"texture":"#0"}},"rotation":{"origin":[19.0,-8.0,10.0],"angle":-45.0,"axis":"y"}},{"from":[8.0,-2.0,4.5],"to":[19.0,8.0,11.5],"faces":{"east":{"uv":[6.21875,0.875,6.65625,1.5],"tintindex":0,"rotation":0,"texture":"#0"},"south":{"uv":[5.53125,1.25,6.21875,1.875],"tintindex":0,"rotation":0,"texture":"#0"},"north":{"uv":[0.71875,5.53125,1.40625,6.15625],"tintindex":0,"rotation":0,"texture":"#0"},"west":{"uv":[6.3125,3.96875,6.75,4.59375],"tintindex":0,"rotation":0,"texture":"#0"},"up":{"uv":[6.90625,0.4375,6.21875,0.0],"tintindex":0,"rotation":0,"texture":"#0"},"down":{"uv":[6.90625,0.4375,6.21875,0.875],"tintindex":0,"rotation":0,"texture":"#0"}}},{"from":[13.0,-2.0,11.5],"to":[13.0,8.0,22.0],"faces":{"east":{"uv":[5.71875,2.71875,6.375,3.34375],"tintindex":0,"rotation":0,"texture":"#0"},"west":{"uv":[5.71875,3.34375,6.375,3.96875],"tintindex":0,"rotation":0,"texture":"#0"}},"rotation":{"origin":[13.0,3.0,11.5],"angle":-45.0,"axis":"y"}}],"display":{"gui":{"rotation":[30,225,0]}}}