{"textures":{"0":"modelengine:entity/parasitic_abomination"},"elements":[{"from":[10.425937,10.0,-13.322571],"to":[10.425937,18.0,-7.322571],"faces":{"east":{"uv":[7.875,5.21875,8.0625,5.46875],"tintindex":0,"rotation":0,"texture":"#0"},"west":{"uv":[1.84375,7.90625,2.03125,8.15625],"tintindex":0,"rotation":0,"texture":"#0"}},"rotation":{"origin":[11.0,14.0,-7.4365597],"angle":-45.0,"axis":"y"}},{"from":[4.217156,8.0,-2.2182798],"to":[13.217155,20.0,16.78172],"faces":{"east":{"uv":[6.875,2.375,7.46875,2.75],"tintindex":0,"rotation":0,"texture":"#0"},"south":{"uv":[7.4375,7.21875,7.71875,7.59375],"tintindex":0,"rotation":0,"texture":"#0"},"north":{"uv":[7.4375,6.84375,7.71875,7.21875],"tintindex":0,"rotation":0,"texture":"#0"},"west":{"uv":[6.875,2.75,7.46875,3.125],"tintindex":0,"rotation":0,"texture":"#0"},"up":{"uv":[3.5,2.125,3.21875,1.53125],"tintindex":0,"rotation":0,"texture":"#0"},"down":{"uv":[7.25,5.6875,6.96875,6.28125],"tintindex":0,"rotation":0,"texture":"#0"}}},{"from":[1.2171559,8.0,6.7817197],"to":[4.217156,20.0,6.7817197],"faces":{"south":{"uv":[6.625,7.9375,6.71875,8.3125],"tintindex":0,"rotation":0,"texture":"#0"},"north":{"uv":[3.96875,6.71875,4.0625,7.09375],"tintindex":0,"rotation":0,"texture":"#0"}}},{"from":[10.425937,10.0,-7.5505495],"to":[10.425937,18.0,-1.5505495],"faces":{"east":{"uv":[5.53125,2.71875,5.71875,2.96875],"tintindex":0,"rotation":0,"texture":"#0"},"west":{"uv":[2.4375,7.09375,2.625,7.34375],"tintindex":0,"rotation":0,"texture":"#0"}},"rotation":{"origin":[11.0,14.0,-7.4365597],"angle":-22.5,"axis":"y"}},{"from":[10.425937,10.0,21.886011],"to":[10.425937,18.0,27.88601],"faces":{"east":{"uv":[1.84375,7.90625,2.03125,8.15625],"tintindex":0,"rotation":0,"texture":"#0"},"west":{"uv":[7.875,5.21875,8.0625,5.46875],"tintindex":0,"rotation":0,"texture":"#0"}},"rotation":{"origin":[11.0,14.0,22.0],"angle":45.0,"axis":"y"}},{"from":[10.425937,10.0,16.11399],"to":[10.425937,18.0,22.11399],"faces":{"east":{"uv":[2.4375,7.09375,2.625,7.34375],"tintindex":0,"rotation":0,"texture":"#0"},"west":{"uv":[5.53125,2.71875,5.71875,2.96875],"tintindex":0,"rotation":0,"texture":"#0"}},"rotation":{"origin":[11.0,14.0,22.0],"angle":22.5,"axis":"y"}}],"display":{"gui":{"rotation":[30,225,0]}}}