{"textures":{"0":"modelengine:entity/parasitic_abomination"},"elements":[{"from":[4.0,4.001007,-8.0],"to":[12.0,12.001007,8.0],"faces":{"east":{"uv":[1.3125,7.40625,1.8125,7.65625],"tintindex":0,"rotation":0,"texture":"#0"},"south":{"uv":[7.8125,2.1875,8.0625,2.4375],"tintindex":0,"rotation":0,"texture":"#0"},"north":{"uv":[7.8125,2.4375,8.0625,2.6875],"tintindex":0,"rotation":0,"texture":"#0"},"west":{"uv":[7.375,5.21875,7.875,5.46875],"tintindex":0,"rotation":0,"texture":"#0"},"up":{"uv":[5.0625,7.90625,4.8125,7.40625],"tintindex":0,"rotation":0,"texture":"#0"},"down":{"uv":[7.0625,7.40625,6.8125,7.90625],"tintindex":0,"rotation":0,"texture":"#0"}}},{"from":[9.0,-1.0,-8.0],"to":[9.0,4.0,8.0],"faces":{"east":{"uv":[7.75,0.78125,8.25,0.9375],"tintindex":0,"rotation":0,"texture":"#0"},"west":{"uv":[7.71875,7.40625,8.21875,7.5625],"tintindex":0,"rotation":0,"texture":"#0"}}},{"from":[-6.0073595,6.001007,2.2426414],"to":[5.9926405,10.001007,2.2426414],"faces":{"south":{"uv":[4.5,7.90625,4.875,8.03125],"tintindex":0,"rotation":0,"texture":"#0"},"north":{"uv":[4.5,7.90625,4.875,8.03125],"tintindex":0,"rotation":0,"texture":"#0"}},"rotation":{"origin":[-0.0073595047,8.001007,2.2426414],"angle":45.0,"axis":"y"}},{"from":[-1.1220274,14.121613,-8.0],"to":[4.8779726,14.121613,8.0],"faces":{"up":{"uv":[7.6875,3.5625,7.5,3.0625],"tintindex":0,"rotation":0,"texture":"#0"},"down":{"uv":[3.46875,7.375,3.28125,7.875],"tintindex":0,"rotation":0,"texture":"#0"}},"rotation":{"origin":[1.8779726,14.121613,0.0],"angle":-45.0,"axis":"z"}}],"display":{"gui":{"rotation":[30,225,0]}}}