{"textures":{"0":"modelengine:entity/parasitic_abomination"},"elements":[{"from":[6.245796,-2.540451,-7.999999],"to":[6.245796,3.459549,8.0],"faces":{"east":{"uv":[7.5,3.0625,7.6875,3.5625],"tintindex":0,"rotation":0,"texture":"#0"},"west":{"uv":[3.28125,7.375,3.46875,7.875],"tintindex":0,"rotation":0,"texture":"#0"}},"rotation":{"origin":[8.190193,7.439987,9.536743E-7],"angle":-45.0,"axis":"z"}},{"from":[4.0,4.001007,-7.999999],"to":[12.0,12.001007,8.0],"faces":{"east":{"uv":[7.375,5.21875,7.875,5.46875],"tintindex":0,"rotation":0,"texture":"#0"},"south":{"uv":[7.8125,2.4375,8.0625,2.6875],"tintindex":0,"rotation":0,"texture":"#0"},"north":{"uv":[7.8125,2.1875,8.0625,2.4375],"tintindex":0,"rotation":0,"texture":"#0"},"west":{"uv":[1.3125,7.40625,1.8125,7.65625],"tintindex":0,"rotation":0,"texture":"#0"},"up":{"uv":[2.0625,7.90625,1.8125,7.40625],"tintindex":0,"rotation":0,"texture":"#0"},"down":{"uv":[4.8125,7.40625,4.5625,7.90625],"tintindex":0,"rotation":0,"texture":"#0"}}},{"from":[12.001,11.001007,-7.999999],"to":[17.001,11.001007,8.0],"faces":{"up":{"uv":[8.21875,7.5625,7.71875,7.40625],"tintindex":0,"rotation":0,"texture":"#0"},"down":{"uv":[8.25,0.78125,7.75,0.9375],"tintindex":0,"rotation":0,"texture":"#0"}}},{"from":[6.0,10.243637,3.2426405],"to":[10.0,22.243637,3.2426405],"faces":{"south":{"uv":[7.8125,5.46875,8.1875,5.59375],"tintindex":0,"rotation":90,"texture":"#0"},"north":{"uv":[4.3125,5.03125,4.6875,5.15625],"tintindex":0,"rotation":90,"texture":"#0"}},"rotation":{"origin":[8.0,16.243637,3.2426405],"angle":45.0,"axis":"x"}}],"display":{"gui":{"rotation":[30,225,0]}}}