{"textures":{"0":"modelengine:entity/parasitic_abomination"},"elements":[{"from":[9.0,12.001999,-8.0],"to":[9.0,17.001999,8.0],"faces":{"east":{"uv":[7.75,0.9375,8.25,1.09375],"tintindex":0,"rotation":0,"texture":"#0"},"west":{"uv":[7.75,5.6875,8.25,5.84375],"tintindex":0,"rotation":0,"texture":"#0"}}},{"from":[4.0,4.001007,-8.0],"to":[12.0,12.001007,8.0],"faces":{"east":{"uv":[7.4375,1.125,7.9375,1.375],"tintindex":0,"rotation":0,"texture":"#0"},"south":{"uv":[3.46875,7.8125,3.71875,8.0625],"tintindex":0,"rotation":0,"texture":"#0"},"north":{"uv":[7.8125,2.6875,8.0625,2.9375],"tintindex":0,"rotation":0,"texture":"#0"},"west":{"uv":[7.4375,1.375,7.9375,1.625],"tintindex":0,"rotation":0,"texture":"#0"},"up":{"uv":[7.0625,7.90625,6.8125,7.40625],"tintindex":0,"rotation":0,"texture":"#0"},"down":{"uv":[5.0625,7.40625,4.8125,7.90625],"tintindex":0,"rotation":0,"texture":"#0"}}},{"from":[-1.1220274,1.8803864,-8.0],"to":[4.8779726,1.8803864,8.0],"faces":{"up":{"uv":[3.46875,7.875,3.28125,7.375],"tintindex":0,"rotation":0,"texture":"#0"},"down":{"uv":[7.6875,3.0625,7.5,3.5625],"tintindex":0,"rotation":0,"texture":"#0"}},"rotation":{"origin":[1.8779726,1.8803864,0.0],"angle":45.0,"axis":"z"}},{"from":[10.2426405,6.001007,3.2426414],"to":[22.242641,10.001007,3.2426414],"faces":{"south":{"uv":[4.5,8.03125,4.875,7.90625],"tintindex":0,"rotation":0,"texture":"#0"},"north":{"uv":[4.5,7.90625,4.875,8.03125],"tintindex":0,"rotation":0,"texture":"#0"}},"rotation":{"origin":[16.242641,8.001007,3.2426414],"angle":-45.0,"axis":"y"}}],"display":{"gui":{"rotation":[30,225,0]}}}