{"textures":{"0":"modelengine:entity/parasitic_abomination"},"elements":[{"from":[4.0,4.001007,-8.000004],"to":[12.0,12.001007,8.0],"faces":{"east":{"uv":[7.375,5.21875,7.875,5.46875],"tintindex":0,"rotation":0,"texture":"#0"},"south":{"uv":[7.8125,2.4375,8.0625,2.6875],"tintindex":0,"rotation":0,"texture":"#0"},"north":{"uv":[7.8125,2.1875,8.0625,2.4375],"tintindex":0,"rotation":0,"texture":"#0"},"west":{"uv":[1.3125,7.40625,1.8125,7.65625],"tintindex":0,"rotation":0,"texture":"#0"},"up":{"uv":[2.0625,7.90625,1.8125,7.40625],"tintindex":0,"rotation":0,"texture":"#0"},"down":{"uv":[4.8125,7.40625,4.5625,7.90625],"tintindex":0,"rotation":0,"texture":"#0"}}},{"from":[7.0,-1.0,-8.000004],"to":[7.0,4.0,8.0],"faces":{"east":{"uv":[7.71875,7.40625,8.21875,7.5625],"tintindex":0,"rotation":0,"texture":"#0"},"west":{"uv":[7.75,0.78125,8.25,0.9375],"tintindex":0,"rotation":0,"texture":"#0"}}},{"from":[11.122027,14.121613,-8.000004],"to":[17.122028,14.121613,8.0],"faces":{"up":{"uv":[7.75,6.1875,7.5625,5.6875],"tintindex":0,"rotation":0,"texture":"#0"},"down":{"uv":[7.625,7.59375,7.4375,8.09375],"tintindex":0,"rotation":0,"texture":"#0"}},"rotation":{"origin":[14.122027,14.121613,-3.8146973E-6],"angle":45.0,"axis":"z"}},{"from":[6.0,-6.241638,3.2426414],"to":[10.0,5.758362,3.2426414],"faces":{"south":{"uv":[7.84375,6.625,8.21875,6.75],"tintindex":0,"rotation":270,"texture":"#0"},"north":{"uv":[4.5,7.90625,4.875,8.03125],"tintindex":0,"rotation":270,"texture":"#0"}},"rotation":{"origin":[8.0,-0.24163818,3.2426414],"angle":-45.0,"axis":"x"}}],"display":{"gui":{"rotation":[30,225,0]}}}