{"textures":{"0":"modelengine:entity/parasitic_abomination"},"elements":[{"from":[10.243347,6.001007,0.24193335],"to":[22.243347,10.001007,0.24193335],"faces":{"south":{"uv":[7.8125,5.46875,8.1875,5.59375],"tintindex":0,"rotation":0,"texture":"#0"},"north":{"uv":[4.3125,5.03125,4.6875,5.15625],"tintindex":0,"rotation":0,"texture":"#0"}},"rotation":{"origin":[16.243347,8.001007,0.24193335],"angle":-45.0,"axis":"y"}},{"from":[9.0,-1.0,-8.0],"to":[9.0,4.0,8.0],"faces":{"east":{"uv":[7.71875,7.40625,8.21875,7.5625],"tintindex":0,"rotation":0,"texture":"#0"},"west":{"uv":[7.75,0.78125,8.25,0.9375],"tintindex":0,"rotation":0,"texture":"#0"}}},{"from":[4.0,4.001007,-8.0],"to":[12.0,12.001007,8.0],"faces":{"east":{"uv":[7.375,4.71875,7.875,4.96875],"tintindex":0,"rotation":0,"texture":"#0"},"south":{"uv":[7.8125,1.9375,8.0625,2.1875],"tintindex":0,"rotation":0,"texture":"#0"},"north":{"uv":[7.8125,0.3125,8.0625,0.5625],"tintindex":0,"rotation":0,"texture":"#0"},"west":{"uv":[7.375,4.96875,7.875,5.21875],"tintindex":0,"rotation":0,"texture":"#0"},"up":{"uv":[3.625,6.40625,3.375,5.90625],"tintindex":0,"rotation":0,"texture":"#0"},"down":{"uv":[3.28125,7.375,3.03125,7.875],"tintindex":0,"rotation":0,"texture":"#0"}}},{"from":[-1.1220274,14.121613,-8.0],"to":[4.8779726,14.121613,8.0],"faces":{"up":{"uv":[3.46875,7.875,3.28125,7.375],"tintindex":0,"rotation":0,"texture":"#0"},"down":{"uv":[7.6875,3.0625,7.5,3.5625],"tintindex":0,"rotation":0,"texture":"#0"}},"rotation":{"origin":[1.8779726,14.121613,0.0],"angle":-45.0,"axis":"z"}}],"display":{"gui":{"rotation":[30,225,0]}}}