{"textures":{"0":"modelengine:entity/parasitic_abomination"},"elements":[{"from":[-0.5,8.0,-10.5],"to":[16.5,8.0,8.5],"faces":{"up":{"uv":[1.40625,6.75,0.875,6.15625],"tintindex":0,"rotation":0,"texture":"#0"},"down":{"uv":[6.6875,5.75,6.15625,6.34375],"tintindex":0,"rotation":0,"texture":"#0"}},"rotation":{"origin":[8.0,8.0,-1.0],"angle":22.5,"axis":"x"}},{"from":[3.5,4.0,-10.5],"to":[12.5,13.0,8.5],"faces":{"east":{"uv":[4.5625,7.125,5.15625,7.40625],"tintindex":0,"rotation":0,"texture":"#0"},"south":{"uv":[5.875,7.71875,6.15625,8.0],"tintindex":0,"rotation":0,"texture":"#0"},"north":{"uv":[5.59375,7.71875,5.875,8.0],"tintindex":0,"rotation":0,"texture":"#0"},"west":{"uv":[7.15625,0.84375,7.75,1.125],"tintindex":0,"rotation":0,"texture":"#0"},"up":{"uv":[5.78125,7.6875,5.5,7.09375],"tintindex":0,"rotation":0,"texture":"#0"},"down":{"uv":[7.4375,1.125,7.15625,1.71875],"tintindex":0,"rotation":0,"texture":"#0"}}}],"display":{"gui":{"rotation":[30,225,0]}}}