{"textures":{"0":"modelengine:entity/parasitic_abomination"},"elements":[{"from":[6.5,6.5,-11.0],"to":[9.5,9.5,8.0],"faces":{"east":{"uv":[3.9375,2.90625,4.53125,3.0],"tintindex":0,"rotation":0,"texture":"#0"},"south":{"uv":[0.21875,7.78125,0.3125,7.875],"tintindex":0,"rotation":0,"texture":"#0"},"north":{"uv":[7.6875,3.625,7.78125,3.71875],"tintindex":0,"rotation":0,"texture":"#0"},"west":{"uv":[7.8125,2.9375,8.40625,3.03125],"tintindex":0,"rotation":0,"texture":"#0"},"up":{"uv":[4.53125,2.65625,4.4375,2.0625],"tintindex":0,"rotation":0,"texture":"#0"},"down":{"uv":[2.8125,7.71875,2.71875,8.3125],"tintindex":0,"rotation":0,"texture":"#0"}}}],"display":{"gui":{"rotation":[30,225,0]}}}