{"textures":{"0":"modelengine:entity/parasitic_abomination"},"elements":[{"from":[7.5,10.5,-9.0],"to":[7.5,16.5,6.0],"faces":{"east":{"uv":[7.6875,3.25,8.15625,3.4375],"tintindex":0,"rotation":0,"texture":"#0"},"west":{"uv":[7.6875,3.4375,8.15625,3.625],"tintindex":0,"rotation":0,"texture":"#0"}}},{"from":[5.5,5.5,-11.0],"to":[10.5,10.5,8.0],"faces":{"east":{"uv":[4.84375,3.875,5.4375,4.03125],"tintindex":0,"rotation":0,"texture":"#0"},"south":{"uv":[8.0,3.9375,8.15625,4.09375],"tintindex":0,"rotation":0,"texture":"#0"},"north":{"uv":[3.875,8.0,4.03125,8.15625],"tintindex":0,"rotation":0,"texture":"#0"},"west":{"uv":[1.0,5.375,1.59375,5.53125],"tintindex":0,"rotation":0,"texture":"#0"},"up":{"uv":[5.21875,8.0,5.0625,7.40625],"tintindex":0,"rotation":0,"texture":"#0"},"down":{"uv":[7.21875,7.40625,7.0625,8.0],"tintindex":0,"rotation":0,"texture":"#0"}}}],"display":{"gui":{"rotation":[30,225,0]}}}