{"textures":{"0":"modelengine:entity/parasitic_abomination"},"elements":[{"from":[4.5,4.5,-11.0],"to":[11.5,11.5,8.0],"faces":{"east":{"uv":[7.375,4.28125,7.96875,4.5],"tintindex":0,"rotation":0,"texture":"#0"},"south":{"uv":[6.75,4.375,6.96875,4.59375],"tintindex":0,"rotation":0,"texture":"#0"},"north":{"uv":[5.9375,6.59375,6.15625,6.8125],"tintindex":0,"rotation":0,"texture":"#0"},"west":{"uv":[7.375,4.5,7.96875,4.71875],"tintindex":0,"rotation":0,"texture":"#0"},"up":{"uv":[6.59375,7.9375,6.375,7.34375],"tintindex":0,"rotation":0,"texture":"#0"},"down":{"uv":[6.8125,7.34375,6.59375,7.9375],"tintindex":0,"rotation":0,"texture":"#0"}}}],"display":{"gui":{"rotation":[30,225,0]}}}