{"textures":{"0":"modelengine:entity/parasitic_abomination"},"elements":[{"from":[4.0,3.0,-11.0],"to":[13.0,12.0,8.0],"faces":{"east":{"uv":[0.0,4.25,0.59375,4.53125],"tintindex":0,"rotation":0,"texture":"#0"},"south":{"uv":[3.78125,7.71875,4.0625,8.0],"tintindex":0,"rotation":0,"texture":"#0"},"north":{"uv":[2.4375,7.71875,2.71875,8.0],"tintindex":0,"rotation":0,"texture":"#0"},"west":{"uv":[6.90625,0.5625,7.5,0.84375],"tintindex":0,"rotation":0,"texture":"#0"},"up":{"uv":[2.4375,7.6875,2.15625,7.09375],"tintindex":0,"rotation":0,"texture":"#0"},"down":{"uv":[5.5,7.09375,5.21875,7.6875],"tintindex":0,"rotation":0,"texture":"#0"}}},{"from":[9.0,-2.0,-11.0],"to":[9.0,17.0,8.0],"faces":{"east":{"uv":[2.625,1.53125,3.21875,2.125],"tintindex":0,"rotation":0,"texture":"#0"},"west":{"uv":[2.625,1.53125,3.21875,2.125],"tintindex":0,"rotation":0,"texture":"#0"}},"rotation":{"origin":[9.0,7.5,-1.5],"angle":-22.5,"axis":"y"}}],"display":{"gui":{"rotation":[30,225,0]}}}