{"textures":{"0":"modelengine:entity/parasitic_abomination"},"elements":[{"from":[3.0,4.0,-11.0],"to":[12.0,13.0,8.0],"faces":{"east":{"uv":[3.96875,7.15625,4.5625,7.4375],"tintindex":0,"rotation":0,"texture":"#0"},"south":{"uv":[7.71875,7.125,8.0,7.40625],"tintindex":0,"rotation":0,"texture":"#0"},"north":{"uv":[7.71875,6.84375,8.0,7.125],"tintindex":0,"rotation":0,"texture":"#0"},"west":{"uv":[7.15625,6.28125,7.75,6.5625],"tintindex":0,"rotation":0,"texture":"#0"},"up":{"uv":[7.46875,2.3125,7.1875,1.71875],"tintindex":0,"rotation":0,"texture":"#0"},"down":{"uv":[7.5,3.125,7.21875,3.71875],"tintindex":0,"rotation":0,"texture":"#0"}}},{"from":[8.0,-1.0,-10.0],"to":[8.0,18.0,9.0],"faces":{"east":{"uv":[5.75,5.15625,6.34375,5.75],"tintindex":0,"rotation":0,"texture":"#0"},"west":{"uv":[5.75,5.15625,6.34375,5.75],"tintindex":0,"rotation":0,"texture":"#0"}},"rotation":{"origin":[8.0,8.5,-0.5],"angle":22.5,"axis":"y"}}],"display":{"gui":{"rotation":[30,225,0]}}}