{
	"credit": "wolf_awwent made with blockbench",
	"texture_size": [40, 40],
	"textures": {
		"2": "modelfoundry_mega_weapon_pack:mega_weapon_pack/dagger_5"
	},
	"elements": [
		{
			"from": [7.25, -7, 7.25],
			"to": [8.75, 0, 8.75],
			"rotation": {"angle": 0, "axis": "y", "origin": [7.75, -0.63833, 6.08885]},
			"faces": {
				"north": {"uv": [9.6, 8, 10.2, 10.8], "texture": "#2"},
				"east": {"uv": [10.4, 8, 11, 10.8], "texture": "#2"},
				"south": {"uv": [0, 10.8, 0.6, 13.6], "texture": "#2"},
				"west": {"uv": [0.8, 10.8, 1.4, 13.6], "texture": "#2"},
				"up": {"uv": [2.2, 11.4, 1.6, 10.8], "texture": "#2"},
				"down": {"uv": [3, 10.8, 2.4, 11.4], "texture": "#2"}
			}
		},
		{
			"from": [8, -12, 2.375],
			"to": [8, -5, 13.625],
			"rotation": {"angle": 0, "axis": "y", "origin": [8, -0.63833, 5.71385]},
			"faces": {
				"north": {"uv": [0, 0, 0, 2.8], "texture": "#2"},
				"east": {"uv": [0, 8, 4.6, 10.8], "texture": "#2"},
				"south": {"uv": [0, 0, 0, 2.8], "texture": "#2"},
				"west": {"uv": [4.6, 8, 0, 10.8], "texture": "#2"},
				"up": {"uv": [0, 4.6, 0, 0], "texture": "#2"},
				"down": {"uv": [0, 0, 0, 4.6], "texture": "#2"}
			}
		},
		{
			"from": [8, -1, 0.875],
			"to": [8, 19, 15.125],
			"rotation": {"angle": 0, "axis": "y", "origin": [8, -0.63833, 7.21385]},
			"faces": {
				"north": {"uv": [0, 0, 0, 8], "texture": "#2"},
				"east": {"uv": [0, 0, 5.8, 8], "texture": "#2"},
				"south": {"uv": [0, 0, 0, 8], "texture": "#2"},
				"west": {"uv": [6, 0, 11.8, 8], "texture": "#2"},
				"up": {"uv": [0, 5.8, 0, 0], "texture": "#2"},
				"down": {"uv": [0, 0, 0, 5.8], "texture": "#2"}
			}
		}
	],
	"gui_light": "front",
	"display": {
		"thirdperson_righthand": {
			"translation": [0, 9.75, 1.25]
		},
		"thirdperson_lefthand": {
			"translation": [0, 9.75, 1.25]
		},
		"firstperson_righthand": {
			"rotation": [-29.75, 0, 0],
			"translation": [0, 10, -2],
			"scale": [0.8, 0.8, 0.8]
		},
		"firstperson_lefthand": {
			"rotation": [-29.75, 0, 0],
			"translation": [0, 10, -2],
			"scale": [0.8, 0.8, 0.8]
		},
		"ground": {
			"rotation": [-31.91, -6.41, 22.24],
			"translation": [0, 10.75, 0],
			"scale": [0.8, 0.8, 0.8]
		},
		"gui": {
			"rotation": [-90, 46.75, 90],
			"translation": [-3, 3.75, 0],
			"scale": [0.8, 0.8, 0.8]
		},
		"head": {
			"rotation": [-90, 42.5, -90],
			"translation": [4.25, -19.5, 4.75]
		},
		"fixed": {
			"rotation": [-90, 46.75, 90],
			"translation": [-3.75, 4.25, 0],
			"scale": [0.9, 0.9, 0.9]
		}
	},
	"groups": [
		{
			"name": "group",
			"origin": [-4, -3.25, 8],
			"color": 0,
			"children": [0, 1, 2]
		}
	]
}