{
	"credit": "wolf_awwent made with blockbench",
	"texture_size": [40, 40],
	"textures": {
		"1": "modelfoundry_mega_weapon_pack:mega_weapon_pack/dagger_10"
	},
	"elements": [
		{
			"from": [7.5, 3.97553, 7.25],
			"to": [8.5, 8.97553, 8.75],
			"rotation": {"angle": 0, "axis": "y", "origin": [8.25, 8.3372, 9.91115]},
			"faces": {
				"north": {"uv": [8.8, 7.2, 9.2, 9.2], "texture": "#1"},
				"east": {"uv": [7.2, 7.2, 7.8, 9.2], "texture": "#1"},
				"south": {"uv": [7.2, 9.2, 7.6, 11.2], "texture": "#1"},
				"west": {"uv": [8, 7.2, 8.6, 9.2], "texture": "#1"},
				"up": {"uv": [8.4, 9.8, 8, 9.2], "texture": "#1"},
				"down": {"uv": [8.8, 9.2, 8.4, 9.8], "texture": "#1"}
			}
		},
		{
			"from": [7.75, 9.47553, 7.25],
			"to": [8.25, 18.97553, 8.75],
			"rotation": {"angle": 0, "axis": "y", "origin": [8, 8.3372, 9.91115]},
			"faces": {
				"north": {"uv": [9.2, 7.2, 9.4, 11], "texture": "#1"},
				"east": {"uv": [5.6, 7.2, 6.2, 11], "texture": "#1"},
				"south": {"uv": [9.4, 7.2, 9.2, 11], "texture": "#1"},
				"west": {"uv": [6.4, 7.2, 7, 11], "texture": "#1"},
				"up": {"uv": [9, 9.8, 8.8, 9.2], "texture": "#1"},
				"down": {"uv": [9.8, 7.2, 9.6, 7.8], "texture": "#1"}
			}
		},
		{
			"from": [8, 6.97553, 0.375],
			"to": [8, 24.97553, 15.625],
			"rotation": {"angle": 0, "axis": "y", "origin": [8, 8.3372, 9.28615]},
			"faces": {
				"north": {"uv": [0, 0, 0, 7.2], "texture": "#1"},
				"east": {"uv": [0, 0, 6.2, 7.2], "texture": "#1"},
				"south": {"uv": [0, 0, 0, 7.2], "texture": "#1"},
				"west": {"uv": [6.4, 0, 12.6, 7.2], "texture": "#1"},
				"up": {"uv": [0, 6.2, 0, 0], "texture": "#1"},
				"down": {"uv": [0, 0, 0, 6.2], "texture": "#1"}
			}
		},
		{
			"from": [8, -3.02447, 4.5],
			"to": [8, 4.97553, 11.5],
			"rotation": {"angle": 0, "axis": "y", "origin": [8, 8.3372, 12.16115]},
			"faces": {
				"north": {"uv": [0, 0, 0, 3.2], "texture": "#1"},
				"east": {"uv": [0, 7.2, 2.8, 10.4], "texture": "#1"},
				"south": {"uv": [0, 0, 0, 3.2], "texture": "#1"},
				"west": {"uv": [2.8, 7.2, 5.6, 10.4], "texture": "#1"},
				"up": {"uv": [0, 2.8, 0, 0], "texture": "#1"},
				"down": {"uv": [0, 0, 0, 2.8], "texture": "#1"}
			}
		}
	],
	"gui_light": "front",
	"display": {
		"thirdperson_righthand": {
			"translation": [0, 0.25, 0.75]
		},
		"thirdperson_lefthand": {
			"translation": [0, 0.25, 0.75]
		},
		"firstperson_righthand": {
			"rotation": [-31.34, -2.72, -6.33],
			"translation": [2.75, 1, 0]
		},
		"firstperson_lefthand": {
			"rotation": [-31.34, -2.72, -6.33],
			"translation": [2.75, 1, 0]
		},
		"ground": {
			"rotation": [-31.91, -6.41, 22.24],
			"translation": [0, 4, 0],
			"scale": [0.8, 0.8, 0.8]
		},
		"gui": {
			"rotation": [-90, 44.25, 90],
			"translation": [3.5, -3.25, 0]
		},
		"head": {
			"rotation": [-90, 42.5, -90],
			"translation": [-2.75, -13.75, 4.75]
		},
		"fixed": {
			"rotation": [-90, 46.75, 90],
			"translation": [2.75, -3.25, 0]
		}
	},
	"groups": [
		{
			"name": "group",
			"origin": [-4, 5.72553, 8.625],
			"color": 0,
			"children": [0, 1, 2, 3]
		}
	]
}