{
	"credit": "wolf_awwent made with blockbench",
	"texture_size": [32, 32],
	"textures": {
		"1": "modelfoundry_mega_weapon_pack:mega_weapon_pack/dagger_4",
		"particle": "modelfoundry_mega_weapon_pack:mega_weapon_pack/dagger_4_e"
	},
	"elements": [
		{
			"from": [7.25, -3, 7],
			"to": [8.75, 3, 8.5],
			"rotation": {"angle": 0, "axis": "y", "origin": [8, -0.63833, 5.83885]},
			"faces": {
				"north": {"uv": [4.75, 8, 4, 11], "texture": "#1"},
				"east": {"uv": [3.75, 8, 3, 11], "texture": "#1"},
				"south": {"uv": [2.75, 8, 2, 11], "texture": "#1"},
				"west": {"uv": [5.75, 8, 5, 11], "texture": "#1"},
				"up": {"uv": [12.75, 9, 12, 9.75], "texture": "#1"},
				"down": {"uv": [10.75, 12.75, 10, 12], "texture": "#1"}
			}
		},
		{
			"from": [7.75, 3, 6.5],
			"to": [8.25, 12, 8],
			"rotation": {"angle": 0, "axis": "y", "origin": [8.5, -0.63833, 5.83885]},
			"faces": {
				"north": {"uv": [8.75, 8, 8.5, 12.5], "texture": "#1"},
				"east": {"uv": [0.75, 8, 0, 12.5], "texture": "#1"},
				"south": {"uv": [8.25, 8, 8, 12.5], "texture": "#1"},
				"west": {"uv": [0, 8, 0.75, 12.5], "texture": "#1"},
				"up": {"uv": [11.25, 12.5, 11, 13.25], "texture": "#1"},
				"down": {"uv": [11.75, 13.25, 11.5, 12.5], "texture": "#1"}
			}
		},
		{
			"from": [7.26, -4.79185, 7.7112],
			"to": [8.74, -1.81185, 9.1912],
			"rotation": {"angle": 22.5, "axis": "x", "origin": [8, -0.63833, 5.83885]},
			"faces": {
				"north": {"uv": [7.75, 9.5, 7, 11], "texture": "#1"},
				"east": {"uv": [6.75, 9.5, 6, 11], "texture": "#1"},
				"south": {"uv": [9.75, 8, 9, 9.5], "texture": "#1"},
				"west": {"uv": [9.75, 9.5, 9, 11], "texture": "#1"},
				"up": {"uv": [12.75, 10, 12, 10.75], "texture": "#1"},
				"down": {"uv": [12.75, 11.75, 12, 11], "texture": "#1"}
			}
		},
		{
			"from": [7.27, -8.1622, 5.9892],
			"to": [8.73, -5.2022, 7.4492],
			"rotation": {"angle": 0, "axis": "y", "origin": [8, -6.6822, 6.7192]},
			"faces": {
				"north": {"uv": [11.75, 0, 11, 1.5], "texture": "#1"},
				"east": {"uv": [10.75, 9.5, 10, 11], "texture": "#1"},
				"south": {"uv": [10.75, 8, 10, 9.5], "texture": "#1"},
				"west": {"uv": [11.75, 1.5, 11, 3], "texture": "#1"},
				"up": {"uv": [12.75, 12, 12, 12.75], "texture": "#1"},
				"down": {"uv": [0.75, 13.25, 0, 12.5], "texture": "#1"}
			}
		},
		{
			"from": [7.28, -10.17253, 6.83604],
			"to": [8.72, -7.23253, 8.27604],
			"rotation": {"angle": -45, "axis": "x", "origin": [8, -8.70253, 7.55604]},
			"faces": {
				"north": {"uv": [11.75, 3, 11, 4.5], "texture": "#1"},
				"east": {"uv": [3.75, 11, 3, 12.5], "texture": "#1"},
				"south": {"uv": [2.75, 11, 2, 12.5], "texture": "#1"},
				"west": {"uv": [4.75, 11, 4, 12.5], "texture": "#1"},
				"up": {"uv": [1.75, 12.5, 1, 13.25], "texture": "#1"},
				"down": {"uv": [2.75, 13.25, 2, 12.5], "texture": "#1"}
			}
		},
		{
			"from": [7.29, -10.24938, 8.11637],
			"to": [8.71, -8.82938, 11.03637],
			"rotation": {"angle": 0, "axis": "y", "origin": [8, -9.53938, 9.57637]},
			"faces": {
				"north": {"uv": [4.75, 12.5, 4, 13.25], "texture": "#1"},
				"east": {"uv": [12.5, 4.5, 11, 5.25], "texture": "#1"},
				"south": {"uv": [3.75, 12.5, 3, 13.25], "texture": "#1"},
				"west": {"uv": [6.5, 11, 5, 11.75], "texture": "#1"},
				"up": {"uv": [11.75, 5.5, 11, 7], "texture": "#1"},
				"down": {"uv": [7.25, 12.5, 6.5, 11], "texture": "#1"}
			}
		},
		{
			"from": [7.3, -9.40253, 10.1467],
			"to": [8.7, -8.00253, 13.0467],
			"rotation": {"angle": -45, "axis": "x", "origin": [8, -8.70253, 11.5967]},
			"faces": {
				"north": {"uv": [13.25, 5, 12.5, 5.75], "texture": "#1"},
				"east": {"uv": [12.5, 7, 11, 7.75], "texture": "#1"},
				"south": {"uv": [13.25, 4, 12.5, 4.75], "texture": "#1"},
				"west": {"uv": [12.5, 8, 11, 8.75], "texture": "#1"},
				"up": {"uv": [9.75, 11, 9, 12.5], "texture": "#1"},
				"down": {"uv": [11.75, 10.5, 11, 9], "texture": "#1"}
			}
		},
		{
			"from": [7.02, -7.79605, 12.19786],
			"to": [8.98, -4.83605, 12.90786],
			"rotation": {"angle": 0, "axis": "y", "origin": [8, -6.31605, 13.45286]},
			"faces": {
				"north": {"uv": [8, 8, 7, 9.5], "texture": "#1"},
				"east": {"uv": [8, 11, 7.5, 12.5], "texture": "#1"},
				"south": {"uv": [7, 8, 6, 9.5], "texture": "#1"},
				"west": {"uv": [12.5, 5.5, 12, 7], "texture": "#1"},
				"up": {"uv": [7, 12.5, 6, 13], "texture": "#1"},
				"down": {"uv": [13.5, 6.5, 12.5, 6], "texture": "#1"}
			}
		},
		{
			"from": [7.01, -10.44253, 12.6067],
			"to": [8.99, -8.71253, 14.5867],
			"rotation": {"angle": -45, "axis": "x", "origin": [8, -8.70253, 11.5967]},
			"faces": {
				"north": {"uv": [12, 11.5, 11, 12.5], "texture": "#1"},
				"east": {"uv": [12, 10.5, 11, 11.5], "texture": "#1"},
				"south": {"uv": [11, 11, 10, 12], "texture": "#1"},
				"west": {"uv": [13, 0, 12, 1], "texture": "#1"},
				"up": {"uv": [13, 1, 12, 2], "texture": "#1"},
				"down": {"uv": [13, 3, 12, 2], "texture": "#1"}
			}
		},
		{
			"from": [7.01, -9.70667, 14.59256],
			"to": [8.99, -8.72667, 16.57256],
			"rotation": {"angle": -45, "axis": "x", "origin": [8, -8.71667, 11.58256]},
			"faces": {
				"north": {"uv": [13.5, 7, 12.5, 7.5], "texture": "#1"},
				"east": {"uv": [8, 12.5, 7, 13], "texture": "#1"},
				"south": {"uv": [13.5, 6.5, 12.5, 7], "texture": "#1"},
				"west": {"uv": [13.5, 7.5, 12.5, 8], "texture": "#1"},
				"up": {"uv": [13, 3, 12, 4], "texture": "#1"},
				"down": {"uv": [6, 13, 5, 12], "texture": "#1"}
			}
		},
		{
			"from": [9.01, -8.72082, 14.6067],
			"to": [8.99, -7.74082, 16.5867],
			"rotation": {"angle": -45, "axis": "x", "origin": [8, -8.73082, 11.5967]},
			"faces": {
				"north": {"uv": [0, 0, 0, 0.5], "texture": "#1"},
				"east": {"uv": [9, 12.5, 8, 13], "texture": "#1"},
				"south": {"uv": [0, 0, 0, 0.5], "texture": "#1"},
				"west": {"uv": [13.5, 8, 12.5, 8.5], "texture": "#1"},
				"up": {"uv": [0, 0, 0, 1], "texture": "#1"},
				"down": {"uv": [0, 1, 0, 0], "texture": "#1"}
			}
		},
		{
			"from": [7.01, -8.72082, 14.6067],
			"to": [6.99, -7.74082, 16.5867],
			"rotation": {"angle": -45, "axis": "x", "origin": [8, -8.73082, 11.5967]},
			"faces": {
				"north": {"uv": [0, 0, 0, 0.5], "texture": "#1"},
				"east": {"uv": [13.5, 8.5, 12.5, 9], "texture": "#1"},
				"south": {"uv": [0, 0, 0, 0.5], "texture": "#1"},
				"west": {"uv": [10, 12.5, 9, 13], "texture": "#1"},
				"up": {"uv": [0, 0, 0, 1], "texture": "#1"},
				"down": {"uv": [0, 1, 0, 0], "texture": "#1"}
			}
		},
		{
			"from": [8, 1, 2],
			"to": [8, 17, 13],
			"rotation": {"angle": 0, "axis": "y", "origin": [8, -0.63833, 10.16115]},
			"faces": {
				"north": {"uv": [0, 0, 0, 8], "texture": "#1"},
				"east": {"uv": [5.5, 0, 0, 8], "texture": "#1"},
				"south": {"uv": [0, 0, 0, 8], "texture": "#1"},
				"west": {"uv": [11, 0, 5.5, 8], "texture": "#1"},
				"up": {"uv": [0, 0, 0, 5.5], "texture": "#1"},
				"down": {"uv": [0, 5.5, 0, 0], "texture": "#1"}
			}
		}
	],
	"gui_light": "front",
	"display": {
		"thirdperson_righthand": {
			"translation": [0, 6.25, 2.25]
		},
		"thirdperson_lefthand": {
			"translation": [0, 6.25, 2.25]
		},
		"firstperson_righthand": {
			"rotation": [-52, 0, 0],
			"translation": [0, 8, -0.25],
			"scale": [0.8, 0.8, 0.8]
		},
		"firstperson_lefthand": {
			"rotation": [-52, 0, 0],
			"translation": [0, 8, -0.25],
			"scale": [0.8, 0.8, 0.8]
		},
		"ground": {
			"rotation": [-31.91, -6.41, 22.24],
			"translation": [0, 10.75, 0],
			"scale": [0.8, 0.8, 0.8]
		},
		"gui": {
			"rotation": [-90, 46.75, 90],
			"translation": [-2.5, 1.75, 0],
			"scale": [0.6, 0.6, 0.6]
		},
		"head": {
			"rotation": [-90, 42.5, -90],
			"translation": [4.25, -23, 4.75]
		},
		"fixed": {
			"rotation": [-90, 46.75, 90],
			"translation": [-2.75, 1.25, 0],
			"scale": [0.7, 0.7, 0.7]
		}
	},
	"groups": [
		{
			"name": "group",
			"origin": [-4, -3.25, 8],
			"color": 0,
			"children": [0, 1, 2, 3, 4, 5, 6, 7, 8, 9, 10, 11, 12]
		}
	]
}