{
	"credit": "wolf_awwent made with blockbench",
	"texture_size": [32, 32],
	"textures": {
		"4": "modelfoundry_mega_weapon_pack:mega_weapon_pack/dagger_6",
		"particle": "modelfoundry_mega_weapon_pack:mega_weapon_pack/dagger_6_e"
	},
	"elements": [
		{
			"from": [7.5, -3, 7.5],
			"to": [8.5, 0, 9],
			"rotation": {"angle": 0, "axis": "y", "origin": [8.25, -0.63833, 10.16115]},
			"faces": {
				"north": {"uv": [4.5, 11, 5, 12.5], "texture": "#4"},
				"east": {"uv": [3.5, 11, 4.25, 12.5], "texture": "#4"},
				"south": {"uv": [5, 11, 5.5, 12.5], "texture": "#4"},
				"west": {"uv": [4.25, 11, 3.5, 12.5], "texture": "#4"},
				"up": {"uv": [6, 11.75, 5.5, 11], "texture": "#4"},
				"down": {"uv": [11.5, 5.5, 11, 6.25], "texture": "#4"}
			}
		},
		{
			"from": [8, -11, 4.75],
			"to": [8, -3, 11.75],
			"rotation": {"angle": 0, "axis": "y", "origin": [8, -0.58448, 14.56818]},
			"faces": {
				"north": {"uv": [0, 0, 0, 4], "texture": "#4"},
				"east": {"uv": [0, 11, 3.5, 15], "texture": "#4"},
				"south": {"uv": [0, 0, 0, 4], "texture": "#4"},
				"west": {"uv": [3.5, 11, 0, 15], "texture": "#4"},
				"up": {"uv": [0, 3.5, 0, 0], "texture": "#4"},
				"down": {"uv": [0, 0, 0, 3.5], "texture": "#4"}
			}
		},
		{
			"from": [8, -1, 2.5],
			"to": [8, 21, 13.5],
			"rotation": {"angle": 0, "axis": "y", "origin": [8, -0.63833, 10.16115]},
			"faces": {
				"north": {"uv": [0, 0, 0, 11], "texture": "#4"},
				"east": {"uv": [0, 0, 5.5, 11], "texture": "#4"},
				"south": {"uv": [0, 0, 0, 11], "texture": "#4"},
				"west": {"uv": [5.5, 0, 0, 11], "texture": "#4"},
				"up": {"uv": [0, 5.5, 0, 0], "texture": "#4"},
				"down": {"uv": [0, 0, 0, 5.5], "texture": "#4"}
			}
		}
	],
	"gui_light": "front",
	"display": {
		"thirdperson_righthand": {
			"translation": [0, 7, 1.25]
		},
		"thirdperson_lefthand": {
			"translation": [0, 7, 1.25]
		},
		"firstperson_righthand": {
			"rotation": [-26.69, 2.71, -0.91],
			"translation": [0.75, 8.75, -2]
		},
		"firstperson_lefthand": {
			"rotation": [-26.69, 2.71, -0.91],
			"translation": [0.75, 8.75, -2]
		},
		"ground": {
			"rotation": [-31.91, -6.41, 22.24],
			"translation": [0, 10.75, 0],
			"scale": [0.8, 0.8, 0.8]
		},
		"gui": {
			"rotation": [-90, 46.75, 90],
			"translation": [-0.25, 1.25, 0],
			"scale": [0.8, 0.8, 0.8]
		},
		"head": {
			"rotation": [-90, 42.5, -90],
			"translation": [1.75, -15.5, 4.75]
		},
		"fixed": {
			"rotation": [-90, 46.75, 90],
			"translation": [0, 1.25, 0],
			"scale": [0.7, 0.7, 0.7]
		}
	},
	"groups": [
		{
			"name": "group",
			"origin": [-4, -3.25, 8],
			"color": 0,
			"children": [0, 1, 2]
		}
	]
}