{
	"credit": "wolf_awwent made with blockbench",
	"texture_size": [40, 40],
	"textures": {
		"3": "modelfoundry_mega_weapon_pack:mega_weapon_pack/dagger_2"
	},
	"elements": [
		{
			"from": [7.5, -5, 7.5],
			"to": [8.5, 0, 8.5],
			"rotation": {"angle": 0, "axis": "y", "origin": [8.25, -0.63833, 9.66115]},
			"faces": {
				"north": {"uv": [9.6, 4.8, 10, 6.8], "texture": "#3"},
				"east": {"uv": [9.6, 6.8, 10, 8.8], "texture": "#3"},
				"south": {"uv": [9.6, 8.8, 10, 10.8], "texture": "#3"},
				"west": {"uv": [10, 4.8, 10.4, 6.8], "texture": "#3"},
				"up": {"uv": [10.8, 5.2, 10.4, 4.8], "texture": "#3"},
				"down": {"uv": [10.8, 5.2, 10.4, 5.6], "texture": "#3"}
			}
		},
		{
			"from": [7.75, 0, 7],
			"to": [8.25, 8, 9],
			"rotation": {"angle": 0, "axis": "y", "origin": [8, -0.63833, 9.66115]},
			"faces": {
				"north": {"uv": [10, 6.8, 10.2, 10], "texture": "#3"},
				"east": {"uv": [9.6, 8, 8.8, 11.2], "texture": "#3"},
				"south": {"uv": [10, 10, 10.2, 13.2], "texture": "#3"},
				"west": {"uv": [8.8, 8, 9.6, 11.2], "texture": "#3"},
				"up": {"uv": [10.6, 6.4, 10.4, 5.6], "texture": "#3"},
				"down": {"uv": [10.6, 6.4, 10.4, 7.2], "texture": "#3"}
			}
		},
		{
			"from": [8, -1, 2.5],
			"to": [8, 17, 13.5],
			"rotation": {"angle": 0, "axis": "y", "origin": [8, -0.63833, 10.16115]},
			"faces": {
				"north": {"uv": [0, 0, 0, 7.2], "texture": "#3"},
				"east": {"uv": [0, 0, 4.4, 7.2], "texture": "#3"},
				"south": {"uv": [0, 0, 0, 7.2], "texture": "#3"},
				"west": {"uv": [4.4, 0, 8.8, 7.2], "texture": "#3"},
				"up": {"uv": [0, 4.4, 0, 0], "texture": "#3"},
				"down": {"uv": [0, 0, 0, 4.4], "texture": "#3"}
			}
		},
		{
			"from": [8, 17, 2.5],
			"to": [8, 28, 13.5],
			"rotation": {"angle": 0, "axis": "y", "origin": [8, -0.63833, 10.16115]},
			"faces": {
				"north": {"uv": [0, 0, 0, 4.4], "texture": "#3"},
				"east": {"uv": [0, 7.2, 4.4, 11.6], "texture": "#3"},
				"south": {"uv": [0, 0, 0, 4.4], "texture": "#3"},
				"west": {"uv": [4.4, 7.2, 8.8, 11.6], "texture": "#3"},
				"up": {"uv": [0, 4.4, 0, 0], "texture": "#3"},
				"down": {"uv": [0, 0, 0, 4.4], "texture": "#3"}
			}
		},
		{
			"from": [8, -9, 5.5],
			"to": [8, -3, 10.5],
			"rotation": {"angle": 0, "axis": "y", "origin": [8, -0.63833, 10.16115]},
			"faces": {
				"north": {"uv": [0, 0, 0, 2.4], "texture": "#3"},
				"east": {"uv": [8.8, 0, 10.8, 2.4], "texture": "#3"},
				"south": {"uv": [0, 0, 0, 2.4], "texture": "#3"},
				"west": {"uv": [8.8, 2.4, 10.8, 4.8], "texture": "#3"},
				"up": {"uv": [0, 2, 0, 0], "texture": "#3"},
				"down": {"uv": [0, 0, 0, 2], "texture": "#3"}
			}
		}
	],
	"display": {
		"thirdperson_righthand": {
			"rotation": [1.62, 5.71, 0.01],
			"translation": [1.5, 4, 1.5],
			"scale": [0.6, 0.6, 0.6]
		},
		"thirdperson_lefthand": {
			"rotation": [1.62, 5.71, 0.01],
			"translation": [1.5, 4, 1.5],
			"scale": [0.6, 0.6, 0.6]
		},
		"firstperson_righthand": {
			"rotation": [-36.86, 4.25, 0.22],
			"translation": [0, 5.75, 0.75]
		},
		"firstperson_lefthand": {
			"rotation": [-36.86, 4.25, 0.22],
			"translation": [0, 5.75, 0.75]
		},
		"ground": {
			"rotation": [-31.91, -6.41, 22.24],
			"translation": [0, 10.75, 0],
			"scale": [0.8, 0.8, 0.8]
		},
		"gui": {
			"rotation": [-90, 46.75, 90],
			"translation": [0.75, -0.5, 0],
			"scale": [0.6, 0.6, 0.6]
		},
		"head": {
			"rotation": [-90, 42.5, -90],
			"translation": [1.5, -17, 4.75]
		},
		"fixed": {
			"rotation": [-90, 46.75, 90],
			"translation": [1.25, 0, 0],
			"scale": [0.7, 0.7, 0.7]
		}
	},
	"groups": [
		{
			"name": "group",
			"origin": [-4, -3.25, 8],
			"color": 0,
			"children": [0, 1, 2, 3, 4]
		}
	]
}