{
	"credit": "wolf_awwent made with blockbench",
	"texture_size": [32, 32],
	"textures": {
		"3": "modelfoundry_mega_weapon_pack:mega_weapon_pack/dagger_3"
	},
	"elements": [
		{
			"from": [7.5, -6, 7],
			"to": [8.5, 0, 8.5],
			"rotation": {"angle": 0, "axis": "y", "origin": [8, -0.63833, 5.83885]},
			"faces": {
				"north": {"uv": [12, 0, 12.5, 3], "texture": "#3"},
				"east": {"uv": [10, 9, 10.75, 12], "texture": "#3"},
				"south": {"uv": [12, 3, 12.5, 6], "texture": "#3"},
				"west": {"uv": [11, 9, 11.75, 12], "texture": "#3"},
				"up": {"uv": [12.5, 6.75, 12, 6], "texture": "#3"},
				"down": {"uv": [12.5, 7, 12, 7.75], "texture": "#3"}
			}
		},
		{
			"from": [8, -1, 1.5],
			"to": [8, 17, 13.5],
			"rotation": {"angle": 0, "axis": "y", "origin": [8, -0.63833, 5.83885]},
			"faces": {
				"north": {"uv": [0, 0, 0, 9], "texture": "#3"},
				"east": {"uv": [0, 0, 6, 9], "texture": "#3"},
				"south": {"uv": [0, 0, 0, 9], "texture": "#3"},
				"west": {"uv": [6, 0, 12, 9], "texture": "#3"},
				"up": {"uv": [0, 6, 0, 0], "texture": "#3"},
				"down": {"uv": [0, 0, 0, 6], "texture": "#3"}
			}
		},
		{
			"from": [8, -14, 2.5],
			"to": [8, -4, 12.5],
			"rotation": {"angle": 0, "axis": "y", "origin": [8, -0.63833, 5.83885]},
			"faces": {
				"north": {"uv": [0, 0, 0, 5], "texture": "#3"},
				"east": {"uv": [0, 9, 5, 14], "texture": "#3"},
				"south": {"uv": [0, 0, 0, 5], "texture": "#3"},
				"west": {"uv": [5, 9, 10, 14], "texture": "#3"},
				"up": {"uv": [0, 5, 0, 0], "texture": "#3"},
				"down": {"uv": [0, 0, 0, 5], "texture": "#3"}
			}
		}
	],
	"gui_light": "front",
	"display": {
		"thirdperson_righthand": {
			"translation": [0, 9, 1.25]
		},
		"thirdperson_lefthand": {
			"translation": [0, 9, 1.25]
		},
		"firstperson_righthand": {
			"rotation": [-36.74, 5.85, 1.41],
			"translation": [0, 10, -2]
		},
		"firstperson_lefthand": {
			"rotation": [-36.74, 5.85, 1.41],
			"translation": [0, 10, -2]
		},
		"ground": {
			"rotation": [-31.91, -6.41, 22.24],
			"translation": [0, 10.75, 0],
			"scale": [0.8, 0.8, 0.8]
		},
		"gui": {
			"rotation": [-90, 41.5, 90],
			"translation": [-3.5, 3.25, 0],
			"scale": [0.8, 0.8, 0.8]
		},
		"head": {
			"rotation": [-90, 42.5, -90],
			"translation": [5.75, -19.75, 4.75]
		},
		"fixed": {
			"rotation": [-90, 46.75, 90],
			"translation": [-1.5, 2.5, 0],
			"scale": [0.7, 0.7, 0.7]
		}
	},
	"groups": [
		{
			"name": "group",
			"origin": [-4, -3.25, 8],
			"color": 0,
			"children": [0, 1, 2]
		}
	]
}