{
	"credit": "wolf_awwent made with blockbench",
	"texture_size": [48, 48],
	"textures": {
		"2": "modelfoundry_mega_weapon_pack:mega_weapon_pack/hammer_3"
	},
	"elements": [
		{
			"from": [7, -3, 7],
			"to": [9, 17, 9],
			"rotation": {"angle": 0, "axis": "y", "origin": [6, 0, 7]},
			"faces": {
				"north": {"uv": [2.66667, 8, 3.33333, 14.66667], "texture": "#2"},
				"east": {"uv": [2.66667, 8, 3.33333, 14.66667], "texture": "#2"},
				"south": {"uv": [2.66667, 8, 3.33333, 14.66667], "texture": "#2"},
				"west": {"uv": [2.66667, 8, 3.33333, 14.66667], "texture": "#2"},
				"up": {"uv": [9.33333, 4.66667, 8.66667, 4], "texture": "#2"},
				"down": {"uv": [9.33333, 4.66667, 8.66667, 5.33333], "texture": "#2"}
			}
		},
		{
			"from": [4, 16, 0],
			"to": [12, 24, 16],
			"rotation": {"angle": 0, "axis": "y", "origin": [6, 0, 14]},
			"faces": {
				"north": {"uv": [5.33333, 5.33333, 8, 8], "texture": "#2"},
				"east": {"uv": [5.33333, 2.66667, 0, 5.33333], "texture": "#2"},
				"south": {"uv": [5.33333, 5.33333, 8, 8], "texture": "#2"},
				"west": {"uv": [0, 2.66667, 5.33333, 5.33333], "texture": "#2"},
				"up": {"uv": [2.66667, 10.66667, 0, 5.33333], "texture": "#2"},
				"down": {"uv": [8, 0, 5.33333, 5.33333], "texture": "#2"}
			}
		},
		{
			"from": [6, 14, 6],
			"to": [10, 16, 10],
			"rotation": {"angle": 0, "axis": "y", "origin": [6, 0, 7]},
			"faces": {
				"north": {"uv": [8.33333, 8.33333, 9.66667, 9], "texture": "#2"},
				"east": {"uv": [8.33333, 8.33333, 9.66667, 9], "texture": "#2"},
				"south": {"uv": [8.33333, 8.33333, 9.66667, 9], "texture": "#2"},
				"west": {"uv": [8.33333, 8.33333, 9.66667, 9], "texture": "#2"},
				"up": {"uv": [6, 9.33333, 4.66667, 8], "texture": "#2"},
				"down": {"uv": [7.33333, 8, 6, 9.33333], "texture": "#2"}
			}
		},
		{
			"from": [6.5, -2, 6.5],
			"to": [9.5, 0, 9.5],
			"rotation": {"angle": 0, "axis": "y", "origin": [5.5, 0, 7.5]},
			"faces": {
				"north": {"uv": [8.66667, 3.33333, 9.66667, 4], "texture": "#2"},
				"east": {"uv": [8.66667, 3.33333, 9.66667, 4], "texture": "#2"},
				"south": {"uv": [8.66667, 3.33333, 9.66667, 4], "texture": "#2"},
				"west": {"uv": [8.66667, 3.33333, 9.66667, 4], "texture": "#2"},
				"up": {"uv": [9, 7.66667, 8, 6.66667], "texture": "#2"},
				"down": {"uv": [8.33333, 8, 7.33333, 9], "texture": "#2"}
			}
		}
	],
	"gui_light": "front",
	"display": {
		"thirdperson_righthand": {
			"translation": [0, -0.25, 1.5],
			"scale": [0.8, 0.8, 0.8]
		},
		"thirdperson_lefthand": {
			"translation": [0, -0.25, 1.5],
			"scale": [0.8, 0.8, 0.8]
		},
		"firstperson_righthand": {
			"rotation": [-4.84, 18.63, 2.36],
			"translation": [1, 2.5, 0],
			"scale": [0.7, 0.7, 0.7]
		},
		"firstperson_lefthand": {
			"rotation": [-4.84, 18.63, 2.36],
			"translation": [1, 2.5, 0],
			"scale": [0.7, 0.7, 0.7]
		},
		"ground": {
			"rotation": [-31.91, -6.41, 22.24],
			"translation": [0, 13, 0],
			"scale": [0.7, 0.7, 0.7]
		},
		"gui": {
			"rotation": [-90, 46.75, 90],
			"translation": [2.25, -2, 0],
			"scale": [0.6, 0.6, 0.6]
		},
		"head": {
			"rotation": [-90, 42.5, -90],
			"translation": [-1.25, -14.25, 4.75]
		},
		"fixed": {
			"rotation": [-90, 46.75, 90],
			"translation": [1.25, -1.5, 0],
			"scale": [0.5, 0.5, 0.5]
		}
	},
	"groups": [
		{
			"name": "group",
			"origin": [5.5, 0, 7.5],
			"color": 0,
			"children": [0, 1, 2, 3]
		}
	]
}