{
	"credit": "wolf_awwent made with blockbench",
	"texture_size": [64, 64],
	"textures": {
		"3": "modelfoundry_mega_weapon_pack:mega_weapon_pack/hammer_4",
		"particle": "modelfoundry_mega_weapon_pack:mega_weapon_pack/hammer_4"
	},
	"elements": [
		{
			"from": [7, -5, 7],
			"to": [9, 27, 9],
			"rotation": {"angle": 0, "axis": "y", "origin": [6, 0, 9]},
			"faces": {
				"north": {"uv": [6, 4.5, 6.5, 12.5], "texture": "#3"},
				"east": {"uv": [6.5, 4.5, 7, 12.5], "texture": "#3"},
				"south": {"uv": [0, 6.75, 0.5, 14.75], "texture": "#3"},
				"west": {"uv": [0.5, 6.75, 1, 14.75], "texture": "#3"},
				"up": {"uv": [12.25, 3.75, 11.75, 3.25], "texture": "#3"},
				"down": {"uv": [7.75, 11.75, 7.25, 12.25], "texture": "#3"}
			}
		},
		{
			"from": [6.5, 14, 6.5],
			"to": [9.5, 16, 9.5],
			"rotation": {"angle": 0, "axis": "y", "origin": [5.5, 0, 8.5]},
			"faces": {
				"north": {"uv": [9, 5.5, 9.75, 6], "texture": "#3"},
				"east": {"uv": [11.5, 7.5, 12.25, 8], "texture": "#3"},
				"south": {"uv": [11.5, 8, 12.25, 8.5], "texture": "#3"},
				"west": {"uv": [11.75, 0.75, 12.5, 1.25], "texture": "#3"},
				"up": {"uv": [11.5, 5.25, 10.75, 4.5], "texture": "#3"},
				"down": {"uv": [11.5, 6.25, 10.75, 7], "texture": "#3"}
			}
		},
		{
			"from": [6.5, -7, 6.5],
			"to": [9.5, 5, 9.5],
			"rotation": {"angle": 0, "axis": "y", "origin": [5.5, 0, 8.5]},
			"faces": {
				"north": {"uv": [1, 6.75, 1.75, 9.75], "texture": "#3"},
				"east": {"uv": [1.75, 6.75, 2.5, 9.75], "texture": "#3"},
				"south": {"uv": [2.5, 6.75, 3.25, 9.75], "texture": "#3"},
				"west": {"uv": [3.25, 6.75, 4, 9.75], "texture": "#3"},
				"up": {"uv": [7.75, 11.5, 7, 10.75], "texture": "#3"},
				"down": {"uv": [11.5, 7, 10.75, 7.75], "texture": "#3"}
			}
		},
		{
			"from": [4, 16, 0],
			"to": [12, 25, 16],
			"rotation": {"angle": 0, "axis": "y", "origin": [6, 0, 2]},
			"faces": {
				"north": {"uv": [0, 4.5, 2, 6.75], "texture": "#3"},
				"east": {"uv": [0, 0, 4, 2.25], "texture": "#3"},
				"south": {"uv": [2, 4.5, 4, 6.75], "texture": "#3"},
				"west": {"uv": [0, 2.25, 4, 4.5], "texture": "#3"},
				"up": {"uv": [6, 4, 4, 0], "texture": "#3"},
				"down": {"uv": [6, 4, 4, 8], "texture": "#3"}
			}
		},
		{
			"from": [4, 16, -4],
			"to": [12, 25, 0],
			"rotation": {"angle": 0, "axis": "y", "origin": [6, 0, 2]},
			"faces": {
				"north": {"uv": [6, 0, 8, 2.25], "texture": "#3"},
				"east": {"uv": [7, 4.5, 8, 6.75], "texture": "#3"},
				"south": {"uv": [6, 2.25, 8, 4.5], "texture": "#3"},
				"west": {"uv": [7, 6.75, 8, 9], "texture": "#3"},
				"up": {"uv": [10, 1, 8, 0], "texture": "#3"},
				"down": {"uv": [10, 1, 8, 2], "texture": "#3"}
			}
		},
		{
			"from": [9, 21, 16],
			"to": [12, 24, 22],
			"rotation": {"angle": 0, "axis": "y", "origin": [6, 0, 2]},
			"faces": {
				"north": {"uv": [9.75, 11, 10.5, 11.75], "texture": "#3"},
				"east": {"uv": [1, 9.75, 2.5, 10.5], "texture": "#3"},
				"south": {"uv": [10.5, 11, 11.25, 11.75], "texture": "#3"},
				"west": {"uv": [2.5, 9.75, 4, 10.5], "texture": "#3"},
				"up": {"uv": [10.5, 9.5, 9.75, 8], "texture": "#3"},
				"down": {"uv": [9.75, 9.75, 9, 11.25], "texture": "#3"}
			}
		},
		{
			"from": [8.5, 15, 16],
			"to": [11.5, 18, 22],
			"rotation": {"angle": 22.5, "axis": "x", "origin": [8, 16.5, 19]},
			"faces": {
				"north": {"uv": [1, 11.25, 1.75, 12], "texture": "#3"},
				"east": {"uv": [9.75, 9.5, 11.25, 10.25], "texture": "#3"},
				"south": {"uv": [1.75, 11.25, 2.5, 12], "texture": "#3"},
				"west": {"uv": [10, 0, 11.5, 0.75], "texture": "#3"},
				"up": {"uv": [10.75, 2.25, 10, 0.75], "texture": "#3"},
				"down": {"uv": [10.75, 2.25, 10, 3.75], "texture": "#3"}
			}
		},
		{
			"from": [2.49, 16.99, 15.99],
			"to": [6.51, 21.01, 24.01],
			"rotation": {"angle": -22.5, "axis": "y", "origin": [5, 19, 20]},
			"faces": {
				"north": {"uv": [10.5, 7.75, 11.5, 8.75], "texture": "#3"},
				"east": {"uv": [8, 2, 10, 3], "texture": "#3"},
				"south": {"uv": [10.75, 0.75, 11.75, 1.75], "texture": "#3"},
				"west": {"uv": [8, 3, 10, 4], "texture": "#3"},
				"up": {"uv": [5, 10, 4, 8], "texture": "#3"},
				"down": {"uv": [9, 4, 8, 6], "texture": "#3"}
			}
		},
		{
			"from": [4.5, 15, 16],
			"to": [7.5, 18, 22],
			"rotation": {"angle": 22.5, "axis": "x", "origin": [8, 16.5, 19]},
			"faces": {
				"north": {"uv": [8.5, 11.25, 9.25, 12], "texture": "#3"},
				"east": {"uv": [4, 10, 5.5, 10.75], "texture": "#3"},
				"south": {"uv": [11.25, 9.5, 12, 10.25], "texture": "#3"},
				"west": {"uv": [10, 5.5, 11.5, 6.25], "texture": "#3"},
				"up": {"uv": [10.75, 7.75, 10, 6.25], "texture": "#3"},
				"down": {"uv": [8.5, 10, 7.75, 11.5], "texture": "#3"}
			}
		},
		{
			"from": [6.5, 23.7, 16],
			"to": [9.5, 26.7, 23],
			"rotation": {"angle": -22.5, "axis": "x", "origin": [8, 23.5, 19.5]},
			"faces": {
				"north": {"uv": [11.25, 10.25, 12, 11], "texture": "#3"},
				"east": {"uv": [9, 4, 10.75, 4.75], "texture": "#3"},
				"south": {"uv": [11.25, 11, 12, 11.75], "texture": "#3"},
				"west": {"uv": [9, 4.75, 10.75, 5.5], "texture": "#3"},
				"up": {"uv": [7.75, 10.75, 7, 9], "texture": "#3"},
				"down": {"uv": [9.75, 8, 9, 9.75], "texture": "#3"}
			}
		},
		{
			"from": [4, 21, 16],
			"to": [7, 24, 22],
			"rotation": {"angle": 0, "axis": "y", "origin": [5.5, 22.5, 19]},
			"faces": {
				"north": {"uv": [11.5, 0, 12.25, 0.75], "texture": "#3"},
				"east": {"uv": [9.75, 10.25, 11.25, 11], "texture": "#3"},
				"south": {"uv": [11.5, 4.5, 12.25, 5.25], "texture": "#3"},
				"west": {"uv": [1, 10.5, 2.5, 11.25], "texture": "#3"},
				"up": {"uv": [3.25, 12, 2.5, 10.5], "texture": "#3"},
				"down": {"uv": [4, 10.5, 3.25, 12], "texture": "#3"}
			}
		},
		{
			"from": [6.5, 17.25, 16],
			"to": [9.5, 20.25, 21],
			"rotation": {"angle": -22.5, "axis": "x", "origin": [8, 20.5, 18.5]},
			"faces": {
				"north": {"uv": [11.5, 5.25, 12.25, 6], "texture": "#3"},
				"east": {"uv": [10.5, 8.75, 11.75, 9.5], "texture": "#3"},
				"south": {"uv": [11.5, 6, 12.25, 6.75], "texture": "#3"},
				"west": {"uv": [10.75, 3.75, 12, 4.5], "texture": "#3"},
				"up": {"uv": [4.75, 12, 4, 10.75], "texture": "#3"},
				"down": {"uv": [5.5, 10.75, 4.75, 12], "texture": "#3"}
			}
		},
		{
			"from": [9.49, 16.99, 15.99],
			"to": [13.51, 21.01, 24.01],
			"rotation": {"angle": 22.5, "axis": "y", "origin": [11, 19, 20]},
			"faces": {
				"north": {"uv": [10.75, 1.75, 11.75, 2.75], "texture": "#3"},
				"east": {"uv": [8, 6, 10, 7], "texture": "#3"},
				"south": {"uv": [10.75, 2.75, 11.75, 3.75], "texture": "#3"},
				"west": {"uv": [8, 7, 10, 8], "texture": "#3"},
				"up": {"uv": [6, 10, 5, 8], "texture": "#3"},
				"down": {"uv": [9, 8, 8, 10], "texture": "#3"}
			}
		},
		{
			"from": [9, -10, 7.5],
			"to": [9.5, -7, 8.5],
			"rotation": {"angle": 0, "axis": "y", "origin": [5.5, 0, 7.5]},
			"faces": {
				"north": {"uv": [9.75, 11.75, 9.875, 12.5], "texture": "#3"},
				"east": {"uv": [7.75, 11.75, 8, 12.5], "texture": "#3"},
				"south": {"uv": [10, 11.75, 10.125, 12.5], "texture": "#3"},
				"west": {"uv": [8, 11.75, 8.25, 12.5], "texture": "#3"},
				"up": {"uv": [1.625, 12.25, 1.5, 12], "texture": "#3"},
				"down": {"uv": [12.125, 1.5, 12, 1.75], "texture": "#3"}
			}
		},
		{
			"from": [6.5, -10, 7.5],
			"to": [7, -7, 8.5],
			"rotation": {"angle": 0, "axis": "y", "origin": [5.5, 0, 7.5]},
			"faces": {
				"north": {"uv": [10.25, 11.75, 10.375, 12.5], "texture": "#3"},
				"east": {"uv": [8.25, 11.75, 8.5, 12.5], "texture": "#3"},
				"south": {"uv": [10.5, 11.75, 10.625, 12.5], "texture": "#3"},
				"west": {"uv": [11.75, 8.5, 12, 9.25], "texture": "#3"},
				"up": {"uv": [1.875, 12.25, 1.75, 12], "texture": "#3"},
				"down": {"uv": [12.125, 1.75, 12, 2], "texture": "#3"}
			}
		},
		{
			"from": [7, -7.5, 7.5],
			"to": [9, -7, 8.5],
			"rotation": {"angle": 0, "axis": "y", "origin": [5.5, 0, 7.5]},
			"faces": {
				"north": {"uv": [11.25, 11.75, 11.75, 11.875], "texture": "#3"},
				"east": {"uv": [2, 12, 2.25, 12.125], "texture": "#3"},
				"south": {"uv": [11.75, 11.75, 12.25, 11.875], "texture": "#3"},
				"west": {"uv": [12, 2, 12.25, 2.125], "texture": "#3"},
				"up": {"uv": [10.5, 4, 10, 3.75], "texture": "#3"},
				"down": {"uv": [10.5, 7.75, 10, 8], "texture": "#3"}
			}
		},
		{
			"from": [7, -10, 7.5],
			"to": [9, -9.5, 8.5],
			"rotation": {"angle": 0, "axis": "y", "origin": [5.5, 0, 7.5]},
			"faces": {
				"north": {"uv": [1, 12, 1.5, 12.125], "texture": "#3"},
				"east": {"uv": [2.25, 12, 2.5, 12.125], "texture": "#3"},
				"south": {"uv": [12, 1.25, 12.5, 1.375], "texture": "#3"},
				"west": {"uv": [12, 2.25, 12.25, 2.375], "texture": "#3"},
				"up": {"uv": [11.25, 5.5, 10.75, 5.25], "texture": "#3"},
				"down": {"uv": [9, 11, 8.5, 11.25], "texture": "#3"}
			}
		},
		{
			"from": [7.5, -9.5, 6],
			"to": [8.5, -8.5, 12],
			"rotation": {"angle": 0, "axis": "y", "origin": [5.5, 0, 7.5]},
			"faces": {
				"north": {"uv": [9.75, 5.5, 10, 5.75], "texture": "#3"},
				"east": {"uv": [11.5, 6.75, 13, 7], "texture": "#3"},
				"south": {"uv": [9.75, 5.75, 10, 6], "texture": "#3"},
				"west": {"uv": [7, 11.5, 8.5, 11.75], "texture": "#3"},
				"up": {"uv": [5.75, 11.5, 5.5, 10], "texture": "#3"},
				"down": {"uv": [6, 10, 5.75, 11.5], "texture": "#3"}
			}
		},
		{
			"from": [7.5, -14.5, 6],
			"to": [8.5, -13.5, 12],
			"rotation": {"angle": 0, "axis": "y", "origin": [5.5, 0, 7.5]},
			"faces": {
				"north": {"uv": [10.5, 3.75, 10.75, 4], "texture": "#3"},
				"east": {"uv": [11.5, 7, 13, 7.25], "texture": "#3"},
				"south": {"uv": [11.25, 5.25, 11.5, 5.5], "texture": "#3"},
				"west": {"uv": [11.5, 7.25, 13, 7.5], "texture": "#3"},
				"up": {"uv": [9.5, 12.75, 9.25, 11.25], "texture": "#3"},
				"down": {"uv": [9.75, 11.25, 9.5, 12.75], "texture": "#3"}
			}
		},
		{
			"from": [7.5, -13.5, 6],
			"to": [8.5, -9.5, 7],
			"rotation": {"angle": 0, "axis": "y", "origin": [5.5, 0, 7.5]},
			"faces": {
				"north": {"uv": [7.75, 9, 8, 10], "texture": "#3"},
				"east": {"uv": [8.5, 10, 8.75, 11], "texture": "#3"},
				"south": {"uv": [8.75, 10, 9, 11], "texture": "#3"},
				"west": {"uv": [5.5, 11.5, 5.75, 12.5], "texture": "#3"},
				"up": {"uv": [11.75, 8.75, 11.5, 8.5], "texture": "#3"},
				"down": {"uv": [12, 9.25, 11.75, 9.5], "texture": "#3"}
			}
		},
		{
			"from": [7.5, -13.5, 11],
			"to": [8.5, -9.5, 12],
			"rotation": {"angle": 0, "axis": "y", "origin": [5.5, 0, 7.5]},
			"faces": {
				"north": {"uv": [5.75, 11.5, 6, 12.5], "texture": "#3"},
				"east": {"uv": [11.75, 1.25, 12, 2.25], "texture": "#3"},
				"south": {"uv": [11.75, 2.25, 12, 3.25], "texture": "#3"},
				"west": {"uv": [7, 11.75, 7.25, 12.75], "texture": "#3"},
				"up": {"uv": [11, 12, 10.75, 11.75], "texture": "#3"},
				"down": {"uv": [11.25, 11.75, 11, 12], "texture": "#3"}
			}
		}
	],
	"gui_light": "front",
	"display": {
		"thirdperson_righthand": {
			"translation": [0, 5.75, 2.25],
			"scale": [0.8, 0.8, 0.8]
		},
		"thirdperson_lefthand": {
			"translation": [0, 5.75, 2.25],
			"scale": [0.8, 0.8, 0.8]
		},
		"firstperson_righthand": {
			"rotation": [-9.23, 14.81, 3.59],
			"translation": [2.25, 2.5, 0],
			"scale": [0.7, 0.7, 0.7]
		},
		"firstperson_lefthand": {
			"rotation": [-9.23, 14.81, 3.59],
			"translation": [2.25, 2.5, 0],
			"scale": [0.7, 0.7, 0.7]
		},
		"ground": {
			"rotation": [-31.91, -6.41, 22.24],
			"translation": [0, 13, 0],
			"scale": [0.7, 0.7, 0.7]
		},
		"gui": {
			"rotation": [-90, 46.75, 90],
			"translation": [0, -1, 0],
			"scale": [0.4, 0.4, 0.4]
		},
		"head": {
			"rotation": [-90, 42.5, -90],
			"translation": [2, -14.25, 4.75]
		},
		"fixed": {
			"rotation": [-90, 46.75, 90],
			"translation": [0.75, -1.5, 0],
			"scale": [0.5, 0.5, 0.5]
		}
	},
	"groups": [
		{
			"name": "group",
			"origin": [5.5, 0, 7.5],
			"color": 0,
			"children": [0, 1, 2, 3, 4, 5, 6, 7, 8, 9, 10, 11, 12, 13, 14, 15, 16, 17, 18, 19, 20]
		}
	]
}