{
	"credit": "wolf_awwent made with blockbench",
	"texture_size": [40, 40],
	"textures": {
		"1": "modelfoundry_mega_weapon_pack:mega_weapon_pack/hammer_9",
		"particle": "modelfoundry_mega_weapon_pack:mega_weapon_pack/hammer_9"
	},
	"elements": [
		{
			"from": [7, 0, 7],
			"to": [9, 10, 9],
			"rotation": {"angle": 0, "axis": "y", "origin": [5, -7, 9]},
			"faces": {
				"north": {"uv": [2.4, 10.8, 3.2, 14.8], "texture": "#1"},
				"east": {"uv": [3.2, 10.8, 4, 14.8], "texture": "#1"},
				"south": {"uv": [4, 10.8, 4.8, 14.8], "texture": "#1"},
				"west": {"uv": [0, 11.2, 0.8, 15.2], "texture": "#1"},
				"up": {"uv": [12, 9.2, 11.2, 8.4], "texture": "#1"},
				"down": {"uv": [12, 9.2, 11.2, 10], "texture": "#1"}
			}
		},
		{
			"from": [6.5, -2, 6.5],
			"to": [9.5, 0, 9.5],
			"rotation": {"angle": 0, "axis": "y", "origin": [5.5, -7, 9.5]},
			"faces": {
				"north": {"uv": [11.2, 7.6, 12.4, 8.4], "texture": "#1"},
				"east": {"uv": [11.2, 7.6, 12.4, 8.4], "texture": "#1"},
				"south": {"uv": [11.2, 7.6, 12.4, 8.4], "texture": "#1"},
				"west": {"uv": [11.2, 7.6, 12.4, 8.4], "texture": "#1"},
				"up": {"uv": [3.6, 6.8, 2.4, 5.6], "texture": "#1"},
				"down": {"uv": [3.6, 6.8, 2.4, 8], "texture": "#1"}
			}
		},
		{
			"from": [6.5, 8, 6.5],
			"to": [9.5, 11, 9.5],
			"rotation": {"angle": 0, "axis": "y", "origin": [5.5, -7, 9.5]},
			"faces": {
				"north": {"uv": [10.8, 2, 12, 3.2], "texture": "#1"},
				"east": {"uv": [10.8, 3.2, 12, 4.4], "texture": "#1"},
				"south": {"uv": [10.8, 4.4, 12, 5.6], "texture": "#1"},
				"west": {"uv": [0.8, 11.2, 2, 12.4], "texture": "#1"},
				"up": {"uv": [6, 12.4, 4.8, 11.2], "texture": "#1"},
				"down": {"uv": [12.4, 5.6, 11.2, 6.8], "texture": "#1"}
			}
		},
		{
			"from": [5, 10.75, 3],
			"to": [11, 17, 13],
			"rotation": {"angle": 0, "axis": "y", "origin": [6, -7, 4]},
			"faces": {
				"north": {"uv": [2.4, 8, 4.8, 10.6], "texture": "#1"},
				"east": {"uv": [0, 0, 4, 2.6], "texture": "#1"},
				"south": {"uv": [0, 8.4, 2.4, 11], "texture": "#1"},
				"west": {"uv": [0, 2.8, 4, 5.4], "texture": "#1"},
				"up": {"uv": [6.4, 4, 4, 0], "texture": "#1"},
				"down": {"uv": [6.4, 4, 4, 8], "texture": "#1"}
			}
		},
		{
			"from": [4.99, 8.99, -0.51],
			"to": [11.01, 16.01, 4.51],
			"rotation": {"angle": -22.5, "axis": "x", "origin": [8, 14, 1]},
			"faces": {
				"north": {"uv": [6.4, 2.8, 8.8, 5.6], "texture": "#1"},
				"east": {"uv": [8.8, 0, 10.8, 2.8], "texture": "#1"},
				"south": {"uv": [0, 5.6, 2.4, 8.4], "texture": "#1"},
				"west": {"uv": [8.8, 2.8, 10.8, 5.6], "texture": "#1"},
				"up": {"uv": [11.2, 11.6, 8.8, 9.6], "texture": "#1"},
				"down": {"uv": [13.2, 0, 10.8, 2], "texture": "#1"}
			}
		},
		{
			"from": [4.99, 8.99, 11.49],
			"to": [11.01, 16.01, 16.51],
			"rotation": {"angle": 22.5, "axis": "x", "origin": [8, 14, 15]},
			"faces": {
				"north": {"uv": [2.4, 5.6, 0, 8.4], "texture": "#1"},
				"east": {"uv": [10.8, 0, 8.8, 2.8], "texture": "#1"},
				"south": {"uv": [8.8, 2.8, 6.4, 5.6], "texture": "#1"},
				"west": {"uv": [10.8, 2.8, 8.8, 5.6], "texture": "#1"},
				"up": {"uv": [11.2, 9.6, 8.8, 11.6], "texture": "#1"},
				"down": {"uv": [13.2, 2, 10.8, 0], "texture": "#1"}
			}
		}
	],
	"gui_light": "front",
	"display": {
		"thirdperson_righthand": {
			"translation": [0, 1, 1],
			"scale": [0.8, 0.8, 0.8]
		},
		"thirdperson_lefthand": {
			"translation": [0, 1, 1],
			"scale": [0.8, 0.8, 0.8]
		},
		"firstperson_righthand": {
			"rotation": [-10.83, 17.52, 2.72],
			"translation": [0, 2.5, 0],
			"scale": [0.7, 0.7, 0.7]
		},
		"firstperson_lefthand": {
			"rotation": [-10.83, 17.52, 2.72],
			"translation": [0, 2.5, 0],
			"scale": [0.7, 0.7, 0.7]
		},
		"ground": {
			"rotation": [-31.91, -6.41, 22.24],
			"translation": [0, 13, 0],
			"scale": [0.7, 0.7, 0.7]
		},
		"gui": {
			"rotation": [-90, 46.75, 90],
			"translation": [1.25, -1.25, 0],
			"scale": [0.7, 0.7, 0.7]
		},
		"head": {
			"rotation": [-90, 42.5, -90],
			"translation": [0.75, -14.25, 4.75]
		},
		"fixed": {
			"rotation": [-90, 46.75, 90],
			"translation": [1.25, -1.5, 0],
			"scale": [0.8, 0.8, 0.8]
		}
	},
	"groups": [
		{
			"name": "group",
			"origin": [5.5, 0, 7.5],
			"color": 0,
			"children": [0, 1, 2, 3, 4, 5]
		}
	]
}