{
	"credit": "wolf_awwent made with blockbench",
	"texture_size": [72, 72],
	"textures": {
		"4": "modelfoundry_mega_weapon_pack:mega_weapon_pack/hammer_5"
	},
	"elements": [
		{
			"from": [7, -12, 7],
			"to": [9, 22, 9],
			"rotation": {"angle": 0, "axis": "y", "origin": [6, 0, 9]},
			"faces": {
				"north": {"uv": [5.33333, 4, 5.77778, 11.55556], "texture": "#4"},
				"east": {"uv": [5.77778, 0, 6.22222, 7.55556], "texture": "#4"},
				"south": {"uv": [1.77778, 6, 2.22222, 13.55556], "texture": "#4"},
				"west": {"uv": [2.22222, 6, 2.66667, 13.55556], "texture": "#4"},
				"up": {"uv": [6.22222, 8, 5.77778, 7.55556], "texture": "#4"},
				"down": {"uv": [1.77778, 8, 1.33333, 8.44444], "texture": "#4"}
			}
		},
		{
			"from": [4, 20, -1],
			"to": [12, 29, 17],
			"rotation": {"angle": 0, "axis": "y", "origin": [6, 0, 2]},
			"faces": {
				"north": {"uv": [1.77778, 4, 3.55556, 6], "texture": "#4"},
				"east": {"uv": [0, 0, 4, 2], "texture": "#4"},
				"south": {"uv": [3.55556, 4, 5.33333, 6], "texture": "#4"},
				"west": {"uv": [0, 2, 4, 4], "texture": "#4"},
				"up": {"uv": [1.77778, 8, 0, 4], "texture": "#4"},
				"down": {"uv": [5.77778, 0, 4, 4], "texture": "#4"}
			}
		},
		{
			"from": [9, 25, -3],
			"to": [15, 31, 3],
			"rotation": {"angle": 0, "axis": "y", "origin": [6, 0, 2]},
			"faces": {
				"north": {"uv": [2.66667, 6, 4, 7.33333], "texture": "#4"},
				"east": {"uv": [4, 6, 5.33333, 7.33333], "texture": "#4"},
				"south": {"uv": [6.22222, 0, 7.55556, 1.33333], "texture": "#4"},
				"west": {"uv": [6.22222, 1.33333, 7.55556, 2.66667], "texture": "#4"},
				"up": {"uv": [7.55556, 4, 6.22222, 2.66667], "texture": "#4"},
				"down": {"uv": [7.55556, 4, 6.22222, 5.33333], "texture": "#4"}
			}
		},
		{
			"from": [9, 18, -3],
			"to": [15, 24, 3],
			"rotation": {"angle": 0, "axis": "y", "origin": [6, 0, 2]},
			"faces": {
				"north": {"uv": [6.22222, 5.33333, 7.55556, 6.66667], "texture": "#4"},
				"east": {"uv": [6.22222, 6.66667, 7.55556, 8], "texture": "#4"},
				"south": {"uv": [2.66667, 7.33333, 4, 8.66667], "texture": "#4"},
				"west": {"uv": [4, 7.33333, 5.33333, 8.66667], "texture": "#4"},
				"up": {"uv": [8.88889, 1.33333, 7.55556, 0], "texture": "#4"},
				"down": {"uv": [8.88889, 1.33333, 7.55556, 2.66667], "texture": "#4"}
			}
		},
		{
			"from": [1, 25, -3],
			"to": [7, 31, 3],
			"rotation": {"angle": 0, "axis": "y", "origin": [10, 0, 2]},
			"faces": {
				"north": {"uv": [7.55556, 2.66667, 8.88889, 4], "texture": "#4"},
				"east": {"uv": [7.55556, 4, 8.88889, 5.33333], "texture": "#4"},
				"south": {"uv": [7.55556, 5.33333, 8.88889, 6.66667], "texture": "#4"},
				"west": {"uv": [7.55556, 6.66667, 8.88889, 8], "texture": "#4"},
				"up": {"uv": [1.33333, 9.33333, 0, 8], "texture": "#4"},
				"down": {"uv": [7.11111, 8, 5.77778, 9.33333], "texture": "#4"}
			}
		},
		{
			"from": [9, 18, 13],
			"to": [15, 24, 19],
			"rotation": {"angle": 0, "axis": "y", "origin": [6, 0, 14]},
			"faces": {
				"north": {"uv": [7.11111, 8, 8.44444, 9.33333], "texture": "#4"},
				"east": {"uv": [8.44444, 8, 9.77778, 9.33333], "texture": "#4"},
				"south": {"uv": [2.66667, 8.66667, 4, 10], "texture": "#4"},
				"west": {"uv": [4, 8.66667, 5.33333, 10], "texture": "#4"},
				"up": {"uv": [10.22222, 1.33333, 8.88889, 0], "texture": "#4"},
				"down": {"uv": [10.22222, 1.33333, 8.88889, 2.66667], "texture": "#4"}
			}
		},
		{
			"from": [9, 25, 13],
			"to": [15, 31, 19],
			"rotation": {"angle": 0, "axis": "y", "origin": [6, 0, 14]},
			"faces": {
				"north": {"uv": [8.88889, 2.66667, 10.22222, 4], "texture": "#4"},
				"east": {"uv": [8.88889, 4, 10.22222, 5.33333], "texture": "#4"},
				"south": {"uv": [8.88889, 5.33333, 10.22222, 6.66667], "texture": "#4"},
				"west": {"uv": [8.88889, 6.66667, 10.22222, 8], "texture": "#4"},
				"up": {"uv": [1.33333, 10.66667, 0, 9.33333], "texture": "#4"},
				"down": {"uv": [7.11111, 9.33333, 5.77778, 10.66667], "texture": "#4"}
			}
		},
		{
			"from": [1, 18, 13],
			"to": [7, 24, 19],
			"rotation": {"angle": 0, "axis": "y", "origin": [10, 0, 14]},
			"faces": {
				"north": {"uv": [7.11111, 9.33333, 8.44444, 10.66667], "texture": "#4"},
				"east": {"uv": [8.44444, 9.33333, 9.77778, 10.66667], "texture": "#4"},
				"south": {"uv": [9.77778, 8, 11.11111, 9.33333], "texture": "#4"},
				"west": {"uv": [9.77778, 9.33333, 11.11111, 10.66667], "texture": "#4"},
				"up": {"uv": [4, 11.33333, 2.66667, 10], "texture": "#4"},
				"down": {"uv": [5.33333, 10, 4, 11.33333], "texture": "#4"}
			}
		},
		{
			"from": [1, 25, 13],
			"to": [7, 31, 19],
			"rotation": {"angle": 0, "axis": "y", "origin": [10, 0, 14]},
			"faces": {
				"north": {"uv": [10.22222, 0, 11.55556, 1.33333], "texture": "#4"},
				"east": {"uv": [10.22222, 1.33333, 11.55556, 2.66667], "texture": "#4"},
				"south": {"uv": [10.22222, 2.66667, 11.55556, 4], "texture": "#4"},
				"west": {"uv": [10.22222, 4, 11.55556, 5.33333], "texture": "#4"},
				"up": {"uv": [11.55556, 6.66667, 10.22222, 5.33333], "texture": "#4"},
				"down": {"uv": [11.55556, 6.66667, 10.22222, 8], "texture": "#4"}
			}
		},
		{
			"from": [9, 18, 5],
			"to": [15, 24, 11],
			"rotation": {"angle": 0, "axis": "y", "origin": [6, 0, 2]},
			"faces": {
				"north": {"uv": [0, 10.66667, 1.33333, 12], "texture": "#4"},
				"east": {"uv": [5.77778, 10.66667, 7.11111, 12], "texture": "#4"},
				"south": {"uv": [7.11111, 10.66667, 8.44444, 12], "texture": "#4"},
				"west": {"uv": [8.44444, 10.66667, 9.77778, 12], "texture": "#4"},
				"up": {"uv": [11.11111, 12, 9.77778, 10.66667], "texture": "#4"},
				"down": {"uv": [12.44444, 8, 11.11111, 9.33333], "texture": "#4"}
			}
		},
		{
			"from": [9, 25, 5],
			"to": [15, 31, 11],
			"rotation": {"angle": 0, "axis": "y", "origin": [6, 0, 2]},
			"faces": {
				"north": {"uv": [11.11111, 9.33333, 12.44444, 10.66667], "texture": "#4"},
				"east": {"uv": [11.11111, 10.66667, 12.44444, 12], "texture": "#4"},
				"south": {"uv": [2.66667, 11.33333, 4, 12.66667], "texture": "#4"},
				"west": {"uv": [4, 11.33333, 5.33333, 12.66667], "texture": "#4"},
				"up": {"uv": [12.88889, 1.33333, 11.55556, 0], "texture": "#4"},
				"down": {"uv": [12.88889, 1.33333, 11.55556, 2.66667], "texture": "#4"}
			}
		},
		{
			"from": [1, 25, 5],
			"to": [7, 31, 11],
			"rotation": {"angle": 0, "axis": "y", "origin": [10, 0, 2]},
			"faces": {
				"north": {"uv": [11.55556, 2.66667, 12.88889, 4], "texture": "#4"},
				"east": {"uv": [11.55556, 4, 12.88889, 5.33333], "texture": "#4"},
				"south": {"uv": [11.55556, 5.33333, 12.88889, 6.66667], "texture": "#4"},
				"west": {"uv": [11.55556, 6.66667, 12.88889, 8], "texture": "#4"},
				"up": {"uv": [1.33333, 13.33333, 0, 12], "texture": "#4"},
				"down": {"uv": [6.66667, 12, 5.33333, 13.33333], "texture": "#4"}
			}
		},
		{
			"from": [1, 18, -3],
			"to": [7, 24, 3],
			"rotation": {"angle": 0, "axis": "y", "origin": [10, 0, 2]},
			"faces": {
				"north": {"uv": [6.66667, 12, 8, 13.33333], "texture": "#4"},
				"east": {"uv": [8, 12, 9.33333, 13.33333], "texture": "#4"},
				"south": {"uv": [9.33333, 12, 10.66667, 13.33333], "texture": "#4"},
				"west": {"uv": [10.66667, 12, 12, 13.33333], "texture": "#4"},
				"up": {"uv": [13.33333, 13.33333, 12, 12], "texture": "#4"},
				"down": {"uv": [13.77778, 8, 12.44444, 9.33333], "texture": "#4"}
			}
		},
		{
			"from": [1, 18, 5],
			"to": [7, 24, 11],
			"rotation": {"angle": 0, "axis": "y", "origin": [10, 0, 10]},
			"faces": {
				"north": {"uv": [12.44444, 9.33333, 13.77778, 10.66667], "texture": "#4"},
				"east": {"uv": [12.44444, 10.66667, 13.77778, 12], "texture": "#4"},
				"south": {"uv": [2.66667, 12.66667, 4, 14], "texture": "#4"},
				"west": {"uv": [4, 12.66667, 5.33333, 14], "texture": "#4"},
				"up": {"uv": [14.22222, 1.33333, 12.88889, 0], "texture": "#4"},
				"down": {"uv": [14.22222, 1.33333, 12.88889, 2.66667], "texture": "#4"}
			}
		},
		{
			"from": [5.5, 9.5, 5.5],
			"to": [10.5, 14.5, 10.5],
			"rotation": {"angle": 0, "axis": "y", "origin": [13.5, -0.5, 10.5]},
			"faces": {
				"north": {"uv": [12.88889, 2.66667, 14, 3.77778], "texture": "#4"},
				"east": {"uv": [14, 6, 12.88889, 7.11111], "texture": "#4"},
				"south": {"uv": [12.88889, 4.88889, 14, 6], "texture": "#4"},
				"west": {"uv": [12.88889, 6, 14, 7.11111], "texture": "#4"},
				"up": {"uv": [1.11111, 14.44444, 0, 13.33333], "texture": "#4"},
				"down": {"uv": [6.44444, 13.33333, 5.33333, 14.44444], "texture": "#4"}
			}
		},
		{
			"from": [5.5, -12.5, 5.5],
			"to": [10.5, -7.5, 10.5],
			"rotation": {"angle": 0, "axis": "y", "origin": [13.5, -0.5, 10.5]},
			"faces": {
				"north": {"uv": [9.77778, 13.33333, 10.88889, 14.44444], "texture": "#4"},
				"east": {"uv": [9.77778, 13.33333, 10.88889, 14.44444], "texture": "#4"},
				"south": {"uv": [9.77778, 13.33333, 10.88889, 14.44444], "texture": "#4"},
				"west": {"uv": [9.77778, 13.33333, 10.88889, 14.44444], "texture": "#4"},
				"up": {"uv": [12, 14.44444, 10.88889, 13.33333], "texture": "#4"},
				"down": {"uv": [13.11111, 13.33333, 12, 14.44444], "texture": "#4"}
			}
		},
		{
			"from": [6, -13.5, 5.08579],
			"to": [10, -9.5, 9.08579],
			"rotation": {"angle": 45, "axis": "x", "origin": [7.5, -13, 6.58579]},
			"faces": {
				"north": {"uv": [12.88889, 7.11111, 13.77778, 8], "texture": "#4"},
				"east": {"uv": [2, 13.55556, 1.11111, 14.44444], "texture": "#4"},
				"south": {"uv": [14.66667, 8.88889, 13.77778, 8], "texture": "#4"},
				"west": {"uv": [1.11111, 13.55556, 2, 14.44444], "texture": "#4"},
				"up": {"uv": [14.66667, 8, 13.77778, 7.11111], "texture": "#4"},
				"down": {"uv": [14.66667, 8, 13.77778, 8.88889], "texture": "#4"}
			}
		}
	],
	"gui_light": "front",
	"display": {
		"thirdperson_righthand": {
			"translation": [0, 5.5, 1.5],
			"scale": [0.8, 0.8, 0.8]
		},
		"thirdperson_lefthand": {
			"translation": [0, 5.5, 1.5],
			"scale": [0.8, 0.8, 0.8]
		},
		"firstperson_righthand": {
			"rotation": [-13.98, 14.72, 3.57],
			"translation": [0, 4.75, 0],
			"scale": [0.5, 0.5, 0.5]
		},
		"firstperson_lefthand": {
			"rotation": [-13.98, 14.72, 3.57],
			"translation": [0, 4.75, 0],
			"scale": [0.5, 0.5, 0.5]
		},
		"ground": {
			"rotation": [-31.91, -6.41, 22.24],
			"translation": [0, 13, 0],
			"scale": [0.7, 0.7, 0.7]
		},
		"gui": {
			"rotation": [-90, 46.75, 90],
			"translation": [0.75, -1, 0],
			"scale": [0.4, 0.4, 0.4]
		},
		"head": {
			"rotation": [-90, 42.5, -90],
			"translation": [1.75, -14.25, 4.75]
		},
		"fixed": {
			"rotation": [-90, 46.75, 90],
			"translation": [1.25, -1.5, 0],
			"scale": [0.5, 0.5, 0.5]
		}
	},
	"groups": [
		{
			"name": "group",
			"origin": [5.5, 0, 7.5],
			"color": 0,
			"children": [0, 1, 2, 3, 4, 5, 6, 7, 8, 9, 10, 11, 12, 13, 14, 15, 16]
		}
	]
}