{
	"credit": "wolf_awwent made with blockbench",
	"texture_size": [48, 48],
	"textures": {
		"2": "modelfoundry_mega_weapon_pack:mega_weapon_pack/hammer_10"
	},
	"elements": [
		{
			"from": [7, -11, 7],
			"to": [9, 27, 9],
			"rotation": {"angle": 0, "axis": "y", "origin": [6, 0, 9]},
			"faces": {
				"north": {"uv": [0, 0, 0.66667, 12.66667], "texture": "#2"},
				"east": {"uv": [0.66667, 0, 1.33333, 12.66667], "texture": "#2"},
				"south": {"uv": [1.33333, 0, 2, 12.66667], "texture": "#2"},
				"west": {"uv": [2, 0, 2.66667, 12.66667], "texture": "#2"},
				"up": {"uv": [9.33333, 15, 8.66667, 14.33333], "texture": "#2"},
				"down": {"uv": [15, 8.66667, 14.33333, 9.33333], "texture": "#2"}
			}
		},
		{
			"from": [6.5, 15, 6.5],
			"to": [9.5, 19, 9.5],
			"rotation": {"angle": 0, "axis": "y", "origin": [5.5, 0, 8.5]},
			"faces": {
				"north": {"uv": [13.33333, 6.66667, 14.33333, 8], "texture": "#2"},
				"east": {"uv": [13.33333, 6.66667, 14.33333, 8], "texture": "#2"},
				"south": {"uv": [13.33333, 6.66667, 14.33333, 8], "texture": "#2"},
				"west": {"uv": [13.33333, 6.66667, 14.33333, 8], "texture": "#2"},
				"up": {"uv": [14.33333, 9, 13.33333, 8], "texture": "#2"},
				"down": {"uv": [14.66667, 1.33333, 13.66667, 2.33333], "texture": "#2"}
			}
		},
		{
			"from": [6.5, 5, 6.5],
			"to": [9.5, 9, 9.5],
			"rotation": {"angle": 0, "axis": "y", "origin": [5.5, 0, 8.5]},
			"faces": {
				"north": {"uv": [10.66667, 13.66667, 11.66667, 15], "texture": "#2"},
				"east": {"uv": [10.66667, 13.66667, 11.66667, 15], "texture": "#2"},
				"south": {"uv": [10.66667, 13.66667, 11.66667, 15], "texture": "#2"},
				"west": {"uv": [10.66667, 13.66667, 11.66667, 15], "texture": "#2"},
				"up": {"uv": [4.33333, 15.33333, 3.33333, 14.33333], "texture": "#2"},
				"down": {"uv": [5.33333, 14.33333, 4.33333, 15.33333], "texture": "#2"}
			}
		},
		{
			"from": [6.5, -14, 6.5],
			"to": [9.5, -10, 9.5],
			"rotation": {"angle": 0, "axis": "y", "origin": [5.5, 0, 8.5]},
			"faces": {
				"north": {"uv": [10.66667, 13.66667, 11.66667, 15], "texture": "#2"},
				"east": {"uv": [10.66667, 13.66667, 11.66667, 15], "texture": "#2"},
				"south": {"uv": [10.66667, 13.66667, 11.66667, 15], "texture": "#2"},
				"west": {"uv": [10.66667, 13.66667, 11.66667, 15], "texture": "#2"},
				"up": {"uv": [4.33333, 15.33333, 3.33333, 14.33333], "texture": "#2"},
				"down": {"uv": [5.33333, 14.33333, 4.33333, 15.33333], "texture": "#2"}
			}
		},
		{
			"from": [4, 18, 2.5],
			"to": [12, 27, 4.5],
			"rotation": {"angle": 0, "axis": "y", "origin": [6, 0, 3.5]},
			"faces": {
				"north": {"uv": [2.66667, 0, 5.33333, 3], "texture": "#2"},
				"east": {"uv": [1, 12.66667, 1.66667, 15.66667], "texture": "#2"},
				"south": {"uv": [2.66667, 3, 5.33333, 6], "texture": "#2"},
				"west": {"uv": [1.66667, 12.66667, 2.33333, 15.66667], "texture": "#2"},
				"up": {"uv": [15, 10.66667, 12.33333, 10], "texture": "#2"},
				"down": {"uv": [15.66667, 12.66667, 13, 13.33333], "texture": "#2"}
			}
		},
		{
			"from": [4, 18, 16.5],
			"to": [12, 27, 19.5],
			"rotation": {"angle": 0, "axis": "y", "origin": [6, 0, 12.5]},
			"faces": {
				"north": {"uv": [5.33333, 0, 8, 3], "texture": "#2"},
				"east": {"uv": [10.66667, 10.66667, 11.66667, 13.66667], "texture": "#2"},
				"south": {"uv": [5.33333, 3, 8, 6], "texture": "#2"},
				"west": {"uv": [2.66667, 11.33333, 3.66667, 14.33333], "texture": "#2"},
				"up": {"uv": [13.33333, 5.66667, 10.66667, 4.66667], "texture": "#2"},
				"down": {"uv": [14.33333, 10.66667, 11.66667, 11.66667], "texture": "#2"}
			}
		},
		{
			"from": [5, 19, 13.5],
			"to": [11, 26, 16.5],
			"rotation": {"angle": 0, "axis": "y", "origin": [6, 0, 12.5]},
			"faces": {
				"north": {"uv": [2.66667, 9, 4.66667, 11.33333], "texture": "#2"},
				"east": {"uv": [5.66667, 11.33333, 6.66667, 13.66667], "texture": "#2"},
				"south": {"uv": [4.66667, 9, 6.66667, 11.33333], "texture": "#2"},
				"west": {"uv": [12.33333, 6.66667, 13.33333, 9], "texture": "#2"},
				"up": {"uv": [14.33333, 10, 12.33333, 9], "texture": "#2"},
				"down": {"uv": [14.66667, 2.33333, 12.66667, 3.33333], "texture": "#2"}
			}
		},
		{
			"from": [4, 18, 11.5],
			"to": [12, 27, 13.5],
			"rotation": {"angle": 0, "axis": "y", "origin": [6, 0, 12.5]},
			"faces": {
				"north": {"uv": [2.66667, 6, 5.33333, 9], "texture": "#2"},
				"east": {"uv": [11.66667, 12.66667, 12.33333, 15.66667], "texture": "#2"},
				"south": {"uv": [5.33333, 6, 8, 9], "texture": "#2"},
				"west": {"uv": [12.33333, 12.66667, 13, 15.66667], "texture": "#2"},
				"up": {"uv": [16, 5, 13.33333, 4.33333], "texture": "#2"},
				"down": {"uv": [16, 5, 13.33333, 5.66667], "texture": "#2"}
			}
		},
		{
			"from": [4, 18, -3.5],
			"to": [12, 27, -0.5],
			"rotation": {"angle": 0, "axis": "y", "origin": [6, 0, 3.5]},
			"faces": {
				"north": {"uv": [8, 0, 10.66667, 3], "texture": "#2"},
				"east": {"uv": [3.66667, 11.33333, 4.66667, 14.33333], "texture": "#2"},
				"south": {"uv": [8, 3, 10.66667, 6], "texture": "#2"},
				"west": {"uv": [4.66667, 11.33333, 5.66667, 14.33333], "texture": "#2"},
				"up": {"uv": [14.33333, 12.66667, 11.66667, 11.66667], "texture": "#2"},
				"down": {"uv": [15, 5.66667, 12.33333, 6.66667], "texture": "#2"}
			}
		},
		{
			"from": [5, 19, 4.5],
			"to": [11, 26, 11.5],
			"rotation": {"angle": 0, "axis": "y", "origin": [6, 0, 3.5]},
			"faces": {
				"north": {"uv": [10.33333, 6, 12.33333, 8.33333], "texture": "#2"},
				"east": {"uv": [8, 6, 10.33333, 8.33333], "texture": "#2"},
				"south": {"uv": [10.33333, 8.33333, 12.33333, 10.66667], "texture": "#2"},
				"west": {"uv": [8, 8.33333, 10.33333, 10.66667], "texture": "#2"},
				"up": {"uv": [12.66667, 2.33333, 10.66667, 0], "texture": "#2"},
				"down": {"uv": [12.66667, 2.33333, 10.66667, 4.66667], "texture": "#2"}
			}
		},
		{
			"from": [5, 19, -0.5],
			"to": [11, 26, 2.5],
			"rotation": {"angle": 0, "axis": "y", "origin": [6, 0, 3.5]},
			"faces": {
				"north": {"uv": [6.66667, 10.66667, 8.66667, 13], "texture": "#2"},
				"east": {"uv": [0, 12.66667, 1, 15], "texture": "#2"},
				"south": {"uv": [8.66667, 10.66667, 10.66667, 13], "texture": "#2"},
				"west": {"uv": [12.66667, 0, 13.66667, 2.33333], "texture": "#2"},
				"up": {"uv": [14.66667, 4.33333, 12.66667, 3.33333], "texture": "#2"},
				"down": {"uv": [8.66667, 13, 6.66667, 14], "texture": "#2"}
			}
		}
	],
	"gui_light": "front",
	"display": {
		"thirdperson_righthand": {
			"translation": [0, 6.5, 1.5],
			"scale": [0.8, 0.8, 0.8]
		},
		"thirdperson_lefthand": {
			"translation": [0, 6.5, 1.5],
			"scale": [0.8, 0.8, 0.8]
		},
		"firstperson_righthand": {
			"rotation": [-14.53, 14.9, 2.82],
			"translation": [0, 4.75, 0],
			"scale": [0.5, 0.5, 0.5]
		},
		"firstperson_lefthand": {
			"rotation": [-14.53, 14.9, 2.82],
			"translation": [0, 4.75, 0],
			"scale": [0.5, 0.5, 0.5]
		},
		"ground": {
			"rotation": [-31.91, -6.41, 22.24],
			"translation": [0, 13, 0],
			"scale": [0.7, 0.7, 0.7]
		},
		"gui": {
			"rotation": [-90, 46.75, 90],
			"translation": [0.75, -0.75, 0],
			"scale": [0.4, 0.4, 0.4]
		},
		"head": {
			"rotation": [-90, 42.5, -90],
			"translation": [-1, -14.25, 4.75]
		},
		"fixed": {
			"rotation": [-90, 46.75, 90],
			"translation": [1.25, -1.25, 0],
			"scale": [0.5, 0.5, 0.5]
		}
	},
	"groups": [
		{
			"name": "group",
			"origin": [5.5, 0, 7.5],
			"color": 0,
			"children": [0, 1, 2, 3, 4, 5, 6, 7, 8, 9, 10]
		}
	]
}