{
	"credit": "wolf_awwent made with blockbench",
	"texture_size": [56, 56],
	"textures": {
		"3": "modelfoundry_mega_weapon_pack:mega_weapon_pack/hammer_7"
	},
	"elements": [
		{
			"from": [7, -6, 7],
			"to": [9, 27, 9],
			"rotation": {"angle": 0, "axis": "y", "origin": [6, 0, 9]},
			"faces": {
				"north": {"uv": [6.28571, 6.28571, 6.85714, 15.71429], "texture": "#3"},
				"east": {"uv": [6.28571, 6.28571, 6.85714, 15.71429], "texture": "#3"},
				"south": {"uv": [6.28571, 6.28571, 6.85714, 15.71429], "texture": "#3"},
				"west": {"uv": [6.28571, 6.28571, 6.85714, 15.71429], "texture": "#3"},
				"up": {"uv": [9.14286, 9.71429, 8.57143, 9.14286], "texture": "#3"},
				"down": {"uv": [11.42857, 5.14286, 10.85714, 5.71429], "texture": "#3"}
			}
		},
		{
			"from": [6.5, 17, 6.5],
			"to": [9.5, 19, 9.5],
			"rotation": {"angle": 0, "axis": "y", "origin": [5.5, 0, 8.5]},
			"faces": {
				"north": {"uv": [10.28571, 10, 11.14286, 10.57143], "texture": "#3"},
				"east": {"uv": [10.28571, 10.57143, 11.14286, 11.14286], "texture": "#3"},
				"south": {"uv": [10.85714, 4, 11.71429, 4.57143], "texture": "#3"},
				"west": {"uv": [10.85714, 4.57143, 11.71429, 5.14286], "texture": "#3"},
				"up": {"uv": [4.28571, 10.28571, 3.42857, 9.42857], "texture": "#3"},
				"down": {"uv": [9.42857, 10, 8.57143, 10.85714], "texture": "#3"}
			}
		},
		{
			"from": [6.5, -8, 6.5],
			"to": [9.5, 3, 9.5],
			"rotation": {"angle": 0, "axis": "y", "origin": [5.5, 0, 8.5]},
			"faces": {
				"north": {"uv": [2.57143, 9.42857, 3.42857, 12.57143], "texture": "#3"},
				"east": {"uv": [2.57143, 9.42857, 3.42857, 12.57143], "texture": "#3"},
				"south": {"uv": [2.57143, 9.42857, 3.42857, 12.57143], "texture": "#3"},
				"west": {"uv": [2.57143, 9.42857, 3.42857, 12.57143], "texture": "#3"},
				"up": {"uv": [10.28571, 10.85714, 9.42857, 10], "texture": "#3"},
				"down": {"uv": [4.28571, 10.28571, 3.42857, 11.14286], "texture": "#3"}
			}
		},
		{
			"from": [4, 17, -3.5],
			"to": [12, 28, 4.5],
			"rotation": {"angle": 0, "axis": "y", "origin": [6, 0, 3.5]},
			"faces": {
				"north": {"uv": [0, 0, 2.28571, 3.14286], "texture": "#3"},
				"east": {"uv": [2.28571, 0, 4.57143, 3.14286], "texture": "#3"},
				"south": {"uv": [0, 3.14286, 2.28571, 6.28571], "texture": "#3"},
				"west": {"uv": [2.28571, 3.14286, 4.57143, 6.28571], "texture": "#3"},
				"up": {"uv": [9.14286, 2.28571, 6.85714, 0], "texture": "#3"},
				"down": {"uv": [9.14286, 2.28571, 6.85714, 4.57143], "texture": "#3"}
			}
		},
		{
			"from": [4, 17, 11.5],
			"to": [12, 28, 19.5],
			"rotation": {"angle": 0, "axis": "y", "origin": [6, 0, 12.5]},
			"faces": {
				"north": {"uv": [4.57143, 0, 6.85714, 3.14286], "texture": "#3"},
				"east": {"uv": [4.57143, 3.14286, 6.85714, 6.28571], "texture": "#3"},
				"south": {"uv": [0, 6.28571, 2.28571, 9.42857], "texture": "#3"},
				"west": {"uv": [2.28571, 6.28571, 4.57143, 9.42857], "texture": "#3"},
				"up": {"uv": [9.14286, 6.85714, 6.85714, 4.57143], "texture": "#3"},
				"down": {"uv": [9.14286, 6.85714, 6.85714, 9.14286], "texture": "#3"}
			}
		},
		{
			"from": [5, 19, 4.5],
			"to": [11, 26, 11.5],
			"rotation": {"angle": 0, "axis": "y", "origin": [6, 0, 3.5]},
			"faces": {
				"north": {"uv": [9.14286, 4, 10.85714, 6], "texture": "#3"},
				"east": {"uv": [9.14286, 0, 11.14286, 2], "texture": "#3"},
				"south": {"uv": [9.14286, 6, 10.85714, 8], "texture": "#3"},
				"west": {"uv": [9.14286, 2, 11.14286, 4], "texture": "#3"},
				"up": {"uv": [8.57143, 11.14286, 6.85714, 9.14286], "texture": "#3"},
				"down": {"uv": [10.85714, 8, 9.14286, 10], "texture": "#3"}
			}
		}
	],
	"gui_light": "front",
	"display": {
		"thirdperson_righthand": {
			"translation": [0, 3.5, 1.5],
			"scale": [0.6, 0.6, 0.6]
		},
		"thirdperson_lefthand": {
			"translation": [0, 3.5, 1.5],
			"scale": [0.6, 0.6, 0.6]
		},
		"firstperson_righthand": {
			"rotation": [-7.66, 12.49, 2.95],
			"translation": [1.5, 2.5, 0],
			"scale": [0.7, 0.7, 0.7]
		},
		"firstperson_lefthand": {
			"rotation": [-7.66, 12.49, 2.95],
			"translation": [1.5, 2.5, 0],
			"scale": [0.7, 0.7, 0.7]
		},
		"ground": {
			"rotation": [-31.91, -6.41, 22.24],
			"translation": [0, 10.5, 0],
			"scale": [0.7, 0.7, 0.7]
		},
		"gui": {
			"rotation": [-90, 46.75, 90],
			"translation": [2, -1.5, 0],
			"scale": [0.4, 0.4, 0.4]
		},
		"head": {
			"rotation": [-90, 42.5, -90],
			"translation": [-0.25, -14.25, 4.75],
			"scale": [0.7, 0.7, 0.7]
		},
		"fixed": {
			"rotation": [-90, 46.75, 90],
			"translation": [2, -2.5, 0],
			"scale": [0.5, 0.5, 0.5]
		}
	},
	"groups": [
		{
			"name": "group",
			"origin": [5.5, 0, 7.5],
			"color": 0,
			"children": [0, 1, 2, 3, 4, 5]
		}
	]
}