{
	"credit": "wolf_awwent made with blockbench",
	"texture_size": [72, 72],
	"textures": {
		"1": "modelfoundry_mega_weapon_pack:mega_weapon_pack/hammer_1",
		"particle": "modelfoundry_mega_weapon_pack:mega_weapon_pack/hammer_1"
	},
	"elements": [
		{
			"from": [3, 17, 0],
			"to": [13, 27, 16],
			"rotation": {"angle": 0, "axis": "y", "origin": [6, 0, 14]},
			"faces": {
				"north": {"uv": [5.77778, 2.44444, 8, 4.66667], "texture": "#1"},
				"east": {"uv": [0, 0, 3.55556, 2.22222], "texture": "#1"},
				"south": {"uv": [5.77778, 4.66667, 8, 6.88889], "texture": "#1"},
				"west": {"uv": [0, 2.22222, 3.55556, 4.44444], "texture": "#1"},
				"up": {"uv": [5.77778, 3.55556, 3.55556, 0], "texture": "#1"},
				"down": {"uv": [5.77778, 3.55556, 3.55556, 7.11111], "texture": "#1"}
			}
		},
		{
			"from": [7, -16, 7],
			"to": [9, 17, 9],
			"rotation": {"angle": 0, "axis": "y", "origin": [6, 0, 7]},
			"faces": {
				"north": {"uv": [2.22222, 4.44444, 2.66667, 11.77778], "texture": "#1"},
				"east": {"uv": [2.66667, 4.44444, 3.11111, 11.77778], "texture": "#1"},
				"south": {"uv": [3.11111, 4.44444, 2.66667, 11.77778], "texture": "#1"},
				"west": {"uv": [0, 6.88889, 0.44444, 14.22222], "texture": "#1"},
				"up": {"uv": [2.22222, 11.33333, 1.77778, 10.88889], "texture": "#1"},
				"down": {"uv": [2.22222, 11.33333, 1.77778, 11.77778], "texture": "#1"}
			}
		},
		{
			"from": [8.5, 22.5, -3],
			"to": [14.5, 28.5, 2],
			"rotation": {"angle": 0, "axis": "y", "origin": [6, 0, 14]},
			"faces": {
				"north": {"uv": [0.44444, 6.88889, 1.77778, 8.22222], "texture": "#1"},
				"east": {"uv": [7.55556, 10.88889, 8.66667, 12.22222], "texture": "#1"},
				"south": {"uv": [9.33333, 4, 8, 5.33333], "texture": "#1"},
				"west": {"uv": [3.55556, 11.11111, 4.66667, 12.44444], "texture": "#1"},
				"up": {"uv": [12.44444, 7.77778, 11.11111, 6.66667], "texture": "#1"},
				"down": {"uv": [3.11111, 11.77778, 1.77778, 12.88889], "texture": "#1"}
			}
		},
		{
			"from": [8.5, 15.5, -3],
			"to": [14.5, 21.5, 2],
			"rotation": {"angle": 0, "axis": "y", "origin": [6, 0, 14]},
			"faces": {
				"north": {"uv": [3.55556, 7.11111, 4.88889, 8.44444], "texture": "#1"},
				"east": {"uv": [11.55556, 8.88889, 12.66667, 10.22222], "texture": "#1"},
				"south": {"uv": [9.33333, 1.33333, 8, 2.66667], "texture": "#1"},
				"west": {"uv": [11.55556, 10.22222, 12.66667, 11.55556], "texture": "#1"},
				"up": {"uv": [12.88889, 12.66667, 11.55556, 11.55556], "texture": "#1"},
				"down": {"uv": [3.11111, 11.77778, 1.77778, 12.88889], "texture": "#1"}
			}
		},
		{
			"from": [1.5, 15.5, -3],
			"to": [7.5, 21.5, 2],
			"rotation": {"angle": 0, "axis": "y", "origin": [10, 0, 14]},
			"faces": {
				"north": {"uv": [8, 0, 9.33333, 1.33333], "texture": "#1"},
				"east": {"uv": [12, 0, 13.11111, 1.33333], "texture": "#1"},
				"south": {"uv": [8, 1.33333, 9.33333, 2.66667], "texture": "#1"},
				"west": {"uv": [12, 1.33333, 13.11111, 2.66667], "texture": "#1"},
				"up": {"uv": [13.33333, 3.77778, 12, 2.66667], "texture": "#1"},
				"down": {"uv": [13.33333, 3.77778, 12, 4.88889], "texture": "#1"}
			}
		},
		{
			"from": [1.5, 22.5, -3],
			"to": [7.5, 28.5, 2],
			"rotation": {"angle": 0, "axis": "y", "origin": [10, 0, 14]},
			"faces": {
				"north": {"uv": [8, 2.66667, 9.33333, 4], "texture": "#1"},
				"east": {"uv": [12, 4.88889, 13.11111, 6.22222], "texture": "#1"},
				"south": {"uv": [8, 4, 9.33333, 5.33333], "texture": "#1"},
				"west": {"uv": [8.66667, 12, 9.77778, 13.33333], "texture": "#1"},
				"up": {"uv": [11.11111, 13.11111, 9.77778, 12], "texture": "#1"},
				"down": {"uv": [13.33333, 3.77778, 12, 4.88889], "texture": "#1"}
			}
		},
		{
			"from": [1.5, 15.5, 13],
			"to": [7.5, 21.5, 19],
			"rotation": {"angle": 0, "axis": "y", "origin": [10, 0, 2]},
			"faces": {
				"north": {"uv": [8, 5.33333, 9.33333, 6.66667], "texture": "#1"},
				"east": {"uv": [0.44444, 8.22222, 1.77778, 9.55556], "texture": "#1"},
				"south": {"uv": [4.88889, 8.22222, 6.22222, 9.55556], "texture": "#1"},
				"west": {"uv": [6.22222, 8.22222, 7.55556, 9.55556], "texture": "#1"},
				"up": {"uv": [8.88889, 9.55556, 7.55556, 8.22222], "texture": "#1"},
				"down": {"uv": [4.88889, 8.44444, 3.55556, 9.77778], "texture": "#1"}
			}
		},
		{
			"from": [1.5, 22.5, 13],
			"to": [7.5, 28.5, 19],
			"rotation": {"angle": 0, "axis": "y", "origin": [10, 0, 2]},
			"faces": {
				"north": {"uv": [8.44444, 6.66667, 9.77778, 8], "texture": "#1"},
				"east": {"uv": [8.88889, 8, 10.22222, 9.33333], "texture": "#1"},
				"south": {"uv": [9.33333, 0, 10.66667, 1.33333], "texture": "#1"},
				"west": {"uv": [9.33333, 1.33333, 10.66667, 2.66667], "texture": "#1"},
				"up": {"uv": [10.66667, 4, 9.33333, 2.66667], "texture": "#1"},
				"down": {"uv": [10.66667, 4, 9.33333, 5.33333], "texture": "#1"}
			}
		},
		{
			"from": [1.5, 15.5, 20],
			"to": [7.5, 21.5, 22],
			"rotation": {"angle": 0, "axis": "y", "origin": [10, 0, 2]},
			"faces": {
				"north": {"uv": [9.33333, 5.33333, 10.66667, 6.66667], "texture": "#1"},
				"east": {"uv": [1.77778, 6.88889, 2.22222, 8.22222], "texture": "#1"},
				"south": {"uv": [8.88889, 9.33333, 10.22222, 10.66667], "texture": "#1"},
				"west": {"uv": [1.77778, 8.22222, 2.22222, 9.55556], "texture": "#1"},
				"up": {"uv": [14.44444, 6.22222, 13.11111, 5.77778], "texture": "#1"},
				"down": {"uv": [7.55556, 13.11111, 6.22222, 13.55556], "texture": "#1"}
			}
		},
		{
			"from": [1.5, 22.5, 20],
			"to": [7.5, 28.5, 22],
			"rotation": {"angle": 0, "axis": "y", "origin": [10, 0, 2]},
			"faces": {
				"north": {"uv": [0.44444, 9.55556, 1.77778, 10.88889], "texture": "#1"},
				"east": {"uv": [1.77778, 9.55556, 2.22222, 10.88889], "texture": "#1"},
				"south": {"uv": [4.88889, 9.55556, 6.22222, 10.88889], "texture": "#1"},
				"west": {"uv": [2.66667, 12.88889, 3.11111, 14.22222], "texture": "#1"},
				"up": {"uv": [11.11111, 13.55556, 9.77778, 13.11111], "texture": "#1"},
				"down": {"uv": [1.77778, 13.33333, 0.44444, 13.77778], "texture": "#1"}
			}
		},
		{
			"from": [2.5, 16.5, 19],
			"to": [6.5, 20.5, 20],
			"rotation": {"angle": 0, "axis": "y", "origin": [10, 0, 2]},
			"faces": {
				"north": {"uv": [4.88889, 7.11111, 5.77778, 8], "texture": "#1"},
				"east": {"uv": [8.66667, 10.88889, 8.88889, 11.77778], "texture": "#1"},
				"south": {"uv": [11.11111, 12.66667, 12, 13.55556], "texture": "#1"},
				"west": {"uv": [4.66667, 11.11111, 4.88889, 12], "texture": "#1"},
				"up": {"uv": [5.77778, 8.22222, 4.88889, 8], "texture": "#1"},
				"down": {"uv": [9.77778, 13.33333, 8.88889, 13.55556], "texture": "#1"}
			}
		},
		{
			"from": [2.5, 23.5, 19],
			"to": [6.5, 27.5, 20],
			"rotation": {"angle": 0, "axis": "y", "origin": [10, 0, 2]},
			"faces": {
				"north": {"uv": [12, 12.66667, 12.88889, 13.55556], "texture": "#1"},
				"east": {"uv": [6.22222, 13.55556, 6.44444, 14.44444], "texture": "#1"},
				"south": {"uv": [1.77778, 12.88889, 2.66667, 13.77778], "texture": "#1"},
				"west": {"uv": [6.44444, 13.55556, 6.66667, 14.44444], "texture": "#1"},
				"up": {"uv": [7.55556, 13.77778, 6.66667, 13.55556], "texture": "#1"},
				"down": {"uv": [9.77778, 13.55556, 8.88889, 13.77778], "texture": "#1"}
			}
		},
		{
			"from": [11.5, 23.25, -9],
			"to": [11.5, 27.25, -3],
			"rotation": {"angle": 0, "axis": "y", "origin": [6, 0, 14]},
			"faces": {
				"north": {"uv": [0, 0, 0, 0.88889], "texture": "#1"},
				"east": {"uv": [4.66667, 12.22222, 6, 13.11111], "texture": "#1"},
				"south": {"uv": [0, 0, 0, 0.88889], "texture": "#1"},
				"west": {"uv": [6, 12.22222, 7.33333, 13.11111], "texture": "#1"},
				"up": {"uv": [0, 1.33333, 0, 0], "texture": "#1"},
				"down": {"uv": [0, 0, 0, 1.33333], "texture": "#1"}
			}
		},
		{
			"from": [11.5, 16.25, -9],
			"to": [11.5, 20.25, -3],
			"rotation": {"angle": 0, "axis": "y", "origin": [6, 0, 14]},
			"faces": {
				"north": {"uv": [0, 0, 0, 0.88889], "texture": "#1"},
				"east": {"uv": [7.33333, 12.22222, 8.66667, 13.11111], "texture": "#1"},
				"south": {"uv": [0, 0, 0, 0.88889], "texture": "#1"},
				"west": {"uv": [3.11111, 12.44444, 4.44444, 13.33333], "texture": "#1"},
				"up": {"uv": [0, 1.33333, 0, 0], "texture": "#1"},
				"down": {"uv": [0, 0, 0, 1.33333], "texture": "#1"}
			}
		},
		{
			"from": [4.5, 16.25, -9],
			"to": [4.5, 20.25, -3],
			"rotation": {"angle": 0, "axis": "y", "origin": [10, 0, 14]},
			"faces": {
				"north": {"uv": [0, 0, 0, 0.88889], "texture": "#1"},
				"east": {"uv": [12.44444, 6.22222, 13.77778, 7.11111], "texture": "#1"},
				"south": {"uv": [0, 0, 0, 0.88889], "texture": "#1"},
				"west": {"uv": [12.66667, 8.88889, 14, 9.77778], "texture": "#1"},
				"up": {"uv": [0, 1.33333, 0, 0], "texture": "#1"},
				"down": {"uv": [0, 0, 0, 1.33333], "texture": "#1"}
			}
		},
		{
			"from": [4.5, 23.25, -9],
			"to": [4.5, 27.25, -3],
			"rotation": {"angle": 0, "axis": "y", "origin": [10, 0, 14]},
			"faces": {
				"north": {"uv": [0, 0, 0, 0.88889], "texture": "#1"},
				"east": {"uv": [12.66667, 9.77778, 14, 10.66667], "texture": "#1"},
				"south": {"uv": [0, 0, 0, 0.88889], "texture": "#1"},
				"west": {"uv": [12.66667, 10.66667, 14, 11.55556], "texture": "#1"},
				"up": {"uv": [0, 1.33333, 0, 0], "texture": "#1"},
				"down": {"uv": [0, 0, 0, 1.33333], "texture": "#1"}
			}
		},
		{
			"from": [8.5, 15.5, 13],
			"to": [14.5, 21.5, 19],
			"rotation": {"angle": 0, "axis": "y", "origin": [6, 0, 2]},
			"faces": {
				"north": {"uv": [6.22222, 9.55556, 7.55556, 10.88889], "texture": "#1"},
				"east": {"uv": [7.55556, 9.55556, 8.88889, 10.88889], "texture": "#1"},
				"south": {"uv": [3.55556, 9.77778, 4.88889, 11.11111], "texture": "#1"},
				"west": {"uv": [9.77778, 6.66667, 11.11111, 8], "texture": "#1"},
				"up": {"uv": [11.55556, 9.33333, 10.22222, 8], "texture": "#1"},
				"down": {"uv": [11.55556, 9.33333, 10.22222, 10.66667], "texture": "#1"}
			}
		},
		{
			"from": [8.5, 22.5, 13],
			"to": [14.5, 28.5, 19],
			"rotation": {"angle": 0, "axis": "y", "origin": [6, 0, 2]},
			"faces": {
				"north": {"uv": [10.66667, 0, 12, 1.33333], "texture": "#1"},
				"east": {"uv": [10.66667, 1.33333, 12, 2.66667], "texture": "#1"},
				"south": {"uv": [10.66667, 2.66667, 12, 4], "texture": "#1"},
				"west": {"uv": [10.66667, 4, 12, 5.33333], "texture": "#1"},
				"up": {"uv": [12, 6.66667, 10.66667, 5.33333], "texture": "#1"},
				"down": {"uv": [10.22222, 10.66667, 8.88889, 12], "texture": "#1"}
			}
		},
		{
			"from": [8.5, 15.5, 20],
			"to": [14.5, 21.5, 22],
			"rotation": {"angle": 0, "axis": "y", "origin": [6, 0, 2]},
			"faces": {
				"north": {"uv": [10.22222, 10.66667, 11.55556, 12], "texture": "#1"},
				"east": {"uv": [7.55556, 13.11111, 8, 14.44444], "texture": "#1"},
				"south": {"uv": [0.44444, 10.88889, 1.77778, 12.22222], "texture": "#1"},
				"west": {"uv": [8, 13.11111, 8.44444, 14.44444], "texture": "#1"},
				"up": {"uv": [14.66667, 3.11111, 13.33333, 2.66667], "texture": "#1"},
				"down": {"uv": [4.44444, 13.33333, 3.11111, 13.77778], "texture": "#1"}
			}
		},
		{
			"from": [8.5, 22.5, 20],
			"to": [14.5, 28.5, 22],
			"rotation": {"angle": 0, "axis": "y", "origin": [6, 0, 2]},
			"faces": {
				"north": {"uv": [4.88889, 10.88889, 6.22222, 12.22222], "texture": "#1"},
				"east": {"uv": [13.33333, 3.11111, 13.77778, 4.44444], "texture": "#1"},
				"south": {"uv": [6.22222, 10.88889, 7.55556, 12.22222], "texture": "#1"},
				"west": {"uv": [8.44444, 13.33333, 8.88889, 14.66667], "texture": "#1"},
				"up": {"uv": [14.66667, 4.88889, 13.33333, 4.44444], "texture": "#1"},
				"down": {"uv": [14.22222, 13.33333, 12.88889, 13.77778], "texture": "#1"}
			}
		},
		{
			"from": [9.5, 16.5, 19],
			"to": [13.5, 20.5, 20],
			"rotation": {"angle": 0, "axis": "y", "origin": [6, 0, 2]},
			"faces": {
				"north": {"uv": [12.88889, 7.11111, 13.77778, 8], "texture": "#1"},
				"east": {"uv": [9.77778, 13.55556, 10, 14.44444], "texture": "#1"},
				"south": {"uv": [12.88889, 8, 13.77778, 8.88889], "texture": "#1"},
				"west": {"uv": [10, 13.55556, 10.22222, 14.44444], "texture": "#1"},
				"up": {"uv": [11.11111, 13.77778, 10.22222, 13.55556], "texture": "#1"},
				"down": {"uv": [12, 13.55556, 11.11111, 13.77778], "texture": "#1"}
			}
		},
		{
			"from": [9.5, 23.5, 19],
			"to": [13.5, 27.5, 20],
			"rotation": {"angle": 0, "axis": "y", "origin": [6, 0, 2]},
			"faces": {
				"north": {"uv": [12.88889, 11.55556, 13.77778, 12.44444], "texture": "#1"},
				"east": {"uv": [12, 13.55556, 12.22222, 14.44444], "texture": "#1"},
				"south": {"uv": [12.88889, 12.44444, 13.77778, 13.33333], "texture": "#1"},
				"west": {"uv": [12.22222, 13.55556, 12.44444, 14.44444], "texture": "#1"},
				"up": {"uv": [1.33333, 14, 0.44444, 13.77778], "texture": "#1"},
				"down": {"uv": [2.22222, 13.77778, 1.33333, 14], "texture": "#1"}
			}
		},
		{
			"from": [6, 16, 6],
			"to": [10, 17, 10],
			"rotation": {"angle": 0, "axis": "y", "origin": [6, 0, 7]},
			"faces": {
				"north": {"uv": [3.11111, 13.77778, 4, 14], "texture": "#1"},
				"east": {"uv": [13.77778, 3.11111, 14.66667, 3.33333], "texture": "#1"},
				"south": {"uv": [13.77778, 3.33333, 14.66667, 3.55556], "texture": "#1"},
				"west": {"uv": [13.77778, 3.55556, 14.66667, 3.77778], "texture": "#1"},
				"up": {"uv": [14, 0.88889, 13.11111, 0], "texture": "#1"},
				"down": {"uv": [14, 0.88889, 13.11111, 1.77778], "texture": "#1"}
			}
		},
		{
			"from": [6, 11, 6],
			"to": [10, 12, 10],
			"rotation": {"angle": 0, "axis": "y", "origin": [6, 0, 7]},
			"faces": {
				"north": {"uv": [13.77778, 3.77778, 14.66667, 4], "texture": "#1"},
				"east": {"uv": [13.77778, 4, 14.66667, 4.22222], "texture": "#1"},
				"south": {"uv": [13.77778, 4.22222, 14.66667, 4.44444], "texture": "#1"},
				"west": {"uv": [13.77778, 6.22222, 14.66667, 6.44444], "texture": "#1"},
				"up": {"uv": [14, 2.66667, 13.11111, 1.77778], "texture": "#1"},
				"down": {"uv": [5.33333, 13.11111, 4.44444, 14], "texture": "#1"}
			}
		},
		{
			"from": [6, -11, 6],
			"to": [10, -10, 10],
			"rotation": {"angle": 0, "axis": "y", "origin": [6, 0, 7]},
			"faces": {
				"north": {"uv": [13.77778, 6.44444, 14.66667, 6.66667], "texture": "#1"},
				"east": {"uv": [6.66667, 13.77778, 7.55556, 14], "texture": "#1"},
				"south": {"uv": [13.77778, 6.66667, 14.66667, 6.88889], "texture": "#1"},
				"west": {"uv": [13.77778, 6.88889, 14.66667, 7.11111], "texture": "#1"},
				"up": {"uv": [14, 5.77778, 13.11111, 4.88889], "texture": "#1"},
				"down": {"uv": [6.22222, 13.11111, 5.33333, 14], "texture": "#1"}
			}
		},
		{
			"from": [8, 3.5, 9],
			"to": [8, 14.5, 19],
			"rotation": {"angle": 0, "axis": "y", "origin": [7, 0, 7]},
			"faces": {
				"north": {"uv": [0, 0, 0, 2.44444], "texture": "#1"},
				"east": {"uv": [8, 0, 5.77778, 2.44444], "texture": "#1"},
				"south": {"uv": [0, 0, 0, 2.44444], "texture": "#1"},
				"west": {"uv": [5.77778, 0, 8, 2.44444], "texture": "#1"},
				"up": {"uv": [0, 2.22222, 0, 0], "texture": "#1"},
				"down": {"uv": [0, 0, 0, 2.22222], "texture": "#1"}
			}
		}
	],
	"gui_light": "front",
	"display": {
		"thirdperson_righthand": {
			"translation": [0, 7, 1.5],
			"scale": [0.8, 0.8, 0.8]
		},
		"thirdperson_lefthand": {
			"translation": [0, 7, 1.5],
			"scale": [0.8, 0.8, 0.8]
		},
		"firstperson_righthand": {
			"rotation": [-14.2, 15.2, 1.57],
			"translation": [0, 4.75, 0],
			"scale": [0.5, 0.5, 0.5]
		},
		"firstperson_lefthand": {
			"rotation": [-14.2, 15.2, 1.57],
			"translation": [0, 4.75, 0],
			"scale": [0.5, 0.5, 0.5]
		},
		"ground": {
			"rotation": [-31.91, -6.41, 22.24],
			"translation": [0, 13, 0],
			"scale": [0.7, 0.7, 0.7]
		},
		"gui": {
			"rotation": [-90, 46.75, 90],
			"translation": [0.75, -1, 0],
			"scale": [0.4, 0.4, 0.4]
		},
		"head": {
			"rotation": [-90, 42.5, -90],
			"translation": [2.75, -14.25, 4.75]
		},
		"fixed": {
			"rotation": [-90, 46.75, 90],
			"translation": [1.25, -1.5, 0],
			"scale": [0.5, 0.5, 0.5]
		}
	},
	"groups": [
		{
			"name": "group",
			"origin": [7, 0, 7],
			"color": 0,
			"children": [0, 1, 2, 3, 4, 5, 6, 7, 8, 9, 10, 11, 12, 13, 14, 15, 16, 17, 18, 19, 20, 21, 22, 23, 24, 25]
		}
	]
}