{
	"credit": "wolf_awwent made with blockbench",
	"texture_size": [56, 56],
	"textures": {
		"3": "modelfoundry_mega_weapon_pack:mega_weapon_pack/hammer_2",
		"particle": "modelfoundry_mega_weapon_pack:mega_weapon_pack/hammer_2"
	},
	"elements": [
		{
			"from": [3, 17, -2],
			"to": [13, 27, 18],
			"rotation": {"angle": 0, "axis": "y", "origin": [6, 0, 14]},
			"faces": {
				"north": {"uv": [2.85714, 5.71429, 5.71429, 8.57143], "texture": "#3"},
				"east": {"uv": [0, 0, 5.71429, 2.85714], "texture": "#3"},
				"south": {"uv": [5.71429, 5.71429, 8.57143, 8.57143], "texture": "#3"},
				"west": {"uv": [0, 2.85714, 5.71429, 5.71429], "texture": "#3"},
				"up": {"uv": [2.85714, 11.42857, 0, 5.71429], "texture": "#3"},
				"down": {"uv": [8.57143, 0, 5.71429, 5.71429], "texture": "#3"}
			}
		},
		{
			"from": [7, -7, 7],
			"to": [9, 17, 9],
			"rotation": {"angle": 0, "axis": "y", "origin": [6, 0, 7]},
			"faces": {
				"north": {"uv": [8.57143, 5.71429, 9.14286, 12.57143], "texture": "#3"},
				"east": {"uv": [6.28571, 8.57143, 6.85714, 15.42857], "texture": "#3"},
				"south": {"uv": [6.85714, 8.57143, 7.42857, 15.42857], "texture": "#3"},
				"west": {"uv": [7.42857, 8.57143, 8, 15.42857], "texture": "#3"},
				"up": {"uv": [8.57143, 9.14286, 8, 8.57143], "texture": "#3"},
				"down": {"uv": [8.57143, 9.14286, 8, 9.71429], "texture": "#3"}
			}
		},
		{
			"from": [6, 14, 6],
			"to": [10, 16, 10],
			"rotation": {"angle": 0, "axis": "y", "origin": [6, 0, 7]},
			"faces": {
				"north": {"uv": [11.14286, 4.28571, 12.28571, 4.85714], "texture": "#3"},
				"east": {"uv": [11.14286, 4.85714, 12.28571, 5.42857], "texture": "#3"},
				"south": {"uv": [11.14286, 5.42857, 12.28571, 6], "texture": "#3"},
				"west": {"uv": [11.14286, 6, 12.28571, 6.57143], "texture": "#3"},
				"up": {"uv": [11.42857, 1.14286, 10.28571, 0], "texture": "#3"},
				"down": {"uv": [11.42857, 1.14286, 10.28571, 2.28571], "texture": "#3"}
			}
		},
		{
			"from": [6.5, 3, 6.5],
			"to": [9.5, 5, 9.5],
			"rotation": {"angle": 0, "axis": "y", "origin": [5.5, 0, 7.5]},
			"faces": {
				"north": {"uv": [11.14286, 7.14286, 12, 7.71429], "texture": "#3"},
				"east": {"uv": [11.14286, 7.71429, 12, 8.28571], "texture": "#3"},
				"south": {"uv": [11.14286, 8.28571, 12, 8.85714], "texture": "#3"},
				"west": {"uv": [11.14286, 8.85714, 12, 9.42857], "texture": "#3"},
				"up": {"uv": [11.14286, 4.28571, 10.28571, 3.42857], "texture": "#3"},
				"down": {"uv": [11.14286, 4.28571, 10.28571, 5.14286], "texture": "#3"}
			}
		},
		{
			"from": [6.5, -11, 6.5],
			"to": [9.5, -8, 9.5],
			"rotation": {"angle": 0, "axis": "y", "origin": [5.5, 0, 7.5]},
			"faces": {
				"north": {"uv": [10.28571, 5.14286, 11.14286, 6], "texture": "#3"},
				"east": {"uv": [10.28571, 6, 11.14286, 6.85714], "texture": "#3"},
				"south": {"uv": [10.28571, 6.85714, 11.14286, 7.71429], "texture": "#3"},
				"west": {"uv": [10.28571, 7.71429, 11.14286, 8.57143], "texture": "#3"},
				"up": {"uv": [11.14286, 9.42857, 10.28571, 8.57143], "texture": "#3"},
				"down": {"uv": [10, 10.28571, 9.14286, 11.14286], "texture": "#3"}
			}
		},
		{
			"from": [5, 27, 3],
			"to": [11, 28, 13],
			"rotation": {"angle": 0, "axis": "y", "origin": [6, 0, 7]},
			"faces": {
				"north": {"uv": [9.14286, 11.14286, 10.85714, 11.42857], "texture": "#3"},
				"east": {"uv": [10.28571, 2.28571, 13.14286, 2.57143], "texture": "#3"},
				"south": {"uv": [11.14286, 9.42857, 12.85714, 9.71429], "texture": "#3"},
				"west": {"uv": [10.28571, 2.57143, 13.14286, 2.85714], "texture": "#3"},
				"up": {"uv": [10.28571, 2.85714, 8.57143, 0], "texture": "#3"},
				"down": {"uv": [4.57143, 8.57143, 2.85714, 11.42857], "texture": "#3"}
			}
		},
		{
			"from": [6, 28, 4],
			"to": [10, 29, 12],
			"rotation": {"angle": 0, "axis": "y", "origin": [6, 0, 7]},
			"faces": {
				"north": {"uv": [2.57143, 11.42857, 3.71429, 11.71429], "texture": "#3"},
				"east": {"uv": [11.14286, 6.57143, 13.42857, 6.85714], "texture": "#3"},
				"south": {"uv": [3.71429, 11.42857, 4.85714, 11.71429], "texture": "#3"},
				"west": {"uv": [11.14286, 6.85714, 13.42857, 7.14286], "texture": "#3"},
				"up": {"uv": [10.28571, 8, 9.14286, 5.71429], "texture": "#3"},
				"down": {"uv": [10.28571, 8, 9.14286, 10.28571], "texture": "#3"}
			}
		},
		{
			"from": [5, 16, 3],
			"to": [11, 17, 13],
			"rotation": {"angle": 0, "axis": "y", "origin": [6, 44, 7]},
			"faces": {
				"north": {"uv": [11.14286, 9.71429, 12.85714, 10], "texture": "#3"},
				"east": {"uv": [10.28571, 2.85714, 13.14286, 3.14286], "texture": "#3"},
				"south": {"uv": [11.14286, 10, 12.85714, 10.28571], "texture": "#3"},
				"west": {"uv": [10.28571, 3.14286, 13.14286, 3.42857], "texture": "#3"},
				"up": {"uv": [10.28571, 5.71429, 8.57143, 2.85714], "texture": "#3"},
				"down": {"uv": [6.28571, 8.57143, 4.57143, 11.42857], "texture": "#3"}
			}
		},
		{
			"from": [6.5, 12, 6.5],
			"to": [9.5, 14, 9.5],
			"rotation": {"angle": 0, "axis": "y", "origin": [5.5, 0, 7.5]},
			"faces": {
				"north": {"uv": [10.85714, 11.14286, 11.71429, 11.71429], "texture": "#3"},
				"east": {"uv": [0, 11.42857, 0.85714, 12], "texture": "#3"},
				"south": {"uv": [11.42857, 0, 12.28571, 0.57143], "texture": "#3"},
				"west": {"uv": [11.42857, 0.57143, 12.28571, 1.14286], "texture": "#3"},
				"up": {"uv": [11.14286, 10.28571, 10.28571, 9.42857], "texture": "#3"},
				"down": {"uv": [10.85714, 10.28571, 10, 11.14286], "texture": "#3"}
			}
		},
		{
			"from": [6.5, -8, 6.5],
			"to": [9.5, -6, 9.5],
			"rotation": {"angle": 0, "axis": "y", "origin": [5.5, 0, 7.5]},
			"faces": {
				"north": {"uv": [0.85714, 11.42857, 1.71429, 12], "texture": "#3"},
				"east": {"uv": [11.42857, 1.14286, 12.28571, 1.71429], "texture": "#3"},
				"south": {"uv": [1.71429, 11.42857, 2.57143, 12], "texture": "#3"},
				"west": {"uv": [11.42857, 1.71429, 12.28571, 2.28571], "texture": "#3"},
				"up": {"uv": [11.71429, 11.14286, 10.85714, 10.28571], "texture": "#3"},
				"down": {"uv": [12, 3.42857, 11.14286, 4.28571], "texture": "#3"}
			}
		}
	],
	"gui_light": "front",
	"display": {
		"thirdperson_righthand": {
			"translation": [0, 6, 1.5],
			"scale": [0.8, 0.8, 0.8]
		},
		"thirdperson_lefthand": {
			"translation": [0, 6, 1.5],
			"scale": [0.8, 0.8, 0.8]
		},
		"firstperson_righthand": {
			"rotation": [-14.16, 14.51, 4.32],
			"translation": [0, 4.75, 0],
			"scale": [0.5, 0.5, 0.5]
		},
		"firstperson_lefthand": {
			"rotation": [-14.16, 14.51, 4.32],
			"translation": [0, 4.75, 0],
			"scale": [0.5, 0.5, 0.5]
		},
		"ground": {
			"rotation": [-31.91, -6.41, 22.24],
			"translation": [0, 13, 0],
			"scale": [0.7, 0.7, 0.7]
		},
		"gui": {
			"rotation": [-90, 46.75, 90],
			"translation": [0.75, -1, 0],
			"scale": [0.4, 0.4, 0.4]
		},
		"head": {
			"rotation": [-90, 42.5, -90],
			"translation": [1.5, -14.25, 4.75]
		},
		"fixed": {
			"rotation": [-90, 46.75, 90],
			"translation": [1.25, -1.5, 0],
			"scale": [0.5, 0.5, 0.5]
		}
	},
	"groups": [
		{
			"name": "group",
			"origin": [5.5, 0, 7.5],
			"color": 0,
			"children": [0, 1, 2, 3, 4, 5, 6, 7, 8, 9]
		}
	]
}