{
	"credit": "wolf_awwent made with blockbench",
	"texture_size": [48, 48],
	"textures": {
		"3": "modelfoundry_mega_weapon_pack:mega_weapon_pack/hammer_8"
	},
	"elements": [
		{
			"from": [6.5, -8, 6.5],
			"to": [9.5, 17, 9.5],
			"rotation": {"angle": 0, "axis": "y", "origin": [5.5, 0, 8.5]},
			"faces": {
				"north": {"uv": [8, 3.66667, 9, 12], "texture": "#3"},
				"east": {"uv": [9, 3.66667, 10, 12], "texture": "#3"},
				"south": {"uv": [10, 3.66667, 11, 12], "texture": "#3"},
				"west": {"uv": [11, 0, 12, 8.33333], "texture": "#3"},
				"up": {"uv": [13, 8, 12, 7], "texture": "#3"},
				"down": {"uv": [9, 12, 8, 13], "texture": "#3"}
			}
		},
		{
			"from": [6, -10, 6],
			"to": [10, -7, 10],
			"rotation": {"angle": 0, "axis": "y", "origin": [5, 0, 9]},
			"faces": {
				"north": {"uv": [11, 11, 12.33333, 12], "texture": "#3"},
				"east": {"uv": [12, 0, 13.33333, 1], "texture": "#3"},
				"south": {"uv": [12, 1, 13.33333, 2], "texture": "#3"},
				"west": {"uv": [12, 2, 13.33333, 3], "texture": "#3"},
				"up": {"uv": [6.66667, 12.33333, 5.33333, 11], "texture": "#3"},
				"down": {"uv": [8, 11, 6.66667, 12.33333], "texture": "#3"}
			}
		},
		{
			"from": [6, 14, 6],
			"to": [10, 17, 10],
			"rotation": {"angle": 0, "axis": "y", "origin": [5, 0, 9]},
			"faces": {
				"north": {"uv": [12, 3, 13.33333, 4], "texture": "#3"},
				"east": {"uv": [12, 4, 13.33333, 5], "texture": "#3"},
				"south": {"uv": [12, 5, 13.33333, 6], "texture": "#3"},
				"west": {"uv": [12, 6, 13.33333, 7], "texture": "#3"},
				"up": {"uv": [12.33333, 9.66667, 11, 8.33333], "texture": "#3"},
				"down": {"uv": [12.33333, 9.66667, 11, 11], "texture": "#3"}
			}
		},
		{
			"from": [4, 17, -3.5],
			"to": [12, 28, 19.5],
			"rotation": {"angle": 0, "axis": "y", "origin": [6, 0, 3.5]},
			"faces": {
				"north": {"uv": [5.33333, 7.33333, 8, 11], "texture": "#3"},
				"east": {"uv": [0, 0, 7.66667, 3.66667], "texture": "#3"},
				"south": {"uv": [7.66667, 0, 10.33333, 3.66667], "texture": "#3"},
				"west": {"uv": [0, 3.66667, 7.66667, 7.33333], "texture": "#3"},
				"up": {"uv": [2.66667, 15, 0, 7.33333], "texture": "#3"},
				"down": {"uv": [5.33333, 7.33333, 2.66667, 15], "texture": "#3"}
			}
		}
	],
	"gui_light": "front",
	"display": {
		"thirdperson_righthand": {
			"translation": [0, 5, 1.5],
			"scale": [0.8, 0.8, 0.8]
		},
		"thirdperson_lefthand": {
			"translation": [0, 5, 1.5],
			"scale": [0.8, 0.8, 0.8]
		},
		"firstperson_righthand": {
			"rotation": [-15.23, 15.22, 5.6],
			"translation": [0.5, 4.75, 0],
			"scale": [0.5, 0.5, 0.5]
		},
		"firstperson_lefthand": {
			"rotation": [-15.23, 15.22, 5.6],
			"translation": [0.5, 4.75, 0],
			"scale": [0.5, 0.5, 0.5]
		},
		"ground": {
			"rotation": [-31.91, -6.41, 22.24],
			"translation": [0, 10.25, 0],
			"scale": [0.7, 0.7, 0.7]
		},
		"gui": {
			"rotation": [-90, 46.75, 90],
			"translation": [1, -1.25, 0],
			"scale": [0.4, 0.4, 0.4]
		},
		"head": {
			"rotation": [-90, 42.5, -90],
			"translation": [0, -14.25, 4.75]
		},
		"fixed": {
			"rotation": [-90, 46.75, 90],
			"translation": [2, -1.75, 0],
			"scale": [0.5, 0.5, 0.5]
		}
	},
	"groups": [
		{
			"name": "group",
			"origin": [5.5, 0, 7.5],
			"color": 0,
			"children": [0, 1, 2, 3]
		}
	]
}