{
	"credit": "wolf_awwent made with blockbench",
	"texture_size": [56, 56],
	"textures": {
		"1": "modelfoundry_mega_weapon_pack:mega_weapon_pack/spear_5",
		"particle": "modelfoundry_mega_weapon_pack:mega_weapon_pack/spear_5_e"
	},
	"elements": [
		{
			"from": [7.5, -13, 7.5],
			"to": [8.5, 15, 8.5],
			"rotation": {"angle": 0, "axis": "y", "origin": [-9, -4, 4]},
			"faces": {
				"north": {"uv": [10.85714, 5.71429, 11.14286, 13.71429], "texture": "#1"},
				"east": {"uv": [11.14286, 5.71429, 11.42857, 13.71429], "texture": "#1"},
				"south": {"uv": [11.42857, 5.71429, 11.71429, 13.71429], "texture": "#1"},
				"west": {"uv": [11.71429, 5.71429, 12, 13.71429], "texture": "#1"},
				"up": {"uv": [2, 12.85714, 1.71429, 12.57143], "texture": "#1"},
				"down": {"uv": [2.28571, 12.57143, 2, 12.85714], "texture": "#1"}
			}
		},
		{
			"from": [7.48, 12.48, 6.855],
			"to": [8.52, 15.52, 9.145],
			"rotation": {"angle": 0, "axis": "y", "origin": [7.5, 11, 7.875]},
			"faces": {
				"north": {"uv": [12.28571, 10.85714, 12.57143, 11.71429], "texture": "#1"},
				"east": {"uv": [12, 8.57143, 12.71429, 9.42857], "texture": "#1"},
				"south": {"uv": [12.28571, 11.71429, 12.57143, 12.57143], "texture": "#1"},
				"west": {"uv": [12, 9.42857, 12.71429, 10.28571], "texture": "#1"},
				"up": {"uv": [0.28571, 13.28571, 0, 12.57143], "texture": "#1"},
				"down": {"uv": [0.57143, 12.57143, 0.28571, 13.28571], "texture": "#1"}
			}
		},
		{
			"from": [7.48, 15.52, 6.355],
			"to": [8.52, 16.56, 9.645],
			"rotation": {"angle": 0, "axis": "y", "origin": [8, 11.04, 8.625]},
			"faces": {
				"north": {"uv": [2.28571, 12.57143, 2.57143, 12.85714], "texture": "#1"},
				"east": {"uv": [12, 10.28571, 13, 10.57143], "texture": "#1"},
				"south": {"uv": [2.57143, 12.57143, 2.85714, 12.85714], "texture": "#1"},
				"west": {"uv": [12, 10.57143, 13, 10.85714], "texture": "#1"},
				"up": {"uv": [12.28571, 11.85714, 12, 10.85714], "texture": "#1"},
				"down": {"uv": [12.28571, 12, 12, 13], "texture": "#1"}
			}
		},
		{
			"from": [7.73, 16.52, 6.73],
			"to": [8.27, 21.56, 9.27],
			"rotation": {"angle": 0, "axis": "y", "origin": [7.75, 11.04, 8.75]},
			"faces": {
				"north": {"uv": [0.57143, 12.57143, 0.71429, 14], "texture": "#1"},
				"east": {"uv": [12.71429, 7.14286, 12, 8.57143], "texture": "#1"},
				"south": {"uv": [0.71429, 12.57143, 0.57143, 14], "texture": "#1"},
				"west": {"uv": [12, 7.14286, 12.71429, 8.57143], "texture": "#1"},
				"up": {"uv": [1.28571, 13.28571, 1.14286, 12.57143], "texture": "#1"},
				"down": {"uv": [1.57143, 12.57143, 1.42857, 13.28571], "texture": "#1"}
			}
		},
		{
			"from": [8, 6, 1.25],
			"to": [8, 32, 14.75],
			"rotation": {"angle": 0, "axis": "y", "origin": [-8.5, -4, 3.25]},
			"faces": {
				"north": {"uv": [0, 0, 0, 7.42857], "texture": "#1"},
				"east": {"uv": [6.85714, 0, 10.71429, 7.42857], "texture": "#1"},
				"south": {"uv": [0, 0, 0, 7.42857], "texture": "#1"},
				"west": {"uv": [6.85714, 7.42857, 10.71429, 14.85714], "texture": "#1"},
				"up": {"uv": [0, 3.85714, 0, 0], "texture": "#1"},
				"down": {"uv": [0, 0, 0, 3.85714], "texture": "#1"}
			}
		},
		{
			"from": [8, 7, -3.75],
			"to": [8, 29, 19.75],
			"rotation": {"angle": 0, "axis": "y", "origin": [-8, -4, 3.25]},
			"faces": {
				"north": {"uv": [0, 0, 0, 6.28571], "texture": "#1"},
				"east": {"uv": [0, 0, 6.71429, 6.28571], "texture": "#1"},
				"south": {"uv": [0, 0, 0, 6.28571], "texture": "#1"},
				"west": {"uv": [0, 6.28571, 6.71429, 12.57143], "texture": "#1"},
				"up": {"uv": [0, 6.71429, 0, 0], "texture": "#1"},
				"down": {"uv": [0, 0, 0, 6.71429], "texture": "#1"}
			}
		},
		{
			"from": [8, -16, 4.25],
			"to": [8, -6, 11.75],
			"rotation": {"angle": 0, "axis": "y", "origin": [-8.5, -4, 3.25]},
			"faces": {
				"north": {"uv": [0, 0, 0, 2.85714], "texture": "#1"},
				"east": {"uv": [13, 2.85714, 10.85714, 5.71429], "texture": "#1"},
				"south": {"uv": [0, 0, 0, 2.85714], "texture": "#1"},
				"west": {"uv": [10.85714, 2.85714, 13, 5.71429], "texture": "#1"},
				"up": {"uv": [0, 2.14286, 0, 0], "texture": "#1"},
				"down": {"uv": [0, 0, 0, 2.14286], "texture": "#1"}
			}
		}
	],
	"gui_light": "front",
	"display": {
		"thirdperson_righthand": {
			"translation": [0, 9.25, 1.75]
		},
		"thirdperson_lefthand": {
			"translation": [0, 9.25, 1.75]
		},
		"firstperson_righthand": {
			"rotation": [-23.73, 4.22, -3.16],
			"translation": [1.25, 3, -1]
		},
		"firstperson_lefthand": {
			"rotation": [-23.73, 4.22, -3.16],
			"translation": [1.25, 3, -1]
		},
		"ground": {
			"rotation": [3.37, -1.27, -41.55],
			"translation": [0, 10.75, 0],
			"scale": [0.7, 0.7, 0.7]
		},
		"gui": {
			"rotation": [-90, 45, 90],
			"translation": [-0.5, 0.5, 0],
			"scale": [0.5, 0.5, 0.5]
		},
		"head": {
			"rotation": [-90, 42.5, -90],
			"translation": [4.25, -17.75, 4.75],
			"scale": [1.5, 1.5, 1.5]
		},
		"fixed": {
			"rotation": [-90, 45, 90],
			"scale": [0.6, 0.6, 0.6]
		}
	},
	"groups": [
		{
			"name": "group",
			"origin": [-4, -3.25, 8],
			"color": 0,
			"children": [0, 1, 2, 3, 4, 5, 6]
		}
	]
}