{
	"credit": "wolf_awwent made with blockbench",
	"texture_size": [40, 40],
	"textures": {
		"3": "modelfoundry_mega_weapon_pack:mega_weapon_pack/spear_8",
		"particle": "modelfoundry_mega_weapon_pack:mega_weapon_pack/spear_8"
	},
	"elements": [
		{
			"from": [7.5, -5, 7.5],
			"to": [8.5, 12, 8.5],
			"rotation": {"angle": 0, "axis": "y", "origin": [-9, -4, 4]},
			"faces": {
				"north": {"uv": [9.6, 8.4, 10, 15.2], "texture": "#3"},
				"east": {"uv": [10, 8.4, 10.4, 15.2], "texture": "#3"},
				"south": {"uv": [10.4, 8.4, 10.8, 15.2], "texture": "#3"},
				"west": {"uv": [10.8, 8.4, 11.2, 15.2], "texture": "#3"},
				"up": {"uv": [13.2, 10, 12.8, 9.6], "texture": "#3"},
				"down": {"uv": [13.2, 10, 12.8, 10.4], "texture": "#3"}
			}
		},
		{
			"from": [7.25, -5.5, 7.25],
			"to": [8.75, -4.5, 8.75],
			"rotation": {"angle": 0, "axis": "y", "origin": [8, -14.75, 8]},
			"faces": {
				"north": {"uv": [12, 11.6, 12.6, 12], "texture": "#3"},
				"east": {"uv": [12, 12, 12.6, 12.4], "texture": "#3"},
				"south": {"uv": [12, 12.4, 12.6, 12.8], "texture": "#3"},
				"west": {"uv": [12.8, 9.2, 13.4, 9.6], "texture": "#3"},
				"up": {"uv": [12.6, 9.8, 12, 9.2], "texture": "#3"},
				"down": {"uv": [12.6, 10, 12, 10.6], "texture": "#3"}
			}
		},
		{
			"from": [6.98, 11.48, 4.98],
			"to": [9.02, 12.52, 11.02],
			"rotation": {"angle": 0, "axis": "y", "origin": [8, 11, 10]},
			"faces": {
				"north": {"uv": [12, 10.8, 12.8, 11.2], "texture": "#3"},
				"east": {"uv": [12, 8.4, 14.4, 8.8], "texture": "#3"},
				"south": {"uv": [12, 11.2, 12.8, 11.6], "texture": "#3"},
				"west": {"uv": [12, 8.8, 14.4, 9.2], "texture": "#3"},
				"up": {"uv": [12, 10.8, 11.2, 8.4], "texture": "#3"},
				"down": {"uv": [12, 10.8, 11.2, 13.2], "texture": "#3"}
			}
		},
		{
			"from": [8, 11, -1.75],
			"to": [8, 32, 17.75],
			"rotation": {"angle": 0, "axis": "y", "origin": [-8.5, -4, 6.25]},
			"faces": {
				"north": {"uv": [0, 0, 0, 8.4], "texture": "#3"},
				"east": {"uv": [0, 0, 7.8, 8.4], "texture": "#3"},
				"south": {"uv": [0, 0, 0, 8.4], "texture": "#3"},
				"west": {"uv": [8, 0, 15.8, 8.4], "texture": "#3"},
				"up": {"uv": [0, 7.8, 0, 0], "texture": "#3"},
				"down": {"uv": [0, 0, 0, 7.8], "texture": "#3"}
			}
		},
		{
			"from": [8, -16, 2.25],
			"to": [8, -1.5, 13.75],
			"rotation": {"angle": 0, "axis": "y", "origin": [-8.5, -4, 15.25]},
			"faces": {
				"north": {"uv": [0, 0, 0, 5.8], "texture": "#3"},
				"east": {"uv": [0, 8.4, 4.6, 14.2], "texture": "#3"},
				"south": {"uv": [0, 0, 0, 5.8], "texture": "#3"},
				"west": {"uv": [4.8, 8.4, 9.4, 14.2], "texture": "#3"},
				"up": {"uv": [0, 4.6, 0, 0], "texture": "#3"},
				"down": {"uv": [0, 0, 0, 4.6], "texture": "#3"}
			}
		}
	],
	"gui_light": "front",
	"display": {
		"thirdperson_righthand": {
			"translation": [0, 5, 1.25]
		},
		"thirdperson_lefthand": {
			"translation": [0, 5, 1.25]
		},
		"firstperson_righthand": {
			"rotation": [-25.19, 2.86, -3.78],
			"translation": [1.25, 3.5, -1]
		},
		"firstperson_lefthand": {
			"rotation": [-25.19, 2.86, -3.78],
			"translation": [1.25, 3.5, -1]
		},
		"ground": {
			"rotation": [3.37, -1.27, -41.55],
			"translation": [0, 10.75, 0],
			"scale": [0.7, 0.7, 0.7]
		},
		"gui": {
			"rotation": [-90, 45, 90],
			"translation": [0, 0.25, 0],
			"scale": [0.5, 0.5, 0.5]
		},
		"head": {
			"rotation": [-90, 40.75, -90],
			"translation": [3.75, -18.25, 4.75],
			"scale": [1.5, 1.5, 1.5]
		},
		"fixed": {
			"rotation": [-90, 45, 90],
			"scale": [0.6, 0.6, 0.6]
		}
	},
	"groups": [
		{
			"name": "group",
			"origin": [-4, -3.25, 8],
			"color": 0,
			"children": [0, 1, 2, 3, 4]
		}
	]
}