{
	"credit": "wolf_awwent made with blockbench",
	"texture_size": [56, 56],
	"textures": {
		"2": "modelfoundry_mega_weapon_pack:mega_weapon_pack/spear_3"
	},
	"elements": [
		{
			"from": [7.5, -14, 7.5],
			"to": [8.5, 11, 8.5],
			"rotation": {"angle": 0, "axis": "y", "origin": [-9, -4, 4]},
			"faces": {
				"north": {"uv": [9.14286, 7.42857, 9.42857, 14.57143], "texture": "#2"},
				"east": {"uv": [9.42857, 7.42857, 9.71429, 14.57143], "texture": "#2"},
				"south": {"uv": [9.71429, 7.42857, 10, 14.57143], "texture": "#2"},
				"west": {"uv": [10, 7.42857, 10.28571, 14.57143], "texture": "#2"},
				"up": {"uv": [11.14286, 0.85714, 10.85714, 0.57143], "texture": "#2"},
				"down": {"uv": [11.14286, 0.85714, 10.85714, 1.14286], "texture": "#2"}
			}
		},
		{
			"from": [7.25, -15.5, 7.25],
			"to": [8.75, -14, 8.75],
			"rotation": {"angle": 45, "axis": "x", "origin": [8, -14.75, 8]},
			"faces": {
				"north": {"uv": [10.28571, 4.57143, 10.71429, 5], "texture": "#2"},
				"east": {"uv": [10.28571, 5.14286, 10.71429, 5.57143], "texture": "#2"},
				"south": {"uv": [10.28571, 5.71429, 10.71429, 6.14286], "texture": "#2"},
				"west": {"uv": [10.28571, 6.28571, 10.71429, 6.71429], "texture": "#2"},
				"up": {"uv": [10.71429, 7.28571, 10.28571, 6.85714], "texture": "#2"},
				"down": {"uv": [10.71429, 7.42857, 10.28571, 7.85714], "texture": "#2"}
			}
		},
		{
			"from": [7.25, -15.5, 2.56371],
			"to": [8.75, -14, 4.06371],
			"rotation": {"angle": 45, "axis": "x", "origin": [8, -14.75, 19.31371]},
			"faces": {
				"north": {"uv": [10.28571, 8, 10.71429, 8.42857], "texture": "#2"},
				"east": {"uv": [10.28571, 8.57143, 10.71429, 9], "texture": "#2"},
				"south": {"uv": [10.28571, 5.71429, 10.71429, 6.14286], "texture": "#2"},
				"west": {"uv": [10.28571, 9.71429, 10.71429, 10.14286], "texture": "#2"},
				"up": {"uv": [10.71429, 10.71429, 10.28571, 10.28571], "texture": "#2"},
				"down": {"uv": [10.71429, 7.42857, 10.28571, 7.85714], "texture": "#2"}
			}
		},
		{
			"from": [6.98, 9.48, 6.98],
			"to": [9.02, 12.52, 9.02],
			"rotation": {"angle": 0, "axis": "y", "origin": [8, 11, 8]},
			"faces": {
				"north": {"uv": [10.28571, 0, 10.85714, 0.85714], "texture": "#2"},
				"east": {"uv": [10.28571, 0.85714, 10.85714, 1.71429], "texture": "#2"},
				"south": {"uv": [10.28571, 1.71429, 10.85714, 2.57143], "texture": "#2"},
				"west": {"uv": [10.28571, 2.57143, 10.85714, 3.42857], "texture": "#2"},
				"up": {"uv": [10.85714, 4, 10.28571, 3.42857], "texture": "#2"},
				"down": {"uv": [10.85714, 4, 10.28571, 4.57143], "texture": "#2"}
			}
		},
		{
			"from": [10.55686, -0.52, 8.70634],
			"to": [10.59686, 12.52, 16.74634],
			"rotation": {"angle": 22.5, "axis": "y", "origin": [10.57686, 6, 12.72634]},
			"faces": {
				"north": {"uv": [0, 0, 0, 3.71429], "texture": "#2"},
				"east": {"uv": [0, 7.42857, 2.28571, 11.14286], "texture": "#2"},
				"south": {"uv": [0, 0, 0, 3.71429], "texture": "#2"},
				"west": {"uv": [2.28571, 7.42857, 0, 11.14286], "texture": "#2"},
				"up": {"uv": [0, 2.28571, 0, 0], "texture": "#2"},
				"down": {"uv": [0, 0, 0, 2.28571], "texture": "#2"}
			}
		},
		{
			"from": [6.98, -1.52, 9.02],
			"to": [7.02, 11.52, 17.06],
			"rotation": {"angle": 0, "axis": "y", "origin": [7, 6, 13.04]},
			"faces": {
				"north": {"uv": [0, 0, 0, 3.71429], "texture": "#2"},
				"east": {"uv": [9.14286, 7.42857, 6.85714, 11.14286], "texture": "#2"},
				"south": {"uv": [0, 0, 0, 3.71429], "texture": "#2"},
				"west": {"uv": [6.85714, 7.42857, 9.14286, 11.14286], "texture": "#2"},
				"up": {"uv": [0, 2.28571, 0, 0], "texture": "#2"},
				"down": {"uv": [0, 0, 0, 2.28571], "texture": "#2"}
			}
		},
		{
			"from": [12.09677, -0.52, 16.44799],
			"to": [12.13677, 12.52, 24.48799],
			"rotation": {"angle": 0, "axis": "y", "origin": [12.11677, 6, 20.46799]},
			"faces": {
				"north": {"uv": [0, 0, 0, 3.71429], "texture": "#2"},
				"east": {"uv": [8, 0, 10.28571, 3.71429], "texture": "#2"},
				"south": {"uv": [0, 0, 0, 3.71429], "texture": "#2"},
				"west": {"uv": [10.28571, 0, 8, 3.71429], "texture": "#2"},
				"up": {"uv": [0, 2.28571, 0, 0], "texture": "#2"},
				"down": {"uv": [0, 0, 0, 2.28571], "texture": "#2"}
			}
		},
		{
			"from": [8, 6, 1.25],
			"to": [8, 32, 14.75],
			"rotation": {"angle": 0, "axis": "y", "origin": [-8.5, -4, 3.25]},
			"faces": {
				"north": {"uv": [0, 0, 0, 7.42857], "texture": "#2"},
				"east": {"uv": [0, 0, 3.85714, 7.42857], "texture": "#2"},
				"south": {"uv": [0, 0, 0, 7.42857], "texture": "#2"},
				"west": {"uv": [4, 0, 7.85714, 7.42857], "texture": "#2"},
				"up": {"uv": [0, 3.85714, 0, 0], "texture": "#2"},
				"down": {"uv": [0, 0, 0, 3.85714], "texture": "#2"}
			}
		}
	],
	"gui_light": "front",
	"display": {
		"thirdperson_righthand": {
			"translation": [0, 13, 1.25]
		},
		"thirdperson_lefthand": {
			"translation": [0, 13, 1.25]
		},
		"firstperson_righthand": {
			"rotation": [-31.94, 2.86, -3.78],
			"translation": [1.25, 3.5, -1]
		},
		"firstperson_lefthand": {
			"rotation": [-31.94, 2.86, -3.78],
			"translation": [1.25, 3.5, -1]
		},
		"ground": {
			"rotation": [3.37, -1.27, -41.55],
			"translation": [0, 10.75, 0],
			"scale": [0.7, 0.7, 0.7]
		},
		"gui": {
			"rotation": [-90, 45, 90],
			"translation": [0, 0.25, 0],
			"scale": [0.5, 0.5, 0.5]
		},
		"head": {
			"rotation": [-90, 42.5, -90],
			"translation": [4.25, -17.75, 4.75],
			"scale": [1.5, 1.5, 1.5]
		},
		"fixed": {
			"rotation": [-90, 45, 90],
			"scale": [0.6, 0.6, 0.6]
		}
	},
	"groups": [
		{
			"name": "group",
			"origin": [-4, -3.25, 8],
			"color": 0,
			"children": [0, 1, 2, 3, 4, 5, 6, 7]
		}
	]
}