{
	"credit": "wolf_awwent made with blockbench",
	"texture_size": [56, 56],
	"textures": {
		"4": "modelfoundry_mega_weapon_pack:mega_weapon_pack/spear_1"
	},
	"elements": [
		{
			"from": [7.5, -14, 7.5],
			"to": [8.5, 11, 8.5],
			"rotation": {"angle": 0, "axis": "y", "origin": [-9, -4, 4]},
			"faces": {
				"north": {"uv": [0, 7.42857, 0.28571, 14.57143], "texture": "#4"},
				"east": {"uv": [0.28571, 7.42857, 0.57143, 14.57143], "texture": "#4"},
				"south": {"uv": [0.57143, 7.42857, 0.85714, 14.57143], "texture": "#4"},
				"west": {"uv": [0.85714, 7.42857, 1.14286, 14.57143], "texture": "#4"},
				"up": {"uv": [8.28571, 2.57143, 8, 2.28571], "texture": "#4"},
				"down": {"uv": [8.28571, 2.57143, 8, 2.85714], "texture": "#4"}
			}
		},
		{
			"from": [7.25, -14.5, 7.25],
			"to": [8.75, -13.5, 8.75],
			"rotation": {"angle": 0, "axis": "y", "origin": [-8, -4, 4.5]},
			"faces": {
				"north": {"uv": [8, 1.14286, 8.42857, 1.42857], "texture": "#4"},
				"east": {"uv": [8, 1.42857, 8.42857, 1.71429], "texture": "#4"},
				"south": {"uv": [8, 1.71429, 8.42857, 2], "texture": "#4"},
				"west": {"uv": [8, 2, 8.42857, 2.28571], "texture": "#4"},
				"up": {"uv": [8.42857, 0.42857, 8, 0], "texture": "#4"},
				"down": {"uv": [8.42857, 0.57143, 8, 1], "texture": "#4"}
			}
		},
		{
			"from": [8, -16, 6.75],
			"to": [8, -14.5, 9.25],
			"rotation": {"angle": 0, "axis": "y", "origin": [-7.25, -4, 4.5]},
			"faces": {
				"north": {"uv": [0, 0, 0, 0.42857], "texture": "#4"},
				"east": {"uv": [6.28571, 7.42857, 7, 7.85714], "texture": "#4"},
				"south": {"uv": [0, 0, 0, 0.42857], "texture": "#4"},
				"west": {"uv": [7.14286, 7.42857, 7.85714, 7.85714], "texture": "#4"},
				"up": {"uv": [0, 0.71429, 0, 0], "texture": "#4"},
				"down": {"uv": [0, 0, 0, 0.71429], "texture": "#4"}
			}
		},
		{
			"from": [6.98, 10.48, 6.98],
			"to": [9.02, 12.52, 9.02],
			"rotation": {"angle": 0, "axis": "y", "origin": [-3.5, -2.5, 12.5]},
			"faces": {
				"north": {"uv": [2.85714, 7.42857, 3.42857, 8], "texture": "#4"},
				"east": {"uv": [3.42857, 7.42857, 4, 8], "texture": "#4"},
				"south": {"uv": [4, 7.42857, 4.57143, 8], "texture": "#4"},
				"west": {"uv": [4.57143, 7.42857, 5.14286, 8], "texture": "#4"},
				"up": {"uv": [5.71429, 8, 5.14286, 7.42857], "texture": "#4"},
				"down": {"uv": [6.28571, 7.42857, 5.71429, 8], "texture": "#4"}
			}
		},
		{
			"from": [7.73, 12.48, 7.23],
			"to": [8.27, 24.02, 8.77],
			"rotation": {"angle": 0, "axis": "y", "origin": [-2.75, -2.5, 12.5]},
			"faces": {
				"north": {"uv": [2.71429, 7.42857, 2.57143, 10.71429], "texture": "#4"},
				"east": {"uv": [1.14286, 7.42857, 1.57143, 10.71429], "texture": "#4"},
				"south": {"uv": [2.57143, 7.42857, 2.71429, 10.71429], "texture": "#4"},
				"west": {"uv": [1.71429, 7.42857, 2.14286, 10.71429], "texture": "#4"},
				"up": {"uv": [3, 8.42857, 2.85714, 8], "texture": "#4"},
				"down": {"uv": [8.14286, 2.85714, 8, 3.28571], "texture": "#4"}
			}
		},
		{
			"from": [8, 6, 1.25],
			"to": [8, 32, 14.75],
			"rotation": {"angle": 0, "axis": "y", "origin": [-8.5, -4, 3.25]},
			"faces": {
				"north": {"uv": [0, 0, 0, 7.42857], "texture": "#4"},
				"east": {"uv": [0, 0, 3.85714, 7.42857], "texture": "#4"},
				"south": {"uv": [0, 0, 0, 7.42857], "texture": "#4"},
				"west": {"uv": [4, 0, 7.85714, 7.42857], "texture": "#4"},
				"up": {"uv": [0, 3.85714, 0, 0], "texture": "#4"},
				"down": {"uv": [0, 0, 0, 3.85714], "texture": "#4"}
			}
		}
	],
	"gui_light": "front",
	"display": {
		"thirdperson_righthand": {
			"translation": [0, 11, 1.5]
		},
		"thirdperson_lefthand": {
			"translation": [0, 11, 1.5]
		},
		"firstperson_righthand": {
			"rotation": [-31.94, 2.86, -3.78],
			"translation": [1.25, 3.5, -1]
		},
		"firstperson_lefthand": {
			"rotation": [-31.94, 2.86, -3.78],
			"translation": [1.25, 3.5, -1]
		},
		"ground": {
			"rotation": [3.37, -1.27, -41.55],
			"translation": [0, 10.75, 0],
			"scale": [0.7, 0.7, 0.7]
		},
		"gui": {
			"rotation": [-90, 45, 90],
			"translation": [0, 0.25, 0],
			"scale": [0.5, 0.5, 0.5]
		},
		"head": {
			"rotation": [-90, 42.5, -90],
			"translation": [4.25, -17.75, 4.75],
			"scale": [1.5, 1.5, 1.5]
		},
		"fixed": {
			"rotation": [-90, 45, 90],
			"scale": [0.6, 0.6, 0.6]
		}
	},
	"groups": [
		{
			"name": "group",
			"origin": [-4, -3.25, 8],
			"color": 0,
			"children": [0, 1, 2, 3, 4, 5]
		}
	]
}