{
	"credit": "wolf_awwent made with blockbench",
	"texture_size": [56, 56],
	"textures": {
		"4": "modelfoundry_mega_weapon_pack:mega_weapon_pack/spear_6",
		"particle": "modelfoundry_mega_weapon_pack:mega_weapon_pack/spear_6_e"
	},
	"elements": [
		{
			"from": [7.5, -12, 7.5],
			"to": [8.5, 11, 8.5],
			"rotation": {"angle": 0, "axis": "y", "origin": [-9, -4, 4]},
			"faces": {
				"north": {"uv": [0, 7.42857, 0.28571, 14], "texture": "#4"},
				"east": {"uv": [0.28571, 7.42857, 0.57143, 14], "texture": "#4"},
				"south": {"uv": [0.57143, 7.42857, 0.85714, 14], "texture": "#4"},
				"west": {"uv": [0.85714, 7.42857, 1.14286, 14], "texture": "#4"},
				"up": {"uv": [2.57143, 8.85714, 2.28571, 8.57143], "texture": "#4"},
				"down": {"uv": [2.85714, 8.57143, 2.57143, 8.85714], "texture": "#4"}
			}
		},
		{
			"from": [7.25, -12.5, 7.25],
			"to": [8.75, -11, 8.75],
			"rotation": {"angle": 0, "axis": "y", "origin": [8, -14.75, 8]},
			"faces": {
				"north": {"uv": [8, 7.42857, 8.42857, 7.85714], "texture": "#4"},
				"east": {"uv": [8, 8, 8.42857, 8.42857], "texture": "#4"},
				"south": {"uv": [5.14286, 8.28571, 5.57143, 8.71429], "texture": "#4"},
				"west": {"uv": [5.71429, 8.28571, 6.14286, 8.71429], "texture": "#4"},
				"up": {"uv": [6.71429, 8.71429, 6.28571, 8.28571], "texture": "#4"},
				"down": {"uv": [7.28571, 8.28571, 6.85714, 8.71429], "texture": "#4"}
			}
		},
		{
			"from": [6.98, 9.48, 6.98],
			"to": [9.02, 12.52, 9.02],
			"rotation": {"angle": 0, "axis": "y", "origin": [8, 11, 8]},
			"faces": {
				"north": {"uv": [5.14286, 7.42857, 5.71429, 8.28571], "texture": "#4"},
				"east": {"uv": [5.71429, 7.42857, 6.28571, 8.28571], "texture": "#4"},
				"south": {"uv": [6.28571, 7.42857, 6.85714, 8.28571], "texture": "#4"},
				"west": {"uv": [6.85714, 7.42857, 7.42857, 8.28571], "texture": "#4"},
				"up": {"uv": [8, 8, 7.42857, 7.42857], "texture": "#4"},
				"down": {"uv": [8, 8, 7.42857, 8.57143], "texture": "#4"}
			}
		},
		{
			"from": [7.73, 12.48, 7.23],
			"to": [8.27, 26.52, 8.77],
			"rotation": {"angle": 0, "axis": "y", "origin": [7.25, 11, 8]},
			"faces": {
				"north": {"uv": [4.57143, 7.42857, 4.71429, 11.42857], "texture": "#4"},
				"east": {"uv": [1.14286, 7.42857, 1.57143, 11.42857], "texture": "#4"},
				"south": {"uv": [4.71429, 7.42857, 4.57143, 11.42857], "texture": "#4"},
				"west": {"uv": [1.71429, 7.42857, 2.14286, 11.42857], "texture": "#4"},
				"up": {"uv": [3, 9, 2.85714, 8.57143], "texture": "#4"},
				"down": {"uv": [3.28571, 8.57143, 3.14286, 9], "texture": "#4"}
			}
		},
		{
			"from": [8, 6, -1.75],
			"to": [8, 32, 17.75],
			"rotation": {"angle": 0, "axis": "y", "origin": [-8.5, -4, 6.25]},
			"faces": {
				"north": {"uv": [0, 0, 0, 7.42857], "texture": "#4"},
				"east": {"uv": [0, 0, 5.57143, 7.42857], "texture": "#4"},
				"south": {"uv": [0, 0, 0, 7.42857], "texture": "#4"},
				"west": {"uv": [5.71429, 0, 11.28571, 7.42857], "texture": "#4"},
				"up": {"uv": [0, 5.57143, 0, 0], "texture": "#4"},
				"down": {"uv": [0, 0, 0, 5.57143], "texture": "#4"}
			}
		},
		{
			"from": [8, -16, 6.25],
			"to": [8, -12.5, 9.75],
			"rotation": {"angle": 0, "axis": "y", "origin": [-8.5, -4, 13.25]},
			"faces": {
				"north": {"uv": [0, 0, 0, 1], "texture": "#4"},
				"east": {"uv": [2.28571, 7.42857, 3.28571, 8.42857], "texture": "#4"},
				"south": {"uv": [0, 0, 0, 1], "texture": "#4"},
				"west": {"uv": [3.42857, 7.42857, 4.42857, 8.42857], "texture": "#4"},
				"up": {"uv": [0, 1, 0, 0], "texture": "#4"},
				"down": {"uv": [0, 0, 0, 1], "texture": "#4"}
			}
		}
	],
	"gui_light": "front",
	"display": {
		"thirdperson_righthand": {
			"translation": [0, 10.25, 1]
		},
		"thirdperson_lefthand": {
			"translation": [0, 10.25, 1]
		},
		"firstperson_righthand": {
			"rotation": [-25.28, 1.83, -1.76],
			"translation": [1.25, 3.5, -1]
		},
		"firstperson_lefthand": {
			"rotation": [-25.28, 1.83, -1.76],
			"translation": [1.25, 3.5, -1]
		},
		"ground": {
			"rotation": [3.37, -1.27, -41.55],
			"translation": [0, 10.75, 0],
			"scale": [0.7, 0.7, 0.7]
		},
		"gui": {
			"rotation": [-90, 45, 90],
			"translation": [0, 0.25, 0],
			"scale": [0.5, 0.5, 0.5]
		},
		"head": {
			"rotation": [-90, 42.5, -90],
			"translation": [4.25, -17.75, 4.75],
			"scale": [1.5, 1.5, 1.5]
		},
		"fixed": {
			"rotation": [-90, 45, 90],
			"scale": [0.6, 0.6, 0.6]
		}
	},
	"groups": [
		{
			"name": "group",
			"origin": [-4, -3.25, 8],
			"color": 0,
			"children": [0, 1, 2, 3, 4, 5]
		}
	]
}