{
	"credit": "wolf_awwent made with blockbench",
	"texture_size": [48, 48],
	"textures": {
		"1": "modelfoundry_mega_weapon_pack:mega_weapon_pack/spear_7",
		"particle": "modelfoundry_mega_weapon_pack:mega_weapon_pack/spear_7_e"
	},
	"elements": [
		{
			"from": [7.5, -10, 7.5],
			"to": [8.5, 11, 8.5],
			"rotation": {"angle": 0, "axis": "y", "origin": [-9, -4, 4]},
			"faces": {
				"north": {"uv": [5.33333, 8.66667, 5.66667, 15.66667], "texture": "#1"},
				"east": {"uv": [5.66667, 8.66667, 6, 15.66667], "texture": "#1"},
				"south": {"uv": [6, 8.66667, 6.33333, 15.66667], "texture": "#1"},
				"west": {"uv": [6.33333, 8.66667, 6.66667, 15.66667], "texture": "#1"},
				"up": {"uv": [1, 11, 0.66667, 10.66667], "texture": "#1"},
				"down": {"uv": [1.33333, 10.66667, 1, 11], "texture": "#1"}
			}
		},
		{
			"from": [7.25, -10.5, 7.25],
			"to": [8.75, -9.5, 8.75],
			"rotation": {"angle": 0, "axis": "y", "origin": [8, -14.75, 8]},
			"faces": {
				"north": {"uv": [7.33333, 10.33333, 7.83333, 10.66667], "texture": "#1"},
				"east": {"uv": [8, 10.33333, 8.5, 10.66667], "texture": "#1"},
				"south": {"uv": [8.66667, 10.33333, 9.16667, 10.66667], "texture": "#1"},
				"west": {"uv": [0, 10.66667, 0.5, 11], "texture": "#1"},
				"up": {"uv": [10.5, 10.5, 10, 10], "texture": "#1"},
				"down": {"uv": [7.16667, 10.33333, 6.66667, 10.83333], "texture": "#1"}
			}
		},
		{
			"from": [6.98, 6.48, 6.98],
			"to": [9.02, 11.52, 9.02],
			"rotation": {"angle": 0, "axis": "y", "origin": [8, 11, 8]},
			"faces": {
				"north": {"uv": [6.66667, 8.66667, 7.33333, 10.33333], "texture": "#1"},
				"east": {"uv": [7.33333, 8.66667, 8, 10.33333], "texture": "#1"},
				"south": {"uv": [8, 8.66667, 8.66667, 10.33333], "texture": "#1"},
				"west": {"uv": [8.66667, 8.66667, 9.33333, 10.33333], "texture": "#1"},
				"up": {"uv": [10.66667, 9.33333, 10, 8.66667], "texture": "#1"},
				"down": {"uv": [10.66667, 9.33333, 10, 10], "texture": "#1"}
			}
		},
		{
			"from": [7.73, 11.48, 7.23],
			"to": [8.27, 26.52, 8.77],
			"rotation": {"angle": 0, "axis": "y", "origin": [7.25, 11, 8]},
			"faces": {
				"north": {"uv": [9.33333, 8.66667, 9.5, 13.66667], "texture": "#1"},
				"east": {"uv": [4, 8.66667, 4.5, 13.66667], "texture": "#1"},
				"south": {"uv": [9.66667, 8.66667, 9.83333, 13.66667], "texture": "#1"},
				"west": {"uv": [4.5, 8.66667, 4, 13.66667], "texture": "#1"},
				"up": {"uv": [1.5, 11.16667, 1.33333, 10.66667], "texture": "#1"},
				"down": {"uv": [1.83333, 10.66667, 1.66667, 11.16667], "texture": "#1"}
			}
		},
		{
			"from": [8, 6, -1.75],
			"to": [8, 32, 17.75],
			"rotation": {"angle": 0, "axis": "y", "origin": [-8.5, -4, 6.25]},
			"faces": {
				"north": {"uv": [0, 0, 0, 8.66667], "texture": "#1"},
				"east": {"uv": [0, 0, 6.5, 8.66667], "texture": "#1"},
				"south": {"uv": [0, 0, 0, 8.66667], "texture": "#1"},
				"west": {"uv": [6.66667, 0, 13.16667, 8.66667], "texture": "#1"},
				"up": {"uv": [0, 6.5, 0, 0], "texture": "#1"},
				"down": {"uv": [0, 0, 0, 6.5], "texture": "#1"}
			}
		},
		{
			"from": [8, -16, 5.25],
			"to": [8, -10.5, 10.75],
			"rotation": {"angle": 0, "axis": "y", "origin": [-8.5, -4, 13.25]},
			"faces": {
				"north": {"uv": [0, 0, 0, 1.83333], "texture": "#1"},
				"east": {"uv": [0, 8.66667, 1.83333, 10.5], "texture": "#1"},
				"south": {"uv": [0, 0, 0, 1.83333], "texture": "#1"},
				"west": {"uv": [2, 8.66667, 3.83333, 10.5], "texture": "#1"},
				"up": {"uv": [0, 1.83333, 0, 0], "texture": "#1"},
				"down": {"uv": [0, 0, 0, 1.83333], "texture": "#1"}
			}
		}
	],
	"gui_light": "front",
	"display": {
		"thirdperson_righthand": {
			"translation": [0, 9, 1.25]
		},
		"thirdperson_lefthand": {
			"translation": [0, 9, 1.25]
		},
		"firstperson_righthand": {
			"rotation": [-25.73, 4, -3.23],
			"translation": [1.25, 2, -1]
		},
		"firstperson_lefthand": {
			"rotation": [-25.73, 4, -3.23],
			"translation": [1.25, 2, -1]
		},
		"ground": {
			"rotation": [3.37, -1.27, -41.55],
			"translation": [0, 10.75, 0],
			"scale": [0.7, 0.7, 0.7]
		},
		"gui": {
			"rotation": [-90, 45, 90],
			"translation": [0.25, 0, 0],
			"scale": [0.45, 0.45, 0.45]
		},
		"head": {
			"rotation": [-90, 38.75, -90],
			"translation": [4.25, -16, 4.75],
			"scale": [1.5, 1.5, 1.5]
		},
		"fixed": {
			"rotation": [-90, 45, 90],
			"translation": [0.25, -0.25, 0],
			"scale": [0.6, 0.6, 0.6]
		}
	},
	"groups": [
		{
			"name": "group",
			"origin": [-4, -3.25, 8],
			"color": 0,
			"children": [0, 1, 2, 3, 4, 5]
		}
	]
}