{
	"credit": "wolf_awwent made with blockbench",
	"texture_size": [40, 40],
	"textures": {
		"2": "modelfoundry_mega_weapon_pack:mega_weapon_pack/spear_9"
	},
	"elements": [
		{
			"from": [7.75, -9, 7.5],
			"to": [8.25, 12.5, 8.5],
			"rotation": {"angle": 0, "axis": "y", "origin": [-8.75, -4, 4]},
			"faces": {
				"north": {"uv": [12, 7.2, 12.2, 15.8], "texture": "#2"},
				"east": {"uv": [11.2, 7.2, 11.6, 15.8], "texture": "#2"},
				"south": {"uv": [12.4, 7.2, 12.6, 15.8], "texture": "#2"},
				"west": {"uv": [11.6, 7.2, 12, 15.8], "texture": "#2"},
				"up": {"uv": [13, 7.6, 12.8, 7.2], "texture": "#2"},
				"down": {"uv": [13, 7.6, 12.8, 8], "texture": "#2"}
			}
		},
		{
			"from": [8, -16, 5.25],
			"to": [8, -7.5, 10.75],
			"rotation": {"angle": 0, "axis": "y", "origin": [8.75, -3.43629, 8]},
			"faces": {
				"north": {"uv": [0, 0, 0, 3.4], "texture": "#2"},
				"east": {"uv": [11.2, 0, 13.4, 3.4], "texture": "#2"},
				"south": {"uv": [0, 0, 0, 3.4], "texture": "#2"},
				"west": {"uv": [11.2, 3.6, 13.4, 7], "texture": "#2"},
				"up": {"uv": [0, 2.2, 0, 0], "texture": "#2"},
				"down": {"uv": [0, 0, 0, 2.2], "texture": "#2"}
			}
		},
		{
			"from": [8, 10, 11.75],
			"to": [8, 21, 18.25],
			"rotation": {"angle": -45, "axis": "y", "origin": [8, 15.5, 11.75]},
			"faces": {
				"north": {"uv": [0, 0, 0, 4.4], "texture": "#2"},
				"east": {"uv": [0, 10, 2.6, 14.4], "texture": "#2"},
				"south": {"uv": [0, 0, 0, 4.4], "texture": "#2"},
				"west": {"uv": [2.8, 10, 5.4, 14.4], "texture": "#2"},
				"up": {"uv": [0, 2.6, 0, 0], "texture": "#2"},
				"down": {"uv": [0, 0, 0, 2.6], "texture": "#2"}
			}
		},
		{
			"from": [8, 10, 11.75],
			"to": [8, 21, 18.25],
			"rotation": {"angle": 45, "axis": "y", "origin": [8, 15.5, 11.75]},
			"faces": {
				"north": {"uv": [0, 0, 0, 4.4], "texture": "#2"},
				"east": {"uv": [5.6, 10, 8.2, 14.4], "texture": "#2"},
				"south": {"uv": [0, 0, 0, 4.4], "texture": "#2"},
				"west": {"uv": [8.4, 10, 11, 14.4], "texture": "#2"},
				"up": {"uv": [0, 2.6, 0, 0], "texture": "#2"},
				"down": {"uv": [0, 0, 0, 2.6], "texture": "#2"}
			}
		},
		{
			"from": [8, 7, 1.25],
			"to": [8, 32, 14.75],
			"rotation": {"angle": 0, "axis": "y", "origin": [-8.5, -4, 3.25]},
			"faces": {
				"north": {"uv": [0, 0, 0, 10], "texture": "#2"},
				"east": {"uv": [0, 0, 5.4, 10], "texture": "#2"},
				"south": {"uv": [0, 0, 0, 10], "texture": "#2"},
				"west": {"uv": [5.6, 0, 11, 10], "texture": "#2"},
				"up": {"uv": [0, 5.4, 0, 0], "texture": "#2"},
				"down": {"uv": [0, 0, 0, 5.4], "texture": "#2"}
			}
		}
	],
	"gui_light": "front",
	"display": {
		"thirdperson_righthand": {
			"translation": [0, 7, 1.5]
		},
		"thirdperson_lefthand": {
			"translation": [0, 7, 1.5]
		},
		"firstperson_righthand": {
			"rotation": [-23.13, 5.71, 0.01],
			"translation": [0.5, 0.75, 0]
		},
		"firstperson_lefthand": {
			"rotation": [-23.13, 5.71, 0.01],
			"translation": [0.5, 0.75, 0]
		},
		"ground": {
			"rotation": [3.37, -1.27, -41.55],
			"translation": [0, 10.75, 0],
			"scale": [0.7, 0.7, 0.7]
		},
		"gui": {
			"rotation": [-90, 45, 90],
			"translation": [0, 0.25, 0],
			"scale": [0.5, 0.5, 0.5]
		},
		"head": {
			"rotation": [-90, 42.5, -90],
			"translation": [4.25, -17.75, 4.75],
			"scale": [1.5, 1.5, 1.5]
		},
		"fixed": {
			"rotation": [-90, 45, 90],
			"scale": [0.6, 0.6, 0.6]
		}
	},
	"groups": [
		{
			"name": "group",
			"origin": [-4, -3.25, 8],
			"color": 0,
			"children": [0, 1, 2, 3, 4]
		}
	]
}