{
	"credit": "wolf_awwent made with blockbench",
	"texture_size": [80, 80],
	"textures": {
		"3": "modelfoundry_mega_weapon_pack:mega_weapon_pack/spear_10"
	},
	"elements": [
		{
			"from": [7.5, -12, 7.5],
			"to": [8.5, 15.5, 8.5],
			"rotation": {"angle": 0, "axis": "y", "origin": [-9, -4, 4]},
			"faces": {
				"north": {"uv": [3.2, 10.4, 3.4, 15.9], "texture": "#3"},
				"east": {"uv": [3.4, 10.4, 3.6, 15.9], "texture": "#3"},
				"south": {"uv": [3.6, 10.4, 3.8, 15.9], "texture": "#3"},
				"west": {"uv": [3.8, 10.4, 4, 15.9], "texture": "#3"},
				"up": {"uv": [9, 10.6, 8.8, 10.4], "texture": "#3"},
				"down": {"uv": [9.2, 10.4, 9, 10.6], "texture": "#3"}
			}
		},
		{
			"from": [7.25, -12.5, 7.25],
			"to": [8.75, -11, 8.75],
			"rotation": {"angle": 0, "axis": "y", "origin": [8, -14.75, 8]},
			"faces": {
				"north": {"uv": [5.6, 10.4, 5.9, 10.7], "texture": "#3"},
				"east": {"uv": [6, 10.4, 6.3, 10.7], "texture": "#3"},
				"south": {"uv": [6.4, 10.4, 6.7, 10.7], "texture": "#3"},
				"west": {"uv": [6.8, 10.4, 7.1, 10.7], "texture": "#3"},
				"up": {"uv": [7.5, 10.7, 7.2, 10.4], "texture": "#3"},
				"down": {"uv": [7.9, 10.4, 7.6, 10.7], "texture": "#3"}
			}
		},
		{
			"from": [7.25, 14, 7.25],
			"to": [8.75, 16, 8.75],
			"rotation": {"angle": 0, "axis": "y", "origin": [8, -14.75, 8]},
			"faces": {
				"north": {"uv": [4, 10.4, 4.3, 10.8], "texture": "#3"},
				"east": {"uv": [4.4, 10.4, 4.7, 10.8], "texture": "#3"},
				"south": {"uv": [4.8, 10.4, 5.1, 10.8], "texture": "#3"},
				"west": {"uv": [5.2, 10.4, 5.5, 10.8], "texture": "#3"},
				"up": {"uv": [8.3, 10.7, 8, 10.4], "texture": "#3"},
				"down": {"uv": [8.7, 10.4, 8.4, 10.7], "texture": "#3"}
			}
		},
		{
			"from": [8, 6, -1.75],
			"to": [8, 32, 17.75],
			"rotation": {"angle": 0, "axis": "y", "origin": [-8.5, -4, 6.25]},
			"faces": {
				"north": {"uv": [0, 0, 0, 5.2], "texture": "#3"},
				"east": {"uv": [0, 0, 3.9, 5.2], "texture": "#3"},
				"south": {"uv": [0, 0, 0, 5.2], "texture": "#3"},
				"west": {"uv": [4, 0, 7.9, 5.2], "texture": "#3"},
				"up": {"uv": [0, 3.9, 0, 0], "texture": "#3"},
				"down": {"uv": [0, 0, 0, 3.9], "texture": "#3"}
			}
		},
		{
			"from": [8, 6, -1.75],
			"to": [8, 32, 17.75],
			"rotation": {"angle": 0, "axis": "y", "origin": [-8.5, -4, 6.25]},
			"faces": {
				"north": {"uv": [0, 0, 0, 5.2], "texture": "#3"},
				"east": {"uv": [0, 5.2, 3.9, 10.4], "texture": "#3"},
				"south": {"uv": [0, 0, 0, 5.2], "texture": "#3"},
				"west": {"uv": [4, 5.2, 7.9, 10.4], "texture": "#3"},
				"up": {"uv": [0, 3.9, 0, 0], "texture": "#3"},
				"down": {"uv": [0, 0, 0, 3.9], "texture": "#3"}
			}
		},
		{
			"from": [-1.75, 6, 8],
			"to": [17.75, 32, 8],
			"rotation": {"angle": 0, "axis": "y", "origin": [8, 19, 8]},
			"faces": {
				"north": {"uv": [8, 0, 11.9, 5.2], "texture": "#3"},
				"east": {"uv": [0, 0, 0, 5.2], "texture": "#3"},
				"south": {"uv": [8, 5.2, 11.9, 10.4], "texture": "#3"},
				"west": {"uv": [0, 0, 0, 5.2], "texture": "#3"},
				"up": {"uv": [3.9, 0, 0, 0], "texture": "#3"},
				"down": {"uv": [3.9, 0, 0, 0], "texture": "#3"}
			}
		},
		{
			"from": [8, -16, 4.25],
			"to": [8, -11.5, 11.75],
			"rotation": {"angle": 0, "axis": "y", "origin": [-8.5, -4, 13.25]},
			"faces": {
				"north": {"uv": [0, 0, 0, 0.9], "texture": "#3"},
				"east": {"uv": [0, 10.4, 1.5, 11.3], "texture": "#3"},
				"south": {"uv": [0, 0, 0, 0.9], "texture": "#3"},
				"west": {"uv": [1.6, 10.4, 3.1, 11.3], "texture": "#3"},
				"up": {"uv": [0, 1.5, 0, 0], "texture": "#3"},
				"down": {"uv": [0, 0, 0, 1.5], "texture": "#3"}
			}
		}
	],
	"gui_light": "front",
	"display": {
		"thirdperson_righthand": {
			"translation": [0, 7, 1.5]
		},
		"thirdperson_lefthand": {
			"translation": [0, 7, 1.5]
		},
		"firstperson_righthand": {
			"rotation": [-23.13, 5.71, 0.01],
			"translation": [1.5, 0.75, 0]
		},
		"firstperson_lefthand": {
			"rotation": [-23.13, 5.71, 0.01],
			"translation": [1.5, 0.75, 0]
		},
		"ground": {
			"rotation": [3.37, -1.27, -41.55],
			"translation": [0, 10.75, 0],
			"scale": [0.7, 0.7, 0.7]
		},
		"gui": {
			"rotation": [-90, 45, 90],
			"translation": [0, 0.25, 0],
			"scale": [0.5, 0.5, 0.5]
		},
		"head": {
			"rotation": [-90, 42.5, -90],
			"translation": [4.25, -17.75, 4.75],
			"scale": [1.5, 1.5, 1.5]
		},
		"fixed": {
			"rotation": [-90, 45, 90],
			"scale": [0.6, 0.6, 0.6]
		}
	},
	"groups": [
		{
			"name": "group",
			"origin": [-4, -3.25, 8],
			"color": 0,
			"children": [0, 1, 2, 3, 4, 5, 6]
		}
	]
}