{
	"credit": "wolf_awwent made with blockbench",
	"texture_size": [48, 48],
	"textures": {
		"1": "modelfoundry_mega_weapon_pack:mega_weapon_pack/spear_2",
		"particle": "modelfoundry_mega_weapon_pack:mega_weapon_pack/spear_2"
	},
	"elements": [
		{
			"from": [7.5, -14, 7.5],
			"to": [8.5, 8, 8.5],
			"rotation": {"angle": 0, "axis": "y", "origin": [-9, -4, 4]},
			"faces": {
				"north": {"uv": [3.33333, 8.66667, 3.66667, 16], "texture": "#1"},
				"east": {"uv": [3.66667, 8.66667, 4, 16], "texture": "#1"},
				"south": {"uv": [4, 8.66667, 4.33333, 16], "texture": "#1"},
				"west": {"uv": [4.33333, 8.66667, 4.66667, 16], "texture": "#1"},
				"up": {"uv": [7, 9, 6.66667, 8.66667], "texture": "#1"},
				"down": {"uv": [7.33333, 8.66667, 7, 9], "texture": "#1"}
			}
		},
		{
			"from": [8, -16, 5.75],
			"to": [8, -9.5, 10.25],
			"rotation": {"angle": 0, "axis": "y", "origin": [-7.25, -4, 4.5]},
			"faces": {
				"north": {"uv": [0, 0, 0, 2.16667], "texture": "#1"},
				"east": {"uv": [3.16667, 8.66667, 1.66667, 10.83333], "texture": "#1"},
				"south": {"uv": [0, 0, 0, 2.16667], "texture": "#1"},
				"west": {"uv": [1.66667, 8.66667, 3.16667, 10.83333], "texture": "#1"},
				"up": {"uv": [0, 1.5, 0, 0], "texture": "#1"},
				"down": {"uv": [0, 0, 0, 1.5], "texture": "#1"}
			}
		},
		{
			"from": [8, 6, 1.25],
			"to": [8, 32, 14.75],
			"rotation": {"angle": 0, "axis": "y", "origin": [-8.5, -4, 3.25]},
			"faces": {
				"north": {"uv": [0, 0, 0, 8.66667], "texture": "#1"},
				"east": {"uv": [9.16667, 0, 4.66667, 8.66667], "texture": "#1"},
				"south": {"uv": [9.16667, 0, 4.66667, 8.66667], "texture": "#1"},
				"west": {"uv": [4.66667, 0, 9.16667, 8.66667], "texture": "#1"},
				"up": {"uv": [0, 4.5, 0, 0], "texture": "#1"},
				"down": {"uv": [0, 0, 0, 4.5], "texture": "#1"}
			}
		},
		{
			"from": [7.75, 16, 5.25],
			"to": [8.25, 25.5, 7.25],
			"rotation": {"angle": 0, "axis": "y", "origin": [-8.25, -4, 3.25]},
			"faces": {
				"north": {"uv": [6, 8.66667, 6.16667, 11.83333], "texture": "#1"},
				"east": {"uv": [4.66667, 8.66667, 5.33333, 11.83333], "texture": "#1"},
				"south": {"uv": [6.33333, 8.66667, 6.5, 11.83333], "texture": "#1"},
				"west": {"uv": [5.33333, 8.66667, 6, 11.83333], "texture": "#1"},
				"up": {"uv": [7.5, 9.33333, 7.33333, 8.66667], "texture": "#1"},
				"down": {"uv": [7.83333, 8.66667, 7.66667, 9.33333], "texture": "#1"}
			}
		},
		{
			"from": [7.75, 16, 8.75],
			"to": [8.25, 25.5, 10.75],
			"rotation": {"angle": 0, "axis": "y", "origin": [-8.25, -4, 12.75]},
			"faces": {
				"north": {"uv": [6.5, 8.66667, 6.33333, 11.83333], "texture": "#1"},
				"east": {"uv": [5.33333, 8.66667, 4.66667, 11.83333], "texture": "#1"},
				"south": {"uv": [6.16667, 8.66667, 6, 11.83333], "texture": "#1"},
				"west": {"uv": [6, 8.66667, 5.33333, 11.83333], "texture": "#1"},
				"up": {"uv": [7.5, 8.66667, 7.33333, 9.33333], "texture": "#1"},
				"down": {"uv": [7.83333, 9.33333, 7.66667, 8.66667], "texture": "#1"}
			}
		}
	],
	"gui_light": "front",
	"display": {
		"thirdperson_righthand": {
			"translation": [0, 8.5, 1.5]
		},
		"thirdperson_lefthand": {
			"translation": [0, 8.5, 1.5]
		},
		"firstperson_righthand": {
			"rotation": [-31.94, 2.86, -3.78],
			"translation": [1.25, 3.5, -1]
		},
		"firstperson_lefthand": {
			"rotation": [-31.94, 2.86, -3.78],
			"translation": [1.25, 3.5, -1]
		},
		"ground": {
			"rotation": [3.37, -1.27, -41.55],
			"translation": [0, 10.75, 0],
			"scale": [0.7, 0.7, 0.7]
		},
		"gui": {
			"rotation": [-90, 45, 90],
			"translation": [0, 0.25, 0],
			"scale": [0.5, 0.5, 0.5]
		},
		"head": {
			"rotation": [-90, 42.5, -90],
			"translation": [4.25, -17.75, 4.75],
			"scale": [1.5, 1.5, 1.5]
		},
		"fixed": {
			"rotation": [-90, 45, 90],
			"translation": [-0.25, 0.25, 0],
			"scale": [0.6, 0.6, 0.6]
		}
	},
	"groups": [
		{
			"name": "group",
			"origin": [-4, -3.25, 8],
			"color": 0,
			"children": [0, 1, 2, 3, 4]
		}
	]
}