{
	"credit": "wolf_awwent made with blockbench",
	"texture_size": [64, 64],
	"textures": {
		"2": "modelfoundry_mega_weapon_pack:mega_weapon_pack/spear_4",
		"particle": "modelfoundry_mega_weapon_pack:mega_weapon_pack/spear_4"
	},
	"elements": [
		{
			"from": [7.5, -14, 7.5],
			"to": [8.5, 15, 8.5],
			"rotation": {"angle": 0, "axis": "y", "origin": [-9, -4, 4]},
			"faces": {
				"north": {"uv": [4.5, 7, 4.75, 14.25], "texture": "#2"},
				"east": {"uv": [4.75, 7, 5, 14.25], "texture": "#2"},
				"south": {"uv": [5, 7, 5.25, 14.25], "texture": "#2"},
				"west": {"uv": [5.25, 7, 5.5, 14.25], "texture": "#2"},
				"up": {"uv": [7.75, 2.75, 7.5, 2.5], "texture": "#2"},
				"down": {"uv": [7.75, 2.75, 7.5, 3], "texture": "#2"}
			}
		},
		{
			"from": [5.25, -10, 5.25],
			"to": [10.75, -10, 10.75],
			"rotation": {"angle": 0, "axis": "y", "origin": [8, -14.75, 8]},
			"faces": {
				"north": {"uv": [0, 0, 1.375, 0], "texture": "#2"},
				"east": {"uv": [0, 0, 1.375, 0], "texture": "#2"},
				"south": {"uv": [0, 0, 1.375, 0], "texture": "#2"},
				"west": {"uv": [0, 0, 1.375, 0], "texture": "#2"},
				"up": {"uv": [5.875, 6.875, 4.5, 5.5], "texture": "#2"},
				"down": {"uv": [7.375, 5.5, 6, 6.875], "texture": "#2"}
			}
		},
		{
			"from": [7.25, -7.18629, 7.25],
			"to": [8.75, -5.68629, 8.75],
			"rotation": {"angle": 0, "axis": "y", "origin": [8, -3.43629, 8]},
			"faces": {
				"north": {"uv": [5.5, 7, 5.875, 7.375], "texture": "#2"},
				"east": {"uv": [6, 7, 6.375, 7.375], "texture": "#2"},
				"south": {"uv": [6.5, 7, 6.875, 7.375], "texture": "#2"},
				"west": {"uv": [7, 7, 7.375, 7.375], "texture": "#2"},
				"up": {"uv": [7.875, 1.875, 7.5, 1.5], "texture": "#2"},
				"down": {"uv": [7.875, 2, 7.5, 2.375], "texture": "#2"}
			}
		},
		{
			"from": [6.98, 11.73, 6.98],
			"to": [9.02, 13.52, 9.02],
			"rotation": {"angle": 0, "axis": "y", "origin": [8, 11, 8]},
			"faces": {
				"north": {"uv": [7, 1.5, 7.5, 2], "texture": "#2"},
				"east": {"uv": [7, 2, 7.5, 2.5], "texture": "#2"},
				"south": {"uv": [7, 2.5, 7.5, 3], "texture": "#2"},
				"west": {"uv": [7, 3, 7.5, 3.5], "texture": "#2"},
				"up": {"uv": [7.5, 4, 7, 3.5], "texture": "#2"},
				"down": {"uv": [7.5, 4, 7, 4.5], "texture": "#2"}
			}
		},
		{
			"from": [6.48, 11.48, 6.48],
			"to": [9.52, 12.52, 9.52],
			"rotation": {"angle": 0, "axis": "y", "origin": [8, 11, 8]},
			"faces": {
				"north": {"uv": [7, 4.5, 7.75, 4.75], "texture": "#2"},
				"east": {"uv": [7, 4.75, 7.75, 5], "texture": "#2"},
				"south": {"uv": [7, 5, 7.75, 5.25], "texture": "#2"},
				"west": {"uv": [7, 5.25, 7.75, 5.5], "texture": "#2"},
				"up": {"uv": [7.75, 0.75, 7, 0], "texture": "#2"},
				"down": {"uv": [7.75, 0.75, 7, 1.5], "texture": "#2"}
			}
		},
		{
			"from": [8, 10, 1.25],
			"to": [8, 32, 14.75],
			"rotation": {"angle": 0, "axis": "y", "origin": [-8.5, -4, 3.25]},
			"faces": {
				"north": {"uv": [0, 0, 0, 5.5], "texture": "#2"},
				"east": {"uv": [0, 0, 3.375, 5.5], "texture": "#2"},
				"south": {"uv": [0, 0, 0, 5.5], "texture": "#2"},
				"west": {"uv": [3.5, 0, 6.875, 5.5], "texture": "#2"},
				"up": {"uv": [0, 3.375, 0, 0], "texture": "#2"},
				"down": {"uv": [0, 0, 0, 3.375], "texture": "#2"}
			}
		},
		{
			"from": [7, 4.4, 4.65],
			"to": [7, 13.4, 13.15],
			"rotation": {"angle": -22.5, "axis": "x", "origin": [7, 8.5, 8]},
			"faces": {
				"north": {"uv": [0, 0, 0, 2.25], "texture": "#2"},
				"east": {"uv": [0, 5.5, 2.125, 7.75], "texture": "#2"},
				"south": {"uv": [0, 0, 0, 2.25], "texture": "#2"},
				"west": {"uv": [2.25, 5.5, 4.375, 7.75], "texture": "#2"},
				"up": {"uv": [0, 2.125, 0, 0], "texture": "#2"},
				"down": {"uv": [0, 0, 0, 2.125], "texture": "#2"}
			}
		}
	],
	"gui_light": "front",
	"display": {
		"thirdperson_righthand": {
			"translation": [0, 8.25, 1.5]
		},
		"thirdperson_lefthand": {
			"translation": [0, 8.25, 1.5]
		},
		"firstperson_righthand": {
			"rotation": [-16.1, 7.46, -1.88],
			"translation": [1.25, 4, -0.5]
		},
		"firstperson_lefthand": {
			"rotation": [-16.51, 6.54, 1.24],
			"translation": [1.25, 4, -0.5]
		},
		"ground": {
			"rotation": [3.37, -1.27, -41.55],
			"translation": [0, 10.75, 0],
			"scale": [0.7, 0.7, 0.7]
		},
		"gui": {
			"rotation": [-90, 45, 90],
			"translation": [0, 0.75, 0],
			"scale": [0.5, 0.5, 0.5]
		},
		"head": {
			"rotation": [-90, 42.5, -90],
			"translation": [4.25, -17.75, 4.75],
			"scale": [1.5, 1.5, 1.5]
		},
		"fixed": {
			"rotation": [-90, 45, 90],
			"scale": [0.6, 0.6, 0.6]
		}
	},
	"groups": [
		{
			"name": "group",
			"origin": [-4, -3.25, 8],
			"color": 0,
			"children": [0, 1, 2, 3, 4, 5, 6]
		}
	]
}