{
	"credit": "wolf_awwent made with blockbench",
	"texture_size": [48, 48],
	"textures": {
		"2": "modelfoundry_mega_weapon_pack:mega_weapon_pack/staff_10",
		"particle": "modelfoundry_mega_weapon_pack:mega_weapon_pack/staff_10"
	},
	"elements": [
		{
			"from": [7.5, -7.5, 7.5],
			"to": [8.5, 13.5, 8.5],
			"rotation": {"angle": 0, "axis": "y", "origin": [8.25, -1.63833, 6.33885]},
			"faces": {
				"north": {"uv": [9, 6.66667, 9.33333, 13.66667], "texture": "#2"},
				"east": {"uv": [9, 6.66667, 9.33333, 13.66667], "texture": "#2"},
				"south": {"uv": [9, 6.66667, 9.33333, 13.66667], "texture": "#2"},
				"west": {"uv": [9, 6.66667, 9.33333, 13.66667], "texture": "#2"},
				"up": {"uv": [9.66667, 11, 9.33333, 10.66667], "texture": "#2"},
				"down": {"uv": [11, 9.33333, 10.66667, 9.66667], "texture": "#2"}
			}
		},
		{
			"from": [6.5, 16, 6.5],
			"to": [9.5, 16.5, 9.5],
			"rotation": {"angle": 0, "axis": "y", "origin": [8.5, 17.5, 8.5]},
			"faces": {
				"north": {"uv": [10.33333, 8, 11.33333, 8.16667], "texture": "#2"},
				"east": {"uv": [10.33333, 8.33333, 11.33333, 8.5], "texture": "#2"},
				"south": {"uv": [10.66667, 8.66667, 11.66667, 8.83333], "texture": "#2"},
				"west": {"uv": [10.66667, 9, 11.66667, 9.16667], "texture": "#2"},
				"up": {"uv": [10.33333, 7.66667, 9.33333, 6.66667], "texture": "#2"},
				"down": {"uv": [10.33333, 7.66667, 9.33333, 8.66667], "texture": "#2"}
			}
		},
		{
			"from": [7, 13, 7],
			"to": [9, 16, 9],
			"rotation": {"angle": 0, "axis": "y", "origin": [8, 17.5, 8]},
			"faces": {
				"north": {"uv": [9.33333, 8.66667, 10, 9.66667], "texture": "#2"},
				"east": {"uv": [9.33333, 9.66667, 10, 10.66667], "texture": "#2"},
				"south": {"uv": [10, 8.66667, 10.66667, 9.66667], "texture": "#2"},
				"west": {"uv": [10, 9.66667, 10.66667, 10.66667], "texture": "#2"},
				"up": {"uv": [11, 7.33333, 10.33333, 6.66667], "texture": "#2"},
				"down": {"uv": [11, 7.33333, 10.33333, 8], "texture": "#2"}
			}
		},
		{
			"from": [8, 9, -3.75],
			"to": [8, 32, 19.75],
			"rotation": {"angle": 0, "axis": "y", "origin": [8, -0.63833, 11.58885]},
			"faces": {
				"north": {"uv": [0, 0, 0, 7.66667], "texture": "#2"},
				"east": {"uv": [0, 0, 7.83333, 7.66667], "texture": "#2"},
				"south": {"uv": [0, 0, 0, 7.66667], "texture": "#2"},
				"west": {"uv": [0, 7.66667, 7.83333, 15.33333], "texture": "#2"},
				"up": {"uv": [0, 7.83333, 0, 0], "texture": "#2"},
				"down": {"uv": [0, 0, 0, 7.83333], "texture": "#2"}
			}
		},
		{
			"from": [8, -16, 3.25],
			"to": [8, -6, 12.75],
			"rotation": {"angle": 0, "axis": "y", "origin": [8, -0.63833, 9.58885]},
			"faces": {
				"north": {"uv": [0, 0, 0, 3.33333], "texture": "#2"},
				"east": {"uv": [8, 0, 11.16667, 3.33333], "texture": "#2"},
				"south": {"uv": [0, 0, 0, 3.33333], "texture": "#2"},
				"west": {"uv": [8, 3.33333, 11.16667, 6.66667], "texture": "#2"},
				"up": {"uv": [0, 3.16667, 0, 0], "texture": "#2"},
				"down": {"uv": [0, 0, 0, 3.16667], "texture": "#2"}
			}
		}
	],
	"gui_light": "front",
	"display": {
		"thirdperson_righthand": {
			"translation": [0, 4.75, 1.25]
		},
		"thirdperson_lefthand": {
			"translation": [0, 4.75, 1.25]
		},
		"firstperson_righthand": {
			"rotation": [-31.24, 2.83, -0.06],
			"translation": [1.5, 5.25, 0.5],
			"scale": [0.8, 0.8, 0.8]
		},
		"firstperson_lefthand": {
			"rotation": [-31.24, 2.83, -0.06],
			"translation": [1.5, 5.25, 0.5],
			"scale": [0.8, 0.8, 0.8]
		},
		"ground": {
			"rotation": [-31.91, -6.41, 22.24],
			"translation": [0, 13, 0],
			"scale": [0.8, 0.8, 0.8]
		},
		"gui": {
			"rotation": [-90, 46.75, 90],
			"translation": [0.25, 0.25, 0],
			"scale": [0.4, 0.4, 0.4]
		},
		"head": {
			"rotation": [-90, 42.5, -90],
			"translation": [1, -16.75, 4.75]
		},
		"fixed": {
			"rotation": [-90, 46.75, 90],
			"translation": [0.25, -0.25, 0],
			"scale": [0.5, 0.5, 0.5]
		}
	},
	"groups": [
		{
			"name": "group",
			"origin": [-4, -3.25, 8.0625],
			"color": 0,
			"children": [0, 1, 2, 3, 4]
		}
	]
}