{
	"credit": "wolf_awwent made with blockbench",
	"texture_size": [48, 48],
	"textures": {
		"1": "modelfoundry_mega_weapon_pack:mega_weapon_pack/staff_5",
		"particle": "modelfoundry_mega_weapon_pack:mega_weapon_pack/staff_5"
	},
	"elements": [
		{
			"from": [7.25, -7, 7.25],
			"to": [8.75, 14, 8.75],
			"rotation": {"angle": 0, "axis": "y", "origin": [8, -1.63833, 6.08885]},
			"faces": {
				"north": {"uv": [6, 0, 6.5, 7], "texture": "#1"},
				"east": {"uv": [6.66667, 0, 7.16667, 7], "texture": "#1"},
				"south": {"uv": [6, 7, 6.5, 14], "texture": "#1"},
				"west": {"uv": [6.66667, 7, 7.16667, 14], "texture": "#1"},
				"up": {"uv": [9.5, 7.5, 9, 7], "texture": "#1"},
				"down": {"uv": [9.5, 7.66667, 9, 8.16667], "texture": "#1"}
			}
		},
		{
			"from": [7, 12.5, 7],
			"to": [9, 16.5, 9],
			"rotation": {"angle": 0, "axis": "y", "origin": [8, 17.5, 8]},
			"faces": {
				"north": {"uv": [8, 2.66667, 8.66667, 4], "texture": "#1"},
				"east": {"uv": [8, 4, 8.66667, 5.33333], "texture": "#1"},
				"south": {"uv": [8, 5.33333, 8.66667, 6.66667], "texture": "#1"},
				"west": {"uv": [8, 6.66667, 8.66667, 8], "texture": "#1"},
				"up": {"uv": [9.66667, 3.66667, 9, 3], "texture": "#1"},
				"down": {"uv": [9.66667, 3.66667, 9, 4.33333], "texture": "#1"}
			}
		},
		{
			"from": [7.75, 17.5, 7.25],
			"to": [8.25, 27.5, 8.75],
			"rotation": {"angle": 0, "axis": "y", "origin": [7.25, 17.5, 8]},
			"faces": {
				"north": {"uv": [8.66667, 3, 8.83333, 6.33333], "texture": "#1"},
				"east": {"uv": [7.33333, 2.66667, 7.83333, 6], "texture": "#1"},
				"south": {"uv": [8.83333, 3, 8.66667, 6.33333], "texture": "#1"},
				"west": {"uv": [7.33333, 6, 7.83333, 9.33333], "texture": "#1"},
				"up": {"uv": [8.16667, 9.5, 8, 9], "texture": "#1"},
				"down": {"uv": [8.5, 9, 8.33333, 9.5], "texture": "#1"}
			}
		},
		{
			"from": [6, 16.5, 6],
			"to": [10, 17.5, 10],
			"rotation": {"angle": 0, "axis": "y", "origin": [8, 17.5, 8]},
			"faces": {
				"north": {"uv": [9, 4.33333, 10.33333, 4.66667], "texture": "#1"},
				"east": {"uv": [9, 4.66667, 10.33333, 5], "texture": "#1"},
				"south": {"uv": [9, 5, 10.33333, 5.33333], "texture": "#1"},
				"west": {"uv": [9, 5.33333, 10.33333, 5.66667], "texture": "#1"},
				"up": {"uv": [8.66667, 1.33333, 7.33333, 0], "texture": "#1"},
				"down": {"uv": [8.66667, 1.33333, 7.33333, 2.66667], "texture": "#1"}
			}
		},
		{
			"from": [7, -9.5, 7],
			"to": [9, -6.5, 9],
			"rotation": {"angle": 0, "axis": "y", "origin": [8, 17.5, 8]},
			"faces": {
				"north": {"uv": [8, 8, 8.66667, 9], "texture": "#1"},
				"east": {"uv": [8.66667, 0, 9.33333, 1], "texture": "#1"},
				"south": {"uv": [8.66667, 1, 9.33333, 2], "texture": "#1"},
				"west": {"uv": [8.66667, 2, 9.33333, 3], "texture": "#1"},
				"up": {"uv": [9.66667, 6.33333, 9, 5.66667], "texture": "#1"},
				"down": {"uv": [9.66667, 6.33333, 9, 7], "texture": "#1"}
			}
		},
		{
			"from": [8, 16, -0.75],
			"to": [8, 32, 16.75],
			"rotation": {"angle": 0, "axis": "y", "origin": [8, -0.63833, 8.58885]},
			"faces": {
				"north": {"uv": [0, 0, 0, 5.33333], "texture": "#1"},
				"east": {"uv": [0, 0, 5.83333, 5.33333], "texture": "#1"},
				"south": {"uv": [0, 0, 0, 5.33333], "texture": "#1"},
				"west": {"uv": [0, 5.33333, 5.83333, 10.66667], "texture": "#1"},
				"up": {"uv": [0, 5.83333, 0, 0], "texture": "#1"},
				"down": {"uv": [0, 0, 0, 5.83333], "texture": "#1"}
			}
		}
	],
	"gui_light": "front",
	"display": {
		"thirdperson_righthand": {
			"translation": [0, 0.75, 1.5]
		},
		"thirdperson_lefthand": {
			"translation": [0, 0.75, 1.5]
		},
		"firstperson_righthand": {
			"rotation": [-21.33, 4.98, 1.24],
			"translation": [1.5, 0.25, 0.5],
			"scale": [0.8, 0.8, 0.8]
		},
		"firstperson_lefthand": {
			"rotation": [-21.33, 4.98, 1.24],
			"translation": [1.5, 0.25, 0.5],
			"scale": [0.8, 0.8, 0.8]
		},
		"ground": {
			"rotation": [-31.91, -6.41, 22.24],
			"translation": [0, 13, 0],
			"scale": [0.8, 0.8, 0.8]
		},
		"gui": {
			"rotation": [-90, 46.75, 90],
			"translation": [1, -1, 0],
			"scale": [0.5, 0.5, 0.5]
		},
		"head": {
			"rotation": [-90, 42.5, -90],
			"translation": [0.25, -15.5, 4.75]
		},
		"fixed": {
			"rotation": [-90, 46.75, 90],
			"translation": [1.25, -1.5, 0],
			"scale": [0.5, 0.5, 0.5]
		}
	},
	"groups": [
		{
			"name": "group",
			"origin": [-4, -3.25, 8.0625],
			"color": 0,
			"children": [0, 1, 2, 3, 4, 5]
		}
	]
}