{
	"credit": "wolf_awwent made with blockbench",
	"texture_size": [56, 56],
	"textures": {
		"2": "modelfoundry_mega_weapon_pack:mega_weapon_pack/staff_8",
		"particle": "modelfoundry_mega_weapon_pack:mega_weapon_pack/staff_8"
	},
	"elements": [
		{
			"from": [7.5, -12.5, 7.5],
			"to": [8.5, 18.5, 8.5],
			"rotation": {"angle": 0, "axis": "y", "origin": [8.25, -1.63833, 6.33885]},
			"faces": {
				"north": {"uv": [5.71429, 6.57143, 6, 15.42857], "texture": "#2"},
				"east": {"uv": [6, 6.57143, 6.28571, 15.42857], "texture": "#2"},
				"south": {"uv": [6.28571, 6.57143, 6.57143, 15.42857], "texture": "#2"},
				"west": {"uv": [6.57143, 6.57143, 6.85714, 15.42857], "texture": "#2"},
				"up": {"uv": [7.14286, 8, 6.85714, 7.71429], "texture": "#2"},
				"down": {"uv": [7.42857, 7.71429, 7.14286, 8], "texture": "#2"}
			}
		},
		{
			"from": [7, 17, 7],
			"to": [9, 18, 9],
			"rotation": {"angle": 0, "axis": "y", "origin": [8, 17.5, 8]},
			"faces": {
				"north": {"uv": [7.42857, 6.57143, 8, 6.85714], "texture": "#2"},
				"east": {"uv": [7.42857, 6.85714, 8, 7.14286], "texture": "#2"},
				"south": {"uv": [7.42857, 7.14286, 8, 7.42857], "texture": "#2"},
				"west": {"uv": [7.42857, 7.42857, 8, 7.71429], "texture": "#2"},
				"up": {"uv": [7.42857, 7.14286, 6.85714, 6.57143], "texture": "#2"},
				"down": {"uv": [7.42857, 7.14286, 6.85714, 7.71429], "texture": "#2"}
			}
		},
		{
			"from": [8, 9, -1.75],
			"to": [8, 32, 17.75],
			"rotation": {"angle": 0, "axis": "y", "origin": [8, -0.63833, 9.58885]},
			"faces": {
				"north": {"uv": [0, 0, 0, 6.57143], "texture": "#2"},
				"east": {"uv": [0, 0, 5.57143, 6.57143], "texture": "#2"},
				"south": {"uv": [0, 0, 0, 6.57143], "texture": "#2"},
				"west": {"uv": [5.71429, 0, 11.28571, 6.57143], "texture": "#2"},
				"up": {"uv": [0, 5.57143, 0, 0], "texture": "#2"},
				"down": {"uv": [0, 0, 0, 5.57143], "texture": "#2"}
			}
		},
		{
			"from": [8, -16, 3.25],
			"to": [8, -10, 12.75],
			"rotation": {"angle": 0, "axis": "y", "origin": [8, -0.63833, 9.58885]},
			"faces": {
				"north": {"uv": [0, 0, 0, 1.71429], "texture": "#2"},
				"east": {"uv": [0, 6.57143, 2.71429, 8.28571], "texture": "#2"},
				"south": {"uv": [0, 0, 0, 1.71429], "texture": "#2"},
				"west": {"uv": [2.85714, 6.57143, 5.57143, 8.28571], "texture": "#2"},
				"up": {"uv": [0, 2.71429, 0, 0], "texture": "#2"},
				"down": {"uv": [0, 0, 0, 2.71429], "texture": "#2"}
			}
		}
	],
	"gui_light": "front",
	"display": {
		"thirdperson_righthand": {
			"translation": [0, 6.75, 1.25]
		},
		"thirdperson_lefthand": {
			"translation": [0, 6.75, 1.25]
		},
		"firstperson_righthand": {
			"rotation": [-29.08, 4.98, 1.24],
			"translation": [1.5, 2.5, 0.5],
			"scale": [0.8, 0.8, 0.8]
		},
		"firstperson_lefthand": {
			"rotation": [-29.08, 4.98, 1.24],
			"translation": [1.5, 2.5, 0.5],
			"scale": [0.8, 0.8, 0.8]
		},
		"ground": {
			"rotation": [-31.91, -6.41, 22.24],
			"translation": [0, 13, 0],
			"scale": [0.8, 0.8, 0.8]
		},
		"gui": {
			"rotation": [-90, 46.75, 90],
			"translation": [0.5, -1, 0],
			"scale": [0.4, 0.4, 0.4]
		},
		"head": {
			"rotation": [-90, 42.5, -90],
			"translation": [2.75, -17.5, 4.75]
		},
		"fixed": {
			"rotation": [-90, 46.75, 90],
			"translation": [1.25, -0.25, 0],
			"scale": [0.5, 0.5, 0.5]
		}
	},
	"groups": [
		{
			"name": "group",
			"origin": [-4, -3.25, 8.0625],
			"color": 0,
			"children": [0, 1, 2, 3]
		}
	]
}