{
	"credit": "wolf_awwent made with blockbench",
	"texture_size": [48, 48],
	"textures": {
		"4": "modelfoundry_mega_weapon_pack:mega_weapon_pack/staff_6",
		"particle": "modelfoundry_mega_weapon_pack:mega_weapon_pack/staff_6"
	},
	"elements": [
		{
			"from": [7.25, -7, 7.25],
			"to": [8.75, 18, 8.75],
			"rotation": {"angle": 0, "axis": "y", "origin": [8, -1.63833, 6.08885]},
			"faces": {
				"north": {"uv": [6, 6.66667, 6.5, 15], "texture": "#4"},
				"east": {"uv": [6.66667, 6.66667, 7.16667, 15], "texture": "#4"},
				"south": {"uv": [7.33333, 6.66667, 7.83333, 15], "texture": "#4"},
				"west": {"uv": [8, 6.66667, 8.5, 15], "texture": "#4"},
				"up": {"uv": [9.16667, 7.83333, 8.66667, 7.33333], "texture": "#4"},
				"down": {"uv": [9.16667, 8, 8.66667, 8.5], "texture": "#4"}
			}
		},
		{
			"from": [7, 11.5, 7],
			"to": [9, 12.5, 9],
			"rotation": {"angle": 0, "axis": "y", "origin": [8, 17.5, 8]},
			"faces": {
				"north": {"uv": [8.66667, 8.66667, 9.33333, 9], "texture": "#4"},
				"east": {"uv": [8.66667, 9, 9.33333, 9.33333], "texture": "#4"},
				"south": {"uv": [9.33333, 2, 10, 2.33333], "texture": "#4"},
				"west": {"uv": [9.33333, 2.33333, 10, 2.66667], "texture": "#4"},
				"up": {"uv": [9.33333, 2.66667, 8.66667, 2], "texture": "#4"},
				"down": {"uv": [9.33333, 2.66667, 8.66667, 3.33333], "texture": "#4"}
			}
		},
		{
			"from": [7, -7.5, 7],
			"to": [9, -6.5, 9],
			"rotation": {"angle": 0, "axis": "y", "origin": [8, 17.5, 8]},
			"faces": {
				"north": {"uv": [9.33333, 2.66667, 10, 3], "texture": "#4"},
				"east": {"uv": [9.33333, 3, 10, 3.33333], "texture": "#4"},
				"south": {"uv": [9.33333, 3.33333, 10, 3.66667], "texture": "#4"},
				"west": {"uv": [9.33333, 3.66667, 10, 4], "texture": "#4"},
				"up": {"uv": [9.33333, 4, 8.66667, 3.33333], "texture": "#4"},
				"down": {"uv": [9.33333, 4, 8.66667, 4.66667], "texture": "#4"}
			}
		},
		{
			"from": [7, 15.5, 7],
			"to": [9, 16.5, 9],
			"rotation": {"angle": 0, "axis": "y", "origin": [8, 17.5, 8]},
			"faces": {
				"north": {"uv": [9.33333, 4, 10, 4.33333], "texture": "#4"},
				"east": {"uv": [9.33333, 4.33333, 10, 4.66667], "texture": "#4"},
				"south": {"uv": [9.33333, 4.66667, 10, 5], "texture": "#4"},
				"west": {"uv": [9.33333, 5, 10, 5.33333], "texture": "#4"},
				"up": {"uv": [9.33333, 5.33333, 8.66667, 4.66667], "texture": "#4"},
				"down": {"uv": [9.33333, 5.33333, 8.66667, 6], "texture": "#4"}
			}
		},
		{
			"from": [6.5, 13.5, 6.5],
			"to": [9.5, 14.5, 9.5],
			"rotation": {"angle": 0, "axis": "y", "origin": [8.5, 17.5, 8.5]},
			"faces": {
				"north": {"uv": [8.66667, 6, 9.66667, 6.33333], "texture": "#4"},
				"east": {"uv": [8.66667, 6.33333, 9.66667, 6.66667], "texture": "#4"},
				"south": {"uv": [8.66667, 6.66667, 9.66667, 7], "texture": "#4"},
				"west": {"uv": [8.66667, 7, 9.66667, 7.33333], "texture": "#4"},
				"up": {"uv": [9.66667, 1, 8.66667, 0], "texture": "#4"},
				"down": {"uv": [9.66667, 1, 8.66667, 2], "texture": "#4"}
			}
		},
		{
			"from": [8, -16, 4.25],
			"to": [8, -6.5, 11.75],
			"rotation": {"angle": 0, "axis": "y", "origin": [7, 17.5, 8.25]},
			"faces": {
				"north": {"uv": [0, 0, 0, 3.16667], "texture": "#4"},
				"east": {"uv": [6, 0, 8.5, 3.16667], "texture": "#4"},
				"south": {"uv": [0, 0, 0, 3.16667], "texture": "#4"},
				"west": {"uv": [6, 3.33333, 8.5, 6.5], "texture": "#4"},
				"up": {"uv": [0, 2.5, 0, 0], "texture": "#4"},
				"down": {"uv": [0, 0, 0, 2.5], "texture": "#4"}
			}
		},
		{
			"from": [8, 16, -0.75],
			"to": [8, 32, 16.75],
			"rotation": {"angle": 0, "axis": "y", "origin": [8, -0.63833, 8.58885]},
			"faces": {
				"north": {"uv": [0, 0, 0, 5.33333], "texture": "#4"},
				"east": {"uv": [0, 0, 5.83333, 5.33333], "texture": "#4"},
				"south": {"uv": [0, 0, 0, 5.33333], "texture": "#4"},
				"west": {"uv": [0, 5.33333, 5.83333, 10.66667], "texture": "#4"},
				"up": {"uv": [0, 5.83333, 0, 0], "texture": "#4"},
				"down": {"uv": [0, 0, 0, 5.83333], "texture": "#4"}
			}
		}
	],
	"gui_light": "front",
	"display": {
		"thirdperson_righthand": {
			"translation": [0, 5, 2]
		},
		"thirdperson_lefthand": {
			"translation": [0, 5, 2]
		},
		"firstperson_righthand": {
			"rotation": [-26.83, 4.98, 1.24],
			"translation": [1.5, 3.25, 0.5],
			"scale": [0.8, 0.8, 0.8]
		},
		"firstperson_lefthand": {
			"rotation": [-26.83, 4.98, 1.24],
			"translation": [2.75, 3.25, 0.5],
			"scale": [0.8, 0.8, 0.8]
		},
		"ground": {
			"rotation": [-31.91, -6.41, 22.24],
			"translation": [0, 13, 0],
			"scale": [0.8, 0.8, 0.8]
		},
		"gui": {
			"rotation": [-90, 46.75, 90],
			"translation": [0.5, -0.25, 0],
			"scale": [0.4, 0.4, 0.4]
		},
		"head": {
			"rotation": [-90, 42.5, -90],
			"translation": [2.75, -17.5, 4.75]
		},
		"fixed": {
			"rotation": [-90, 46.75, 90],
			"translation": [1.25, -1.5, 0],
			"scale": [0.5, 0.5, 0.5]
		}
	},
	"groups": [
		{
			"name": "group",
			"origin": [-4, -3.25, 8.0625],
			"color": 0,
			"children": [0, 1, 2, 3, 4, 5, 6]
		}
	]
}