{
	"credit": "wolf_awwent made with blockbench",
	"texture_size": [56, 56],
	"textures": {
		"5": "modelfoundry_mega_weapon_pack:mega_weapon_pack/staff_2",
		"particle": "modelfoundry_mega_weapon_pack:mega_weapon_pack/staff_2"
	},
	"elements": [
		{
			"from": [7.25, -10, 7.25],
			"to": [8.75, 18, 8.75],
			"rotation": {"angle": 0, "axis": "y", "origin": [8, -0.63833, 6.08885]},
			"faces": {
				"north": {"uv": [0, 6.85714, 0.42857, 14.85714], "texture": "#5"},
				"east": {"uv": [0.57143, 6.85714, 1, 14.85714], "texture": "#5"},
				"south": {"uv": [1.14286, 6.85714, 1.57143, 14.85714], "texture": "#5"},
				"west": {"uv": [1.71429, 6.85714, 2.14286, 14.85714], "texture": "#5"},
				"up": {"uv": [3.85714, 8.14286, 3.42857, 7.71429], "texture": "#5"},
				"down": {"uv": [4.42857, 7.71429, 4, 8.14286], "texture": "#5"}
			}
		},
		{
			"from": [7, 17.5, 7],
			"to": [9, 20, 9],
			"rotation": {"angle": 0, "axis": "y", "origin": [8, -0.63833, 6.08885]},
			"faces": {
				"north": {"uv": [2.28571, 6.85714, 2.85714, 7.57143], "texture": "#5"},
				"east": {"uv": [2.85714, 6.85714, 3.42857, 7.57143], "texture": "#5"},
				"south": {"uv": [3.42857, 6.85714, 4, 7.57143], "texture": "#5"},
				"west": {"uv": [4, 6.85714, 4.57143, 7.57143], "texture": "#5"},
				"up": {"uv": [5.14286, 7.42857, 4.57143, 6.85714], "texture": "#5"},
				"down": {"uv": [5.71429, 6.85714, 5.14286, 7.42857], "texture": "#5"}
			}
		},
		{
			"from": [7, 21.5, 7],
			"to": [9, 23.5, 9],
			"rotation": {"angle": 0, "axis": "y", "origin": [8, -0.63833, 6.08885]},
			"faces": {
				"north": {"uv": [5.71429, 6.85714, 6.28571, 7.42857], "texture": "#5"},
				"east": {"uv": [6.28571, 6.85714, 6.85714, 7.42857], "texture": "#5"},
				"south": {"uv": [6.85714, 6.85714, 7.42857, 7.42857], "texture": "#5"},
				"west": {"uv": [4.57143, 7.42857, 5.14286, 8], "texture": "#5"},
				"up": {"uv": [5.71429, 8, 5.14286, 7.42857], "texture": "#5"},
				"down": {"uv": [6.28571, 7.42857, 5.71429, 8], "texture": "#5"}
			}
		},
		{
			"from": [7, -10.5, 7],
			"to": [9, -8.5, 9],
			"rotation": {"angle": 0, "axis": "y", "origin": [8, -0.63833, 6.08885]},
			"faces": {
				"north": {"uv": [6.28571, 7.42857, 6.85714, 8], "texture": "#5"},
				"east": {"uv": [6.85714, 7.42857, 7.42857, 8], "texture": "#5"},
				"south": {"uv": [7.42857, 6.85714, 8, 7.42857], "texture": "#5"},
				"west": {"uv": [7.42857, 7.42857, 8, 8], "texture": "#5"},
				"up": {"uv": [2.85714, 8.28571, 2.28571, 7.71429], "texture": "#5"},
				"down": {"uv": [3.42857, 7.71429, 2.85714, 8.28571], "texture": "#5"}
			}
		},
		{
			"from": [8, 16, 0.5],
			"to": [8, 32, 15.5],
			"rotation": {"angle": 0, "axis": "y", "origin": [8, -0.63833, 6.83885]},
			"faces": {
				"north": {"uv": [0, 0, 0, 4.57143], "texture": "#5"},
				"east": {"uv": [8.57143, 0, 4.28571, 4.57143], "texture": "#5"},
				"south": {"uv": [0, 0, 0, 4.57143], "texture": "#5"},
				"west": {"uv": [4.28571, 0, 8.57143, 4.57143], "texture": "#5"},
				"up": {"uv": [0, 4.28571, 0, 0], "texture": "#5"},
				"down": {"uv": [0, 0, 0, 4.28571], "texture": "#5"}
			}
		},
		{
			"from": [8, -16, 0.875],
			"to": [8, -8, 15.125],
			"rotation": {"angle": 0, "axis": "y", "origin": [8, -0.63833, 7.21385]},
			"faces": {
				"north": {"uv": [0, 0, 0, 2.28571], "texture": "#5"},
				"east": {"uv": [0, 4.57143, 4.14286, 6.85714], "texture": "#5"},
				"south": {"uv": [0, 0, 0, 2.28571], "texture": "#5"},
				"west": {"uv": [4.28571, 4.57143, 8.42857, 6.85714], "texture": "#5"},
				"up": {"uv": [0, 4.14286, 0, 0], "texture": "#5"},
				"down": {"uv": [0, 0, 0, 4.14286], "texture": "#5"}
			}
		}
	],
	"gui_light": "front",
	"display": {
		"thirdperson_righthand": {
			"translation": [0, 3.25, 1.75]
		},
		"thirdperson_lefthand": {
			"translation": [0, 3.25, 1.75]
		},
		"firstperson_righthand": {
			"rotation": [-20.83, 4.98, 1.24],
			"translation": [1.5, -0.25, 0.5],
			"scale": [0.8, 0.8, 0.8]
		},
		"firstperson_lefthand": {
			"rotation": [-20.83, 4.98, 1.24],
			"translation": [1.5, -0.25, 0.5],
			"scale": [0.8, 0.8, 0.8]
		},
		"ground": {
			"rotation": [-31.91, -6.41, 22.24],
			"translation": [0, 13, 0],
			"scale": [0.8, 0.8, 0.8]
		},
		"gui": {
			"rotation": [-90, 46.75, 90],
			"translation": [0.5, -0.75, 0],
			"scale": [0.4, 0.4, 0.4]
		},
		"head": {
			"rotation": [-90, 42.5, -90],
			"translation": [0, -17.5, 4.75]
		},
		"fixed": {
			"rotation": [-90, 46.75, 90],
			"translation": [1.25, -1.5, 0],
			"scale": [0.5, 0.5, 0.5]
		}
	},
	"groups": [
		{
			"name": "group",
			"origin": [-4, -3.25, 8],
			"color": 0,
			"children": [0, 1, 2, 3, 4, 5]
		}
	]
}