{
	"credit": "wolf_awwent made with blockbench",
	"texture_size": [96, 96],
	"textures": {
		"3": "modelfoundry_mega_weapon_pack:mega_weapon_pack/staff_9",
		"particle": "modelfoundry_mega_weapon_pack:mega_weapon_pack/staff_9"
	},
	"elements": [
		{
			"from": [7.5, -14.5, 7.5],
			"to": [8.5, 8.5, 8.5],
			"rotation": {"angle": 0, "axis": "y", "origin": [8.25, -1.63833, 6.33885]},
			"faces": {
				"north": {"uv": [7.5, 5.5, 7.66667, 9.33333], "texture": "#3"},
				"east": {"uv": [7.5, 5.5, 7.66667, 9.33333], "texture": "#3"},
				"south": {"uv": [7.5, 5.5, 7.66667, 9.33333], "texture": "#3"},
				"west": {"uv": [7.5, 5.5, 7.66667, 9.33333], "texture": "#3"},
				"up": {"uv": [6.16667, 7.83333, 6, 7.66667], "texture": "#3"},
				"down": {"uv": [7.83333, 6, 7.66667, 6.16667], "texture": "#3"}
			}
		},
		{
			"from": [7, 8, 7],
			"to": [9, 9, 9],
			"rotation": {"angle": 0, "axis": "y", "origin": [8, 17.5, 8]},
			"faces": {
				"north": {"uv": [7.66667, 5.5, 8, 5.66667], "texture": "#3"},
				"east": {"uv": [5.66667, 7.66667, 6, 7.83333], "texture": "#3"},
				"south": {"uv": [7.66667, 5.66667, 8, 5.83333], "texture": "#3"},
				"west": {"uv": [7.66667, 5.83333, 8, 6], "texture": "#3"},
				"up": {"uv": [4.66667, 8, 4.33333, 7.66667], "texture": "#3"},
				"down": {"uv": [5, 7.66667, 4.66667, 8], "texture": "#3"}
			}
		},
		{
			"from": [7.25, -16, 7.25],
			"to": [8.75, -13, 8.75],
			"rotation": {"angle": 0, "axis": "y", "origin": [8, 17.5, 8]},
			"faces": {
				"north": {"uv": [3.33333, 7.66667, 3.58333, 8.16667], "texture": "#3"},
				"east": {"uv": [3.33333, 7.66667, 3.58333, 8.16667], "texture": "#3"},
				"south": {"uv": [3.33333, 7.66667, 3.58333, 8.16667], "texture": "#3"},
				"west": {"uv": [3.33333, 7.66667, 3.58333, 8.16667], "texture": "#3"},
				"up": {"uv": [5.25, 7.91667, 5, 7.66667], "texture": "#3"},
				"down": {"uv": [5.58333, 7.66667, 5.33333, 7.91667], "texture": "#3"}
			}
		},
		{
			"from": [6.5, 9, 6.5],
			"to": [9.5, 12, 9.5],
			"rotation": {"angle": 0, "axis": "y", "origin": [7.5, 17.5, 7.5]},
			"faces": {
				"north": {"uv": [1.5, 7.66667, 2, 8.16667], "texture": "#3"},
				"east": {"uv": [1.5, 7.66667, 2, 8.16667], "texture": "#3"},
				"south": {"uv": [1.5, 7.66667, 2, 8.16667], "texture": "#3"},
				"west": {"uv": [1.5, 7.66667, 2, 8.16667], "texture": "#3"},
				"up": {"uv": [2.5, 8.16667, 2, 7.66667], "texture": "#3"},
				"down": {"uv": [3, 7.66667, 2.5, 8.16667], "texture": "#3"}
			}
		},
		{
			"from": [8, 4, -1.75],
			"to": [8, 27, 17.75],
			"rotation": {"angle": 0, "axis": "y", "origin": [8, -0.63833, 9.58885]},
			"faces": {
				"north": {"uv": [0, 0, 0, 3.83333], "texture": "#3"},
				"east": {"uv": [0, 0, 3.25, 3.83333], "texture": "#3"},
				"south": {"uv": [0, 0, 0, 3.83333], "texture": "#3"},
				"west": {"uv": [3.25, 0, 0, 3.83333], "texture": "#3"},
				"up": {"uv": [0, 3.25, 0, 0], "texture": "#3"},
				"down": {"uv": [0, 0, 0, 3.25], "texture": "#3"}
			}
		},
		{
			"from": [8, 4, -15.25],
			"to": [8, 27, -1.75],
			"rotation": {"angle": 0, "axis": "y", "origin": [8, -0.63833, 10.08885]},
			"faces": {
				"north": {"uv": [0, 0, 0, 3.83333], "texture": "#3"},
				"east": {"uv": [0, 3.83333, 2.25, 7.66667], "texture": "#3"},
				"south": {"uv": [0, 0, 0, 3.83333], "texture": "#3"},
				"west": {"uv": [2.25, 3.83333, 0, 7.66667], "texture": "#3"},
				"up": {"uv": [0, 2.25, 0, 0], "texture": "#3"},
				"down": {"uv": [0, 0, 0, 2.25], "texture": "#3"}
			}
		},
		{
			"from": [8, 4, 17.75],
			"to": [8, 27, 31.25],
			"rotation": {"angle": 0, "axis": "y", "origin": [8, -0.63833, 5.91115]},
			"faces": {
				"north": {"uv": [0, 0, 0, 3.83333], "texture": "#3"},
				"east": {"uv": [4.66667, 3.83333, 6.91667, 7.66667], "texture": "#3"},
				"south": {"uv": [0, 0, 0, 3.83333], "texture": "#3"},
				"west": {"uv": [6.91667, 3.83333, 4.66667, 7.66667], "texture": "#3"},
				"up": {"uv": [0, 2.25, 0, 0], "texture": "#3"},
				"down": {"uv": [0, 0, 0, 2.25], "texture": "#3"}
			}
		},
		{
			"from": [8, 27, -15.25],
			"to": [8, 32, 31.25],
			"rotation": {"angle": 0, "axis": "y", "origin": [8, -2.63833, 5.91115]},
			"faces": {
				"north": {"uv": [0, 0, 0, 0.83333], "texture": "#3"},
				"east": {"uv": [7, 3.83333, 14.75, 4.66667], "texture": "#3"},
				"south": {"uv": [0, 0, 0, 0.83333], "texture": "#3"},
				"west": {"uv": [14.75, 3.83333, 7, 4.66667], "texture": "#3"},
				"up": {"uv": [0, 7.75, 0, 0], "texture": "#3"},
				"down": {"uv": [0, 0, 0, 7.75], "texture": "#3"}
			}
		}
	],
	"gui_light": "front",
	"display": {
		"thirdperson_righthand": {
			"translation": [0, 8.5, 1.25]
		},
		"thirdperson_lefthand": {
			"translation": [0, 8.5, 1.25]
		},
		"firstperson_righthand": {
			"rotation": [-21.33, 4.98, 1.24],
			"translation": [1.5, 4.5, 0],
			"scale": [0.8, 0.8, 0.8]
		},
		"firstperson_lefthand": {
			"rotation": [-21.33, 4.98, 1.24],
			"translation": [2, 4.5, 0],
			"scale": [0.8, 0.8, 0.8]
		},
		"ground": {
			"rotation": [-31.91, -6.41, 22.24],
			"translation": [0, 13, 0],
			"scale": [0.8, 0.8, 0.8]
		},
		"gui": {
			"rotation": [-90, 46.75, 90],
			"translation": [1.25, -1.25, 0],
			"scale": [0.4, 0.4, 0.4]
		},
		"head": {
			"rotation": [-90, 42.5, -90],
			"translation": [1.75, -13.5, 4.75]
		},
		"fixed": {
			"rotation": [-90, 46.75, 90],
			"translation": [1.75, -1.75, 0],
			"scale": [0.5, 0.5, 0.5]
		}
	},
	"groups": [
		{
			"name": "group",
			"origin": [-4, -3.25, 8.0625],
			"color": 0,
			"children": [0, 1, 2, 3, 4, 5, 6, 7]
		}
	]
}