{
	"credit": "wolf_awwent made with blockbench",
	"texture_size": [48, 48],
	"textures": {
		"2": "modelfoundry_mega_weapon_pack:mega_weapon_pack/staff_4",
		"particle": "modelfoundry_mega_weapon_pack:mega_weapon_pack/staff_4"
	},
	"elements": [
		{
			"from": [7.5, -6.75, 7.5],
			"to": [8.5, 16.5, 8.5],
			"rotation": {"angle": 0, "axis": "y", "origin": [8.25, -1.63833, 6.33885]},
			"faces": {
				"north": {"uv": [6, 6.66667, 6.33333, 14.5], "texture": "#2"},
				"east": {"uv": [7.33333, 6.66667, 7, 14.5], "texture": "#2"},
				"south": {"uv": [6.66667, 6.66667, 7, 14.5], "texture": "#2"},
				"west": {"uv": [7, 6.66667, 7.33333, 14.5], "texture": "#2"},
				"up": {"uv": [7.66667, 7, 7.33333, 6.66667], "texture": "#2"},
				"down": {"uv": [7.66667, 7, 7.33333, 7.33333], "texture": "#2"}
			}
		},
		{
			"from": [8, 14, -1],
			"to": [8, 32, 17],
			"rotation": {"angle": 0, "axis": "y", "origin": [8, -0.63833, 8.33885]},
			"faces": {
				"north": {"uv": [0, 0, 0, 6], "texture": "#2"},
				"east": {"uv": [0, 0, 6, 6], "texture": "#2"},
				"south": {"uv": [0, 0, 0, 6], "texture": "#2"},
				"west": {"uv": [0, 6, 6, 12], "texture": "#2"},
				"up": {"uv": [0, 6, 0, 0], "texture": "#2"},
				"down": {"uv": [0, 0, 0, 6], "texture": "#2"}
			}
		},
		{
			"from": [8, -15.75, 5.5],
			"to": [8, -5.75, 10.5],
			"rotation": {"angle": 0, "axis": "y", "origin": [9, -0.63833, 8.83885]},
			"faces": {
				"north": {"uv": [0, 0, 0, 3.33333], "texture": "#2"},
				"east": {"uv": [7.66667, 3.33333, 6, 6.66667], "texture": "#2"},
				"south": {"uv": [0, 0, 0, 3.33333], "texture": "#2"},
				"west": {"uv": [6, 3.33333, 7.66667, 6.66667], "texture": "#2"},
				"up": {"uv": [0, 1.66667, 0, 0], "texture": "#2"},
				"down": {"uv": [0, 0, 0, 1.66667], "texture": "#2"}
			}
		}
	],
	"gui_light": "front",
	"display": {
		"thirdperson_righthand": {
			"translation": [0, 4.75, 1.5]
		},
		"thirdperson_lefthand": {
			"translation": [0, 4.75, 1.5]
		},
		"firstperson_righthand": {
			"rotation": [-20.83, 4.98, 1.24],
			"translation": [1.5, -1.25, 0.5],
			"scale": [0.8, 0.8, 0.8]
		},
		"firstperson_lefthand": {
			"rotation": [-20.83, 4.98, 1.24],
			"translation": [1.5, -1.25, 0.5],
			"scale": [0.8, 0.8, 0.8]
		},
		"ground": {
			"rotation": [-31.91, -6.41, 22.24],
			"translation": [0, 13, 0],
			"scale": [0.8, 0.8, 0.8]
		},
		"gui": {
			"rotation": [-94.23, 46.6, 95.82],
			"translation": [1.5, -0.75, 0],
			"scale": [0.45, 0.45, 0.45]
		},
		"head": {
			"rotation": [-90, 42.5, -90],
			"translation": [0.75, -14.25, 4.75]
		},
		"fixed": {
			"rotation": [-90, 46.75, 90],
			"translation": [1.25, -1.5, 0],
			"scale": [0.5, 0.5, 0.5]
		}
	},
	"groups": [
		{
			"name": "group",
			"origin": [-4, -3.25, 8],
			"color": 0,
			"children": [0, 1, 2]
		}
	]
}