{
	"credit": "wolf_awwent made with blockbench",
	"texture_size": [72, 72],
	"textures": {
		"2": "modelfoundry_mega_weapon_pack:mega_weapon_pack/staff_7",
		"particle": "modelfoundry_mega_weapon_pack:mega_weapon_pack/staff_7"
	},
	"elements": [
		{
			"from": [7.5, -12.5, 7.5],
			"to": [8.5, 16.5, 8.5],
			"rotation": {"angle": 0, "axis": "y", "origin": [8.25, -1.63833, 6.33885]},
			"faces": {
				"north": {"uv": [0, 8.44444, 0.22222, 14.88889], "texture": "#2"},
				"east": {"uv": [0.22222, 8.44444, 0.44444, 14.88889], "texture": "#2"},
				"south": {"uv": [0.44444, 8.44444, 0.66667, 14.88889], "texture": "#2"},
				"west": {"uv": [0.66667, 8.44444, 0.88889, 14.88889], "texture": "#2"},
				"up": {"uv": [3.77778, 8.66667, 3.55556, 8.44444], "texture": "#2"},
				"down": {"uv": [4, 8.44444, 3.77778, 8.66667], "texture": "#2"}
			}
		},
		{
			"from": [7, 16, 7],
			"to": [9, 17, 9],
			"rotation": {"angle": 0, "axis": "y", "origin": [8, 17.5, 8]},
			"faces": {
				"north": {"uv": [1.77778, 8.44444, 2.22222, 8.66667], "texture": "#2"},
				"east": {"uv": [2.22222, 8.44444, 2.66667, 8.66667], "texture": "#2"},
				"south": {"uv": [2.66667, 8.44444, 3.11111, 8.66667], "texture": "#2"},
				"west": {"uv": [3.11111, 8.44444, 3.55556, 8.66667], "texture": "#2"},
				"up": {"uv": [1.33333, 8.88889, 0.88889, 8.44444], "texture": "#2"},
				"down": {"uv": [1.77778, 8.44444, 1.33333, 8.88889], "texture": "#2"}
			}
		},
		{
			"from": [8, 13, -1.75],
			"to": [8, 32, 17.75],
			"rotation": {"angle": 0, "axis": "y", "origin": [8, -0.63833, 9.58885]},
			"faces": {
				"north": {"uv": [0, 0, 0, 4.22222], "texture": "#2"},
				"east": {"uv": [0, 0, 4.33333, 4.22222], "texture": "#2"},
				"south": {"uv": [0, 0, 0, 4.22222], "texture": "#2"},
				"west": {"uv": [0, 4.22222, 4.33333, 8.44444], "texture": "#2"},
				"up": {"uv": [0, 4.33333, 0, 0], "texture": "#2"},
				"down": {"uv": [0, 0, 0, 4.33333], "texture": "#2"}
			}
		},
		{
			"from": [7.99, 1.49, -1.76],
			"to": [8.01, 20.51, 17.76],
			"rotation": {"angle": 0, "axis": "y", "origin": [9, -0.63833, 9.58885]},
			"faces": {
				"north": {"uv": [0, 0, 0, 4.22222], "texture": "#2"},
				"east": {"uv": [4.44444, 0, 8.77778, 4.22222], "texture": "#2"},
				"south": {"uv": [0, 0, 0, 4.22222], "texture": "#2"},
				"west": {"uv": [4.44444, 4.22222, 8.77778, 8.44444], "texture": "#2"},
				"up": {"uv": [0, 4.33333, 0, 0], "texture": "#2"},
				"down": {"uv": [0, 0, 0, 4.33333], "texture": "#2"}
			}
		}
	],
	"gui_light": "front",
	"display": {
		"thirdperson_righthand": {
			"translation": [0, 4.5, 2]
		},
		"thirdperson_lefthand": {
			"translation": [0, 4.5, 2]
		},
		"firstperson_righthand": {
			"rotation": [-28.33, 4.98, 1.24],
			"translation": [1.5, 4, 0.5],
			"scale": [0.8, 0.8, 0.8]
		},
		"firstperson_lefthand": {
			"rotation": [-28.33, 4.98, 1.24],
			"translation": [2.5, 4, 0.5],
			"scale": [0.8, 0.8, 0.8]
		},
		"ground": {
			"rotation": [-31.91, -6.41, 22.24],
			"translation": [0, 13, 0],
			"scale": [0.8, 0.8, 0.8]
		},
		"gui": {
			"rotation": [-90, 46.75, 90],
			"translation": [0.5, -1, 0],
			"scale": [0.4, 0.4, 0.4]
		},
		"head": {
			"rotation": [-90, 42.5, -90],
			"translation": [2, -16.5, 4.75]
		},
		"fixed": {
			"rotation": [-90, 46.75, 90],
			"translation": [1, -1.5, 0],
			"scale": [0.5, 0.5, 0.5]
		}
	},
	"groups": [
		{
			"name": "group",
			"origin": [-4, -3.25, 8.0625],
			"color": 0,
			"children": [0, 1, 2, 3]
		}
	]
}