{
	"credit": "wolf_awwent made with blockbench",
	"texture_size": [48, 48],
	"textures": {
		"1": "modelfoundry_mega_weapon_pack:mega_weapon_pack/staff_1",
		"particle": "modelfoundry_mega_weapon_pack:mega_weapon_pack/staff_1"
	},
	"elements": [
		{
			"from": [7.25, -13, 7],
			"to": [8.75, 18, 8.5],
			"rotation": {"angle": 0, "axis": "y", "origin": [8, -0.63833, 5.83885]},
			"faces": {
				"north": {"uv": [0, 5.33333, 0.5, 15.66667], "texture": "#1"},
				"east": {"uv": [0.66667, 5.33333, 1.16667, 15.66667], "texture": "#1"},
				"south": {"uv": [1.33333, 5.33333, 1.83333, 15.66667], "texture": "#1"},
				"west": {"uv": [2, 5.33333, 2.5, 15.66667], "texture": "#1"},
				"up": {"uv": [5.83333, 7.16667, 5.33333, 6.66667], "texture": "#1"},
				"down": {"uv": [7.16667, 5.33333, 6.66667, 5.83333], "texture": "#1"}
			}
		},
		{
			"from": [7, 17.5, 6.75],
			"to": [9, 20, 8.75],
			"rotation": {"angle": 0, "axis": "y", "origin": [8, -0.63833, 5.83885]},
			"faces": {
				"north": {"uv": [2.66667, 5.33333, 3.33333, 6.16667], "texture": "#1"},
				"east": {"uv": [3.33333, 5.33333, 4, 6.16667], "texture": "#1"},
				"south": {"uv": [4, 5.33333, 4.66667, 6.16667], "texture": "#1"},
				"west": {"uv": [4.66667, 5.33333, 5.33333, 6.16667], "texture": "#1"},
				"up": {"uv": [6, 6, 5.33333, 5.33333], "texture": "#1"},
				"down": {"uv": [6, 6, 5.33333, 6.66667], "texture": "#1"}
			}
		},
		{
			"from": [7, -9.5, 6.75],
			"to": [9, -7.5, 8.75],
			"rotation": {"angle": 0, "axis": "y", "origin": [8, -0.63833, 5.83885]},
			"faces": {
				"north": {"uv": [6, 5.33333, 6.66667, 6], "texture": "#1"},
				"east": {"uv": [6, 6, 6.66667, 6.66667], "texture": "#1"},
				"south": {"uv": [2.66667, 6.33333, 3.33333, 7], "texture": "#1"},
				"west": {"uv": [3.33333, 6.33333, 4, 7], "texture": "#1"},
				"up": {"uv": [4.66667, 7, 4, 6.33333], "texture": "#1"},
				"down": {"uv": [5.33333, 6.33333, 4.66667, 7], "texture": "#1"}
			}
		},
		{
			"from": [8, 16, 0.5],
			"to": [8, 32, 15.5],
			"rotation": {"angle": 0, "axis": "y", "origin": [8, -0.63833, 6.83885]},
			"faces": {
				"north": {"uv": [0, 0, 0, 5.33333], "texture": "#1"},
				"east": {"uv": [0, 0, 5, 5.33333], "texture": "#1"},
				"south": {"uv": [0, 0, 0, 5.33333], "texture": "#1"},
				"west": {"uv": [5, 0, 10, 5.33333], "texture": "#1"},
				"up": {"uv": [0, 5, 0, 0], "texture": "#1"},
				"down": {"uv": [0, 0, 0, 5], "texture": "#1"}
			}
		}
	],
	"gui_light": "front",
	"display": {
		"thirdperson_righthand": {
			"translation": [0, 3.25, 1.75]
		},
		"thirdperson_lefthand": {
			"translation": [0, 3.25, 1.75]
		},
		"firstperson_righthand": {
			"rotation": [-20.83, 4.98, 1.24],
			"translation": [1.5, -1.25, 0.5],
			"scale": [0.8, 0.8, 0.8]
		},
		"firstperson_lefthand": {
			"rotation": [-20.83, 4.98, 1.24],
			"translation": [4.75, -1.25, 0.5],
			"scale": [0.8, 0.8, 0.8]
		},
		"ground": {
			"rotation": [-31.91, -6.41, 22.24],
			"translation": [0, 13, 0],
			"scale": [0.8, 0.8, 0.8]
		},
		"gui": {
			"rotation": [-90, 46.75, 90],
			"translation": [0.5, -1, 0],
			"scale": [0.4, 0.4, 0.4]
		},
		"head": {
			"rotation": [-90, 42.5, -90],
			"translation": [2.75, -17.5, 4.75]
		},
		"fixed": {
			"rotation": [-90, 46.75, 90],
			"translation": [1.25, -1.5, 0],
			"scale": [0.5, 0.5, 0.5]
		}
	},
	"groups": [
		{
			"name": "group",
			"origin": [-4, -3.25, 8],
			"color": 0,
			"children": [0, 1, 2, 3]
		}
	]
}