{
	"credit": "wolf_awwent made with blockbench",
	"texture_size": [64, 64],
	"textures": {
		"3": "modelfoundry_mega_weapon_pack:mega_weapon_pack/staff_3",
		"particle": "modelfoundry_mega_weapon_pack:mega_weapon_pack/staff_3"
	},
	"elements": [
		{
			"from": [7.25, -7, 7.25],
			"to": [8.75, 17, 8.75],
			"rotation": {"angle": 0, "axis": "y", "origin": [8, -1.63833, 6.08885]},
			"faces": {
				"north": {"uv": [1.5, 8, 1.875, 14], "texture": "#3"},
				"east": {"uv": [1.5, 8, 1.875, 14], "texture": "#3"},
				"south": {"uv": [1.5, 8, 1.875, 14], "texture": "#3"},
				"west": {"uv": [1.5, 8, 1.875, 14], "texture": "#3"},
				"up": {"uv": [8.625, 0.875, 8.25, 0.5], "texture": "#3"},
				"down": {"uv": [8.625, 1, 8.25, 1.375], "texture": "#3"}
			}
		},
		{
			"from": [7, 16.5, 7],
			"to": [9, 18.5, 9],
			"rotation": {"angle": 45, "axis": "x", "origin": [8, 17.5, 8]},
			"faces": {
				"north": {"uv": [2, 8, 2.5, 8.5], "texture": "#3"},
				"east": {"uv": [4, 8, 3.5, 8.5], "texture": "#3"},
				"south": {"uv": [3, 8, 3.5, 8.5], "texture": "#3"},
				"west": {"uv": [3.5, 8, 4, 8.5], "texture": "#3"},
				"up": {"uv": [4.5, 8.5, 4, 8], "texture": "#3"},
				"down": {"uv": [8.5, 5.5, 8, 6], "texture": "#3"}
			}
		},
		{
			"from": [7, 16.5, 8.46447],
			"to": [9, 18.5, 10.46447],
			"rotation": {"angle": 45, "axis": "x", "origin": [8, 17.5, 4.46447]},
			"faces": {
				"north": {"uv": [8, 6, 8.5, 6.5], "texture": "#3"},
				"east": {"uv": [8.5, 7.5, 8, 8], "texture": "#3"},
				"south": {"uv": [8, 7, 8.5, 7.5], "texture": "#3"},
				"west": {"uv": [8, 7.5, 8.5, 8], "texture": "#3"},
				"up": {"uv": [8.5, 8.5, 8, 8], "texture": "#3"},
				"down": {"uv": [8.75, 0, 8.25, 0.5], "texture": "#3"}
			}
		},
		{
			"from": [8, 16, -1],
			"to": [8, 32, 17],
			"rotation": {"angle": 0, "axis": "y", "origin": [8, -0.63833, 8.33885]},
			"faces": {
				"north": {"uv": [0, 0, 0, 4], "texture": "#3"},
				"east": {"uv": [0, 0, 4.5, 4], "texture": "#3"},
				"south": {"uv": [0, 0, 0, 4], "texture": "#3"},
				"west": {"uv": [0, 4, 4.5, 8], "texture": "#3"},
				"up": {"uv": [0, 4.5, 0, 0], "texture": "#3"},
				"down": {"uv": [0, 0, 0, 4.5], "texture": "#3"}
			}
		},
		{
			"from": [7.99, 15.74, 4.74],
			"to": [8.01, 31.76, 11.26],
			"rotation": {"angle": 0, "axis": "y", "origin": [13, -0.63833, 14.08885]},
			"faces": {
				"north": {"uv": [0, 0, 0, 4], "texture": "#3"},
				"east": {"uv": [4.5, 5.5, 6.125, 9.5], "texture": "#3"},
				"south": {"uv": [0, 0, 0, 4], "texture": "#3"},
				"west": {"uv": [6.25, 5.5, 7.875, 9.5], "texture": "#3"},
				"up": {"uv": [0, 1.625, 0, 0], "texture": "#3"},
				"down": {"uv": [0, 0, 0, 1.625], "texture": "#3"}
			}
		},
		{
			"from": [8, -16, 0.875],
			"to": [8, -5, 15.125],
			"shade": false,
			"rotation": {"angle": 0, "axis": "y", "origin": [8, -1.63833, 7.21385]},
			"faces": {
				"north": {"uv": [0, 0, 0, 2.75], "texture": "#3"},
				"east": {"uv": [8.125, 2.75, 4.5, 5.5], "texture": "#3"},
				"south": {"uv": [0, 0, 0, 2.75], "texture": "#3"},
				"west": {"uv": [4.5, 2.75, 8.125, 5.5], "texture": "#3"},
				"up": {"uv": [0, 3.625, 0, 0], "texture": "#3"},
				"down": {"uv": [0, 0, 0, 3.625], "texture": "#3"}
			}
		}
	],
	"gui_light": "front",
	"display": {
		"thirdperson_righthand": {
			"translation": [0, 4, 1.5]
		},
		"thirdperson_lefthand": {
			"translation": [0, 4, 1.5]
		},
		"firstperson_righthand": {
			"rotation": [-20.83, 4.98, 1.24],
			"translation": [1.5, 0.25, 0.5],
			"scale": [0.8, 0.8, 0.8]
		},
		"firstperson_lefthand": {
			"rotation": [-20.83, 4.98, 1.24],
			"translation": [1.5, 0.25, 0.5],
			"scale": [0.8, 0.8, 0.8]
		},
		"ground": {
			"rotation": [-31.91, -6.41, 22.24],
			"translation": [0, 13, 0],
			"scale": [0.8, 0.8, 0.8]
		},
		"gui": {
			"rotation": [-90, 46.75, 90],
			"translation": [0.5, -0.5, 0],
			"scale": [0.4, 0.4, 0.4]
		},
		"head": {
			"rotation": [-90, 42.5, -90],
			"translation": [2.25, -16.5, 4.75]
		},
		"fixed": {
			"rotation": [-90, 46.75, 90],
			"translation": [1.25, -1, 0],
			"scale": [0.5, 0.5, 0.5]
		}
	},
	"groups": [
		{
			"name": "group",
			"origin": [-4, -3.25, 8],
			"color": 0,
			"children": [0, 1, 2, 3, 4, 5]
		}
	]
}