{
	"credit": "wolf_awwent made with blockbench",
	"texture_size": [32, 32],
	"textures": {
		"1": "modelfoundry_mega_weapon_pack:mega_weapon_pack/sword_6",
		"particle": "modelfoundry_mega_weapon_pack:mega_weapon_pack/sword_6_e"
	},
	"elements": [
		{
			"from": [7.5, -11.5, 7.48373],
			"to": [8.5, -4, 8.48373],
			"rotation": {"angle": 0, "axis": "y", "origin": [4, -4, 3.98373]},
			"faces": {
				"north": {"uv": [5.5, 6.5, 6, 10.25], "texture": "#1"},
				"east": {"uv": [7.5, 2, 8, 5.75], "texture": "#1"},
				"south": {"uv": [7.5, 6, 8, 9.75], "texture": "#1"},
				"west": {"uv": [8, 2, 8.5, 5.75], "texture": "#1"},
				"up": {"uv": [7.5, 8.5, 7, 8], "texture": "#1"},
				"down": {"uv": [9, 5, 8.5, 5.5], "texture": "#1"}
			}
		},
		{
			"from": [7.25, -12, 6.98373],
			"to": [8.75, -11.5, 8.98373],
			"rotation": {"angle": 0, "axis": "y", "origin": [4, -4, 3.98373]},
			"faces": {
				"north": {"uv": [10, 3, 10.75, 3.25], "texture": "#1"},
				"east": {"uv": [10, 1, 11, 1.25], "texture": "#1"},
				"south": {"uv": [10, 3.5, 10.75, 3.75], "texture": "#1"},
				"west": {"uv": [10, 1.5, 11, 1.75], "texture": "#1"},
				"up": {"uv": [9.75, 7.5, 9, 6.5], "texture": "#1"},
				"down": {"uv": [10.25, 7.5, 9.5, 8.5], "texture": "#1"}
			}
		},
		{
			"from": [7.25, -13, 6.98373],
			"to": [8.75, -12, 7.48373],
			"rotation": {"angle": 0, "axis": "y", "origin": [4, -4, 3.98373]},
			"faces": {
				"north": {"uv": [9, 1.5, 9.75, 2], "texture": "#1"},
				"east": {"uv": [8.5, 5.5, 8.75, 6], "texture": "#1"},
				"south": {"uv": [9, 9.5, 9.75, 10], "texture": "#1"},
				"west": {"uv": [9, 7.5, 9.25, 8], "texture": "#1"},
				"up": {"uv": [4.75, 10.25, 4, 10], "texture": "#1"},
				"down": {"uv": [10.75, 4, 10, 4.25], "texture": "#1"}
			}
		},
		{
			"from": [7.25, -13, 8.48373],
			"to": [8.75, -12, 8.98373],
			"rotation": {"angle": 0, "axis": "y", "origin": [4, -4, 3.98373]},
			"faces": {
				"north": {"uv": [10, 0, 10.75, 0.5], "texture": "#1"},
				"east": {"uv": [5, 10, 5.25, 10.5], "texture": "#1"},
				"south": {"uv": [10, 0.5, 10.75, 1], "texture": "#1"},
				"west": {"uv": [10, 6, 10.25, 6.5], "texture": "#1"},
				"up": {"uv": [10.75, 4.75, 10, 4.5], "texture": "#1"},
				"down": {"uv": [10.75, 5, 10, 5.25], "texture": "#1"}
			}
		},
		{
			"from": [7.25, -13.5, 6.98373],
			"to": [8.75, -13, 8.98373],
			"rotation": {"angle": 0, "axis": "y", "origin": [4, -4, 3.98373]},
			"faces": {
				"north": {"uv": [10, 5.5, 10.75, 5.75], "texture": "#1"},
				"east": {"uv": [10, 2, 11, 2.25], "texture": "#1"},
				"south": {"uv": [6, 10, 6.75, 10.25], "texture": "#1"},
				"west": {"uv": [10, 2.5, 11, 2.75], "texture": "#1"},
				"up": {"uv": [8.75, 10.5, 8, 9.5], "texture": "#1"},
				"down": {"uv": [10.25, 8.5, 9.5, 9.5], "texture": "#1"}
			}
		},
		{
			"from": [6.48, -4.52, 6.21373],
			"to": [9.52, -0.98, 9.75373],
			"rotation": {"angle": 0, "axis": "y", "origin": [8, -2.5, 7.98373]},
			"faces": {
				"north": {"uv": [5, 0, 6.5, 1.75], "texture": "#1"},
				"east": {"uv": [3, 0, 4.75, 1.75], "texture": "#1"},
				"south": {"uv": [5, 2, 6.5, 3.75], "texture": "#1"},
				"west": {"uv": [3, 2, 4.75, 3.75], "texture": "#1"},
				"up": {"uv": [7.5, 5.75, 6, 4], "texture": "#1"},
				"down": {"uv": [7.5, 6, 6, 7.75], "texture": "#1"}
			}
		},
		{
			"from": [6.98, -2.52, 6.71373],
			"to": [9.02, 1.02, 9.25373],
			"rotation": {"angle": 0, "axis": "y", "origin": [8, -2.5, 8.23373]},
			"faces": {
				"north": {"uv": [6, 8, 7, 9.75], "texture": "#1"},
				"east": {"uv": [4, 6.5, 5.25, 8.25], "texture": "#1"},
				"south": {"uv": [8, 6, 9, 7.75], "texture": "#1"},
				"west": {"uv": [7.5, 0, 8.75, 1.75], "texture": "#1"},
				"up": {"uv": [7.5, 3.75, 6.5, 2.5], "texture": "#1"},
				"down": {"uv": [10, 0, 9, 1.25], "texture": "#1"}
			}
		},
		{
			"from": [8, -3, 9.23373],
			"to": [8, -0.5, 11.73373],
			"rotation": {"angle": 0, "axis": "y", "origin": [8.5, -2.5, 8.23373]},
			"faces": {
				"north": {"uv": [0, 0, 0, 1.25], "texture": "#1"},
				"east": {"uv": [8, 8, 9.25, 9.25], "texture": "#1"},
				"south": {"uv": [0, 0, 0, 1.25], "texture": "#1"},
				"west": {"uv": [8.5, 2, 9.75, 3.25], "texture": "#1"},
				"up": {"uv": [0, 1.25, 0, 0], "texture": "#1"},
				"down": {"uv": [0, 0, 0, 1.25], "texture": "#1"}
			}
		},
		{
			"from": [7.99, -5.51, 10.22373],
			"to": [8.01, -2.99, 12.74373],
			"rotation": {"angle": 45, "axis": "x", "origin": [8, -4.25, 11.48373]},
			"faces": {
				"north": {"uv": [0, 0, 0, 1.25], "texture": "#1"},
				"east": {"uv": [8.5, 3.5, 9.75, 4.75], "texture": "#1"},
				"south": {"uv": [0, 0, 0, 1.25], "texture": "#1"},
				"west": {"uv": [4, 8.5, 5.25, 9.75], "texture": "#1"},
				"up": {"uv": [0, 1.25, 0, 0], "texture": "#1"},
				"down": {"uv": [0, 0, 0, 1.25], "texture": "#1"}
			}
		},
		{
			"from": [6.98, -6.52, 7.71373],
			"to": [9.02, -1.98, 10.25373],
			"rotation": {"angle": -22.5, "axis": "x", "origin": [8, -4.75, 7.98373]},
			"faces": {
				"north": {"uv": [6.5, 0, 7.5, 2.25], "texture": "#1"},
				"east": {"uv": [3, 4, 4.25, 6.25], "texture": "#1"},
				"south": {"uv": [3, 6.5, 4, 8.75], "texture": "#1"},
				"west": {"uv": [4.5, 4, 5.75, 6.25], "texture": "#1"},
				"up": {"uv": [4, 10.25, 3, 9], "texture": "#1"},
				"down": {"uv": [10, 5, 9, 6.25], "texture": "#1"}
			}
		},
		{
			"from": [7.75, -3, 7],
			"to": [8.25, 26, 9],
			"rotation": {"angle": 0, "axis": "y", "origin": [3.5, -4, 3.5]},
			"faces": {
				"north": {"uv": [2, 0, 2.25, 14.5], "texture": "#1"},
				"east": {"uv": [0, 0, 1, 14.5], "texture": "#1"},
				"south": {"uv": [2.5, 0, 2.75, 14.5], "texture": "#1"},
				"west": {"uv": [1, 0, 2, 14.5], "texture": "#1"},
				"up": {"uv": [7.25, 9.5, 7, 8.5], "texture": "#1"},
				"down": {"uv": [7.25, 9.5, 7, 10.5], "texture": "#1"}
			}
		}
	],
	"gui_light": "front",
	"display": {
		"thirdperson_righthand": {
			"translation": [0, 15.25, 1.25]
		},
		"thirdperson_lefthand": {
			"translation": [0, 15.25, 1.25]
		},
		"firstperson_righthand": {
			"rotation": [-18.25, 0, 0],
			"translation": [0, 9.5, 0.5],
			"scale": [0.7, 0.7, 0.7]
		},
		"firstperson_lefthand": {
			"rotation": [-18.25, 0, 0],
			"translation": [0, 9.5, 0.5],
			"scale": [0.7, 0.7, 0.7]
		},
		"ground": {
			"rotation": [-31.91, -6.41, 22.24],
			"translation": [0, 10.75, 0],
			"scale": [0.8, 0.8, 0.8]
		},
		"gui": {
			"rotation": [-90, 46.75, 90],
			"translation": [-1, 0.75, 0],
			"scale": [0.5, 0.5, 0.5]
		},
		"head": {
			"rotation": [-90, 42.5, -90],
			"translation": [4.25, -21.25, 4.75],
			"scale": [1.5, 1.5, 1.5]
		},
		"fixed": {
			"rotation": [-90, 46.75, 90],
			"translation": [-1, 0.75, 0],
			"scale": [0.6, 0.6, 0.6]
		}
	},
	"groups": [
		{
			"name": "group",
			"origin": [8, -3.25, 7.75873],
			"color": 0,
			"children": [0, 1, 2, 3, 4, 5, 6, 7, 8, 9, 10]
		}
	]
}