{
	"credit": "wolf_awwent made with blockbench",
	"texture_size": [48, 48],
	"textures": {
		"2": "modelfoundry_mega_weapon_pack:mega_weapon_pack/sword_9"
	},
	"elements": [
		{
			"from": [7, -12, 7],
			"to": [9, -3, 9],
			"rotation": {"angle": 0, "axis": "y", "origin": [-8.5, -4, 3.5]},
			"faces": {
				"north": {"uv": [8.66667, 9, 9.33333, 12], "texture": "#2"},
				"east": {"uv": [0, 9.33333, 0.66667, 12.33333], "texture": "#2"},
				"south": {"uv": [0.66667, 9.33333, 1.33333, 12.33333], "texture": "#2"},
				"west": {"uv": [1.33333, 9.33333, 2, 12.33333], "texture": "#2"},
				"up": {"uv": [4.33333, 10, 3.66667, 9.33333], "texture": "#2"},
				"down": {"uv": [10, 4, 9.33333, 4.66667], "texture": "#2"}
			}
		},
		{
			"from": [7.5, -1, 7],
			"to": [8.5, 20, 9],
			"rotation": {"angle": 0, "axis": "y", "origin": [-8.5, -4, 3.5]},
			"faces": {
				"north": {"uv": [8.66667, 2, 9, 9], "texture": "#2"},
				"east": {"uv": [7.33333, 0, 8, 7], "texture": "#2"},
				"south": {"uv": [9, 2, 9.33333, 9], "texture": "#2"},
				"west": {"uv": [7.33333, 7, 8, 14], "texture": "#2"},
				"up": {"uv": [9.66667, 6, 9.33333, 5.33333], "texture": "#2"},
				"down": {"uv": [9.66667, 6, 9.33333, 6.66667], "texture": "#2"}
			}
		},
		{
			"from": [6.75, -12.5, 6.75],
			"to": [9.25, -11.5, 9.25],
			"rotation": {"angle": 0, "axis": "y", "origin": [-7.5, -4, 4]},
			"faces": {
				"north": {"uv": [4.33333, 9.33333, 5.16667, 9.66667], "texture": "#2"},
				"east": {"uv": [9.33333, 4.66667, 10.16667, 5], "texture": "#2"},
				"south": {"uv": [9.33333, 5, 10.16667, 5.33333], "texture": "#2"},
				"west": {"uv": [5.33333, 9.33333, 6.16667, 9.66667], "texture": "#2"},
				"up": {"uv": [2.83333, 10.16667, 2, 9.33333], "texture": "#2"},
				"down": {"uv": [10.16667, 2, 9.33333, 2.83333], "texture": "#2"}
			}
		},
		{
			"from": [6.98, -3.52, 2.23],
			"to": [9.02, -0.98, 13.77],
			"rotation": {"angle": 0, "axis": "y", "origin": [-3.5, -2.5, 8]},
			"faces": {
				"north": {"uv": [3, 9.33333, 3.66667, 10.16667], "texture": "#2"},
				"east": {"uv": [8, 0, 11.83333, 0.83333], "texture": "#2"},
				"south": {"uv": [9.33333, 3, 10, 3.83333], "texture": "#2"},
				"west": {"uv": [8, 1, 11.83333, 1.83333], "texture": "#2"},
				"up": {"uv": [8.66667, 5.83333, 8, 2], "texture": "#2"},
				"down": {"uv": [8.66667, 6, 8, 9.83333], "texture": "#2"}
			}
		},
		{
			"from": [8, -1, 2.5],
			"to": [8, 27, 13.5],
			"rotation": {"angle": 0, "axis": "y", "origin": [-8.5, -4, 3.5]},
			"faces": {
				"north": {"uv": [0, 0, 0, 9.33333], "texture": "#2"},
				"east": {"uv": [0, 0, 3.66667, 9.33333], "texture": "#2"},
				"south": {"uv": [0, 0, 0, 9.33333], "texture": "#2"},
				"west": {"uv": [3.66667, 0, 7.33333, 9.33333], "texture": "#2"},
				"up": {"uv": [0, 3.66667, 0, 0], "texture": "#2"},
				"down": {"uv": [0, 0, 0, 3.66667], "texture": "#2"}
			}
		}
	],
	"gui_light": "front",
	"display": {
		"thirdperson_righthand": {
			"translation": [0, 13.5, 1.75]
		},
		"thirdperson_lefthand": {
			"translation": [0, 13.5, 1.75]
		},
		"firstperson_righthand": {
			"rotation": [-18, 0, 0],
			"translation": [0, 10.5, 0.75],
			"scale": [0.8, 0.8, 0.8]
		},
		"firstperson_lefthand": {
			"rotation": [-18, 0, 0],
			"translation": [0, 10.5, 0.75],
			"scale": [0.8, 0.8, 0.8]
		},
		"ground": {
			"rotation": [-31.91, -6.41, 22.24],
			"translation": [0, 10.75, 0],
			"scale": [0.8, 0.8, 0.8]
		},
		"gui": {
			"rotation": [-90, 46.75, 90],
			"translation": [-1, 1.25, 0],
			"scale": [0.6, 0.6, 0.6]
		},
		"head": {
			"rotation": [-90, 42.5, -90],
			"translation": [4.25, -19.5, 4.75],
			"scale": [1.5, 1.5, 1.5]
		},
		"fixed": {
			"rotation": [-90, 46.75, 90],
			"translation": [-1, 1.25, 0],
			"scale": [0.7, 0.7, 0.7]
		}
	},
	"groups": [
		{
			"name": "group",
			"origin": [-4, -3.25, 8],
			"color": 0,
			"children": [0, 1, 2, 3, 4]
		}
	]
}