{
	"credit": "wolf_awwent made with blockbench",
	"texture_size": [24, 24],
	"textures": {
		"4": "modelfoundry_mega_weapon_pack:mega_weapon_pack/sword_2"
	},
	"elements": [
		{
			"from": [7.5, -9, 7.5],
			"to": [8.5, -4, 8.5],
			"rotation": {"angle": 0, "axis": "y", "origin": [4, -4, 4]},
			"faces": {
				"north": {"uv": [10.66667, 4, 11.33333, 7.33333], "texture": "#4"},
				"east": {"uv": [6.66667, 10.66667, 7.33333, 14], "texture": "#4"},
				"south": {"uv": [7.33333, 10.66667, 8, 14], "texture": "#4"},
				"west": {"uv": [10.66667, 7.33333, 11.33333, 10.66667], "texture": "#4"},
				"up": {"uv": [12.66667, 10, 12, 9.33333], "texture": "#4"},
				"down": {"uv": [12.66667, 10, 12, 10.66667], "texture": "#4"}
			}
		},
		{
			"from": [7.25, -10, 7.25],
			"to": [8.75, -9, 8.75],
			"rotation": {"angle": 0, "axis": "y", "origin": [4, -4, 4]},
			"faces": {
				"north": {"uv": [12, 6.66667, 13, 7.33333], "texture": "#4"},
				"east": {"uv": [12, 7.33333, 13, 8], "texture": "#4"},
				"south": {"uv": [12, 8, 13, 8.66667], "texture": "#4"},
				"west": {"uv": [12, 8.66667, 13, 9.33333], "texture": "#4"},
				"up": {"uv": [13, 5, 12, 4], "texture": "#4"},
				"down": {"uv": [13, 5.33333, 12, 6.33333], "texture": "#4"}
			}
		},
		{
			"from": [7.48, -4.02, 6.48],
			"to": [8.52, -0.98, 9.52],
			"rotation": {"angle": 45, "axis": "x", "origin": [8, -2.5, 8]},
			"faces": {
				"north": {"uv": [11.33333, 8.66667, 12, 10.66667], "texture": "#4"},
				"east": {"uv": [9.33333, 0, 11.33333, 2], "texture": "#4"},
				"south": {"uv": [10.66667, 11.33333, 11.33333, 13.33333], "texture": "#4"},
				"west": {"uv": [9.33333, 2, 11.33333, 4], "texture": "#4"},
				"up": {"uv": [12, 13.33333, 11.33333, 11.33333], "texture": "#4"},
				"down": {"uv": [12.66667, 2, 12, 4], "texture": "#4"}
			}
		},
		{
			"from": [7.5, -3, 2.5],
			"to": [8.5, -2, 7.5],
			"rotation": {"angle": 0, "axis": "y", "origin": [8, -2.5, 8]},
			"faces": {
				"north": {"uv": [12, 11.33333, 12.66667, 12], "texture": "#4"},
				"east": {"uv": [10.66667, 10.66667, 14, 11.33333], "texture": "#4"},
				"south": {"uv": [12, 12, 12.66667, 12.66667], "texture": "#4"},
				"west": {"uv": [11.33333, 0, 14.66667, 0.66667], "texture": "#4"},
				"up": {"uv": [8.66667, 14, 8, 10.66667], "texture": "#4"},
				"down": {"uv": [9.33333, 10.66667, 8.66667, 14], "texture": "#4"}
			}
		},
		{
			"from": [7.5, -3, 8.5],
			"to": [8.5, -2, 13.5],
			"rotation": {"angle": 0, "axis": "y", "origin": [8, -2.5, 8]},
			"faces": {
				"north": {"uv": [12.66667, 12, 12, 12.66667], "texture": "#4"},
				"east": {"uv": [14, 10.66667, 10.66667, 11.33333], "texture": "#4"},
				"south": {"uv": [12.66667, 11.33333, 12, 12], "texture": "#4"},
				"west": {"uv": [14.66667, 0, 11.33333, 0.66667], "texture": "#4"},
				"up": {"uv": [8.66667, 10.66667, 8, 14], "texture": "#4"},
				"down": {"uv": [9.33333, 14, 8.66667, 10.66667], "texture": "#4"}
			}
		},
		{
			"from": [8, -3, 5.5],
			"to": [8, 19, 10.5],
			"rotation": {"angle": 0, "axis": "y", "origin": [3.5, -4, 3.5]},
			"faces": {
				"north": {"uv": [0, 0, 0, 14.66667], "texture": "#4"},
				"east": {"uv": [0, 0, 3.33333, 14.66667], "texture": "#4"},
				"south": {"uv": [0, 0, 0, 14.66667], "texture": "#4"},
				"west": {"uv": [3.33333, 0, 6.66667, 14.66667], "texture": "#4"},
				"up": {"uv": [0, 3.33333, 0, 0], "texture": "#4"},
				"down": {"uv": [0, 0, 0, 3.33333], "texture": "#4"}
			}
		},
		{
			"from": [7.75, -3, 7],
			"to": [8.25, 13, 9],
			"rotation": {"angle": 0, "axis": "y", "origin": [3.5, -4, 3.5]},
			"faces": {
				"north": {"uv": [9.33333, 4, 9.66667, 14.66667], "texture": "#4"},
				"east": {"uv": [6.66667, 0, 8, 10.66667], "texture": "#4"},
				"south": {"uv": [10, 4, 10.33333, 14.66667], "texture": "#4"},
				"west": {"uv": [8, 0, 9.33333, 10.66667], "texture": "#4"},
				"up": {"uv": [13, 10.66667, 12.66667, 9.33333], "texture": "#4"},
				"down": {"uv": [13, 11.33333, 12.66667, 12.66667], "texture": "#4"}
			}
		}
	],
	"gui_light": "front",
	"display": {
		"thirdperson_righthand": {
			"translation": [0, 12.25, 1.75]
		},
		"thirdperson_lefthand": {
			"translation": [0, 12.25, 1.75]
		},
		"firstperson_righthand": {
			"rotation": [-20.5, 0, 0],
			"translation": [-0.25, 10.75, 0.75],
			"scale": [0.8, 0.8, 0.8]
		},
		"firstperson_lefthand": {
			"rotation": [-20.5, 0, 0],
			"translation": [-0.25, 10.75, 0.75],
			"scale": [0.8, 0.8, 0.8]
		},
		"ground": {
			"rotation": [-31.91, -6.41, 22.24],
			"translation": [0, 10.75, 0],
			"scale": [0.8, 0.8, 0.8]
		},
		"gui": {
			"rotation": [-90, 46.75, 90],
			"translation": [-2.75, 3.25, 0],
			"scale": [0.8, 0.8, 0.8]
		},
		"head": {
			"rotation": [-90, 42.5, -90],
			"translation": [4.25, -20.75, 4.75],
			"scale": [1.5, 1.5, 1.5]
		},
		"fixed": {
			"rotation": [-90, 46.75, 90],
			"translation": [-3.25, 3.5, 0]
		}
	},
	"groups": [
		{
			"name": "group",
			"origin": [8, -3.25, 8],
			"color": 0,
			"children": [0, 1, 2, 3, 4, 5, 6]
		}
	]
}