{
	"credit": "wolf_awwent made with blockbench",
	"texture_size": [64, 64],
	"textures": {
		"4": "modelfoundry_mega_weapon_pack:mega_weapon_pack/sword_8",
		"particle": "modelfoundry_mega_weapon_pack:mega_weapon_pack/sword_8"
	},
	"elements": [
		{
			"from": [7.5, -12, 7.5],
			"to": [8.5, -3, 8.5],
			"rotation": {"angle": 0, "axis": "y", "origin": [-8, -4, 4]},
			"faces": {
				"north": {"uv": [7, 6.5, 7.25, 8.75], "texture": "#4"},
				"east": {"uv": [7, 6.5, 7.25, 8.75], "texture": "#4"},
				"south": {"uv": [7, 6.5, 7.25, 8.75], "texture": "#4"},
				"west": {"uv": [7, 6.5, 7.25, 8.75], "texture": "#4"},
				"up": {"uv": [7.5, 7.25, 7.25, 7], "texture": "#4"},
				"down": {"uv": [7.5, 7.25, 7.25, 7.5], "texture": "#4"}
			}
		},
		{
			"from": [7.25, -12.5, 7.25],
			"to": [8.75, -11.5, 8.75],
			"rotation": {"angle": 0, "axis": "y", "origin": [-8, -4, 4]},
			"faces": {
				"north": {"uv": [7.25, 6, 7.625, 6.25], "texture": "#4"},
				"east": {"uv": [7.25, 6.25, 7.625, 6.5], "texture": "#4"},
				"south": {"uv": [7.25, 6.5, 7.625, 6.75], "texture": "#4"},
				"west": {"uv": [7.25, 6.75, 7.625, 7], "texture": "#4"},
				"up": {"uv": [7.625, 5.375, 7.25, 5], "texture": "#4"},
				"down": {"uv": [7.625, 5.5, 7.25, 5.875], "texture": "#4"}
			}
		},
		{
			"from": [7.48, -3.52, 6.23],
			"to": [8.52, 0.02, 9.77],
			"rotation": {"angle": 0, "axis": "y", "origin": [-4, -2.5, 8]},
			"faces": {
				"north": {"uv": [6.75, 7, 7, 7.875], "texture": "#4"},
				"east": {"uv": [7, 0, 7.875, 0.875], "texture": "#4"},
				"south": {"uv": [7.25, 2, 7.5, 2.875], "texture": "#4"},
				"west": {"uv": [7, 1, 7.875, 1.875], "texture": "#4"},
				"up": {"uv": [7.5, 3.875, 7.25, 3], "texture": "#4"},
				"down": {"uv": [7.5, 4, 7.25, 4.875], "texture": "#4"}
			}
		},
		{
			"from": [7.48, -0.02, 7.48],
			"to": [8.52, 13.52, 8.52],
			"rotation": {"angle": 0, "axis": "y", "origin": [-4, -2.5, 8]},
			"faces": {
				"north": {"uv": [6.5, 0, 6.75, 3.375], "texture": "#4"},
				"east": {"uv": [6.5, 3.5, 6.75, 6.875], "texture": "#4"},
				"south": {"uv": [6.75, 0, 6.5, 3.375], "texture": "#4"},
				"west": {"uv": [6.75, 3.5, 7, 6.875], "texture": "#4"},
				"up": {"uv": [7.75, 2.25, 7.5, 2], "texture": "#4"},
				"down": {"uv": [7.75, 2.25, 7.5, 2.5], "texture": "#4"}
			}
		},
		{
			"from": [8, -8, 1.5],
			"to": [8, 27, 14.5],
			"rotation": {"angle": 0, "axis": "y", "origin": [-8.5, -4, 3.5]},
			"faces": {
				"north": {"uv": [0, 0, 0, 8.75], "texture": "#4"},
				"east": {"uv": [6.5, 0, 3.25, 8.75], "texture": "#4"},
				"south": {"uv": [0, 0, 0, 8.75], "texture": "#4"},
				"west": {"uv": [3.25, 0, 6.5, 8.75], "texture": "#4"},
				"up": {"uv": [0, 3.25, 0, 0], "texture": "#4"},
				"down": {"uv": [0, 0, 0, 3.25], "texture": "#4"}
			}
		},
		{
			"from": [7.75, -3, 7],
			"to": [8.25, 13, 9],
			"rotation": {"angle": 0, "axis": "y", "origin": [-8.5, -4, 3.5]},
			"color": 8,
			"faces": {
				"north": {"uv": [3.125, 2, 3.1875, 4], "texture": "#missing"},
				"east": {"uv": [2.75, 0, 3, 2], "texture": "#missing"},
				"south": {"uv": [3.25, 1, 3.3125, 3], "texture": "#missing"},
				"west": {"uv": [2.75, 2, 3, 4], "texture": "#missing"},
				"up": {"uv": [3.5625, 1.5, 3.5, 1.25], "texture": "#missing"},
				"down": {"uv": [3.5625, 1.5, 3.5, 1.75], "texture": "#missing"}
			}
		}
	],
	"display": {
		"thirdperson_righthand": {
			"translation": [0, 13.75, 1]
		},
		"thirdperson_lefthand": {
			"translation": [0, 13.75, 1]
		},
		"firstperson_righthand": {
			"rotation": [-18.02, 2.39, 0.78],
			"translation": [0, 9.75, 0.75],
			"scale": [0.7, 0.7, 0.7]
		},
		"firstperson_lefthand": {
			"rotation": [-18.02, 2.39, 0.78],
			"translation": [0, 9.75, 0.75],
			"scale": [0.7, 0.7, 0.7]
		},
		"ground": {
			"rotation": [-31.91, -6.41, 22.24],
			"translation": [0, 10.75, 0],
			"scale": [0.8, 0.8, 0.8]
		},
		"gui": {
			"rotation": [-90, 46.75, 90],
			"translation": [-1, 0.75, 0],
			"scale": [0.6, 0.6, 0.6]
		},
		"head": {
			"rotation": [-90, 42.5, -90],
			"translation": [4.25, -19.5, 4.75],
			"scale": [1.5, 1.5, 1.5]
		},
		"fixed": {
			"rotation": [-90, 46.75, 90],
			"translation": [-1, 0.75, 0],
			"scale": [0.7, 0.7, 0.7]
		}
	},
	"groups": [
		{
			"name": "group",
			"origin": [-4, -3.25, 8],
			"color": 0,
			"children": [0, 1, 2, 3, 4, 5]
		}
	]
}