{
	"credit": "wolf_awwent made with blockbench",
	"texture_size": [64, 64],
	"textures": {
		"1": "modelfoundry_mega_weapon_pack:mega_weapon_pack/sword_3",
		"particle": "modelfoundry_mega_weapon_pack:mega_weapon_pack/sword_3_e"
	},
	"elements": [
		{
			"from": [7.5, -11, 7.5],
			"to": [8.5, -4, 8.5],
			"rotation": {"angle": 0, "axis": "y", "origin": [4, -4, 4]},
			"faces": {
				"north": {"uv": [4.25, 4.5, 4.5, 6.25], "texture": "#1"},
				"east": {"uv": [4.75, 2, 5, 3.75], "texture": "#1"},
				"south": {"uv": [4.75, 3.75, 5, 5.5], "texture": "#1"},
				"west": {"uv": [5, 2, 5.25, 3.75], "texture": "#1"},
				"up": {"uv": [5.75, 0.75, 5.5, 0.5], "texture": "#1"},
				"down": {"uv": [5.75, 0.75, 5.5, 1], "texture": "#1"}
			}
		},
		{
			"from": [7.25, -10, 7.25],
			"to": [8.75, -9, 8.75],
			"rotation": {"angle": 0, "axis": "y", "origin": [4, -4, 4]},
			"faces": {
				"north": {"uv": [5.25, 4.5, 5.625, 4.75], "texture": "#1"},
				"east": {"uv": [5.25, 4.75, 5.625, 5], "texture": "#1"},
				"south": {"uv": [5, 5.25, 5.375, 5.5], "texture": "#1"},
				"west": {"uv": [5.25, 5, 5.625, 5.25], "texture": "#1"},
				"up": {"uv": [5.625, 3.875, 5.25, 3.5], "texture": "#1"},
				"down": {"uv": [5.625, 4, 5.25, 4.375], "texture": "#1"}
			}
		},
		{
			"from": [7.48, -4.02, 6.48],
			"to": [8.52, -0.98, 9.52],
			"rotation": {"angle": 45, "axis": "x", "origin": [8, -2.5, 8]},
			"faces": {
				"north": {"uv": [5, 3.75, 5.25, 4.5], "texture": "#1"},
				"east": {"uv": [4.75, 0, 5.5, 0.75], "texture": "#1"},
				"south": {"uv": [5, 4.5, 5.25, 5.25], "texture": "#1"},
				"west": {"uv": [4.75, 0.75, 5.5, 1.5], "texture": "#1"},
				"up": {"uv": [5.5, 2.75, 5.25, 2], "texture": "#1"},
				"down": {"uv": [5.5, 2.75, 5.25, 3.5], "texture": "#1"}
			}
		},
		{
			"from": [7.25, -1.3504, 3.5],
			"to": [8.75, -0.3504, 12.5],
			"rotation": {"angle": 0, "axis": "y", "origin": [8, 0.1496, 7]},
			"faces": {
				"north": {"uv": [5.5, 0, 5.875, 0.25], "texture": "#1"},
				"east": {"uv": [4.75, 1.5, 7, 1.75], "texture": "#1"},
				"south": {"uv": [5.5, 0.25, 5.875, 0.5], "texture": "#1"},
				"west": {"uv": [4.75, 1.75, 7, 2], "texture": "#1"},
				"up": {"uv": [4.375, 2.25, 4, 0], "texture": "#1"},
				"down": {"uv": [4.375, 2.25, 4, 4.5], "texture": "#1"}
			}
		},
		{
			"from": [8, -1, 5.25],
			"to": [8, 26, 10.75],
			"rotation": {"angle": 0, "axis": "y", "origin": [3.5, -4, 3.25]},
			"faces": {
				"north": {"uv": [0, 0, 0, 6.75], "texture": "#1"},
				"east": {"uv": [0, 0, 1.375, 6.75], "texture": "#1"},
				"south": {"uv": [0, 0, 0, 6.75], "texture": "#1"},
				"west": {"uv": [1.5, 0, 2.875, 6.75], "texture": "#1"},
				"up": {"uv": [0, 1.375, 0, 0], "texture": "#1"},
				"down": {"uv": [0, 0, 0, 1.375], "texture": "#1"}
			}
		},
		{
			"from": [7.875, -1, 7.25],
			"to": [8.125, 22.5, 8.75],
			"rotation": {"angle": 0, "axis": "y", "origin": [3.625, -4, 3.5]},
			"faces": {
				"north": {"uv": [4.125, 4.5, 4, 10.375], "texture": "#1"},
				"east": {"uv": [3, 0, 3.375, 5.875], "texture": "#1"},
				"south": {"uv": [4, 4.5, 4.125, 10.375], "texture": "#1"},
				"west": {"uv": [3.5, 0, 3.875, 5.875], "texture": "#1"},
				"up": {"uv": [5.625, 1.375, 5.5, 1], "texture": "#1"},
				"down": {"uv": [5.625, 2, 5.5, 2.375], "texture": "#1"}
			}
		}
	],
	"gui_light": "front",
	"display": {
		"thirdperson_righthand": {
			"translation": [0, 13.75, 1.75]
		},
		"thirdperson_lefthand": {
			"translation": [0, 13.75, 1.75]
		},
		"firstperson_righthand": {
			"rotation": [-18, 0, 0],
			"translation": [0, 8.25, 0.75],
			"scale": [0.7, 0.7, 0.7]
		},
		"firstperson_lefthand": {
			"rotation": [-18, 0, 0],
			"translation": [0, 8.25, 0.75],
			"scale": [0.7, 0.7, 0.7]
		},
		"ground": {
			"rotation": [-31.91, -6.41, 22.24],
			"translation": [0, 10.75, 0],
			"scale": [0.8, 0.8, 0.8]
		},
		"gui": {
			"rotation": [-90, 46.75, 90],
			"translation": [-0.25, 0.75, 0],
			"scale": [0.6, 0.6, 0.6]
		},
		"head": {
			"rotation": [-90, 42.5, -90],
			"translation": [0, -19.5, 4.75],
			"scale": [1.5, 1.5, 1.5]
		},
		"fixed": {
			"rotation": [-90, 46.75, 90],
			"translation": [0, 0.75, 0],
			"scale": [0.7, 0.7, 0.7]
		}
	},
	"groups": [
		{
			"name": "group",
			"origin": [-11.995, -3.25, 7.875],
			"color": 0,
			"children": [0, 1, 2, 3, 4, 5]
		}
	]
}