{
	"credit": "wolf_awwent made with blockbench",
	"texture_size": [40, 40],
	"textures": {
		"5": "modelfoundry_mega_weapon_pack:mega_weapon_pack/sword_4",
		"particle": "modelfoundry_mega_weapon_pack:mega_weapon_pack/sword_4_e"
	},
	"elements": [
		{
			"from": [7.5, -9, 7.5],
			"to": [8.5, -4, 8.5],
			"rotation": {"angle": 0, "axis": "y", "origin": [4, -4, 4]},
			"faces": {
				"north": {"uv": [3.2, 8, 3.6, 10], "texture": "#5"},
				"east": {"uv": [3.6, 8, 4, 10], "texture": "#5"},
				"south": {"uv": [8.4, 2.8, 8.8, 4.8], "texture": "#5"},
				"west": {"uv": [4, 8.4, 4.4, 10.4], "texture": "#5"},
				"up": {"uv": [6.8, 8.8, 6.4, 8.4], "texture": "#5"},
				"down": {"uv": [8.8, 8.4, 8.4, 8.8], "texture": "#5"}
			}
		},
		{
			"from": [7.25, -10, 7.25],
			"to": [8.75, -9, 8.75],
			"rotation": {"angle": 0, "axis": "y", "origin": [4, -4, 4]},
			"faces": {
				"north": {"uv": [8.4, 6.8, 9, 7.2], "texture": "#5"},
				"east": {"uv": [8.4, 7.2, 9, 7.6], "texture": "#5"},
				"south": {"uv": [8.4, 7.6, 9, 8], "texture": "#5"},
				"west": {"uv": [8.4, 8, 9, 8.4], "texture": "#5"},
				"up": {"uv": [6.2, 9, 5.6, 8.4], "texture": "#5"},
				"down": {"uv": [9, 6, 8.4, 6.6], "texture": "#5"}
			}
		},
		{
			"from": [7.48, -4.02, 6.48],
			"to": [8.52, -0.98, 9.52],
			"rotation": {"angle": 0, "axis": "y", "origin": [8, -2.5, 8]},
			"faces": {
				"north": {"uv": [4.4, 8.4, 4.8, 9.6], "texture": "#5"},
				"east": {"uv": [0, 8, 1.2, 9.2], "texture": "#5"},
				"south": {"uv": [4.8, 8.4, 5.2, 9.6], "texture": "#5"},
				"west": {"uv": [1.2, 8, 2.4, 9.2], "texture": "#5"},
				"up": {"uv": [8.8, 6, 8.4, 4.8], "texture": "#5"},
				"down": {"uv": [5.6, 8.4, 5.2, 9.6], "texture": "#5"}
			}
		},
		{
			"from": [7.98, -8.02, -0.52],
			"to": [8.02, -0.98, 6.52],
			"rotation": {"angle": 0, "axis": "y", "origin": [7.5, -2.5, 8]},
			"faces": {
				"north": {"uv": [0, 0, 0, 2.8], "texture": "#5"},
				"east": {"uv": [4, 0, 6.8, 2.8], "texture": "#5"},
				"south": {"uv": [0, 0, 0, 2.8], "texture": "#5"},
				"west": {"uv": [4, 2.8, 6.8, 5.6], "texture": "#5"},
				"up": {"uv": [0, 2.8, 0, 0], "texture": "#5"},
				"down": {"uv": [0, 0, 0, 2.8], "texture": "#5"}
			}
		},
		{
			"from": [7.98, -8.02, 9.48],
			"to": [8.02, -0.98, 16.52],
			"rotation": {"angle": 0, "axis": "y", "origin": [7.5, -2.5, 8]},
			"faces": {
				"north": {"uv": [0, 0, 0, 2.8], "texture": "#5"},
				"east": {"uv": [4, 5.6, 6.8, 8.4], "texture": "#5"},
				"south": {"uv": [0, 0, 0, 2.8], "texture": "#5"},
				"west": {"uv": [6.8, 0, 9.6, 2.8], "texture": "#5"},
				"up": {"uv": [0, 2.8, 0, 0], "texture": "#5"},
				"down": {"uv": [0, 0, 0, 2.8], "texture": "#5"}
			}
		},
		{
			"from": [8, -1, 5.5],
			"to": [8, 19, 10.5],
			"rotation": {"angle": 0, "axis": "y", "origin": [3.5, -4, 3.5]},
			"faces": {
				"north": {"uv": [0, 0, 0, 8], "texture": "#5"},
				"east": {"uv": [0, 0, 2, 8], "texture": "#5"},
				"south": {"uv": [0, 0, 0, 8], "texture": "#5"},
				"west": {"uv": [2, 0, 4, 8], "texture": "#5"},
				"up": {"uv": [0, 2, 0, 0], "texture": "#5"},
				"down": {"uv": [0, 0, 0, 2], "texture": "#5"}
			}
		},
		{
			"from": [7.75, -3, 7],
			"to": [8.25, 13, 9],
			"rotation": {"angle": 0, "axis": "y", "origin": [3.5, -4, 3.5]},
			"faces": {
				"north": {"uv": [2.4, 8, 2.6, 14.4], "texture": "#5"},
				"east": {"uv": [6.8, 2.8, 7.6, 9.2], "texture": "#5"},
				"south": {"uv": [2.8, 8, 3, 14.4], "texture": "#5"},
				"west": {"uv": [7.6, 2.8, 8.4, 9.2], "texture": "#5"},
				"up": {"uv": [9, 3.6, 8.8, 2.8], "texture": "#5"},
				"down": {"uv": [9, 3.6, 8.8, 4.4], "texture": "#5"}
			}
		}
	],
	"gui_light": "front",
	"display": {
		"thirdperson_righthand": {
			"translation": [0, 13, 1.25]
		},
		"thirdperson_lefthand": {
			"translation": [0, 13, 1.25]
		},
		"firstperson_righthand": {
			"rotation": [-18, 0, 0],
			"translation": [0, 10.75, 0.75],
			"scale": [0.8, 0.8, 0.8]
		},
		"firstperson_lefthand": {
			"rotation": [-18, 0, 0],
			"translation": [0, 10.75, 0.75],
			"scale": [0.8, 0.8, 0.8]
		},
		"ground": {
			"rotation": [-31.91, -6.41, 22.24],
			"translation": [0, 10.75, 0],
			"scale": [0.8, 0.8, 0.8]
		},
		"gui": {
			"rotation": [-90, 46.75, 90],
			"translation": [-3.25, 3, 0],
			"scale": [0.7, 0.7, 0.7]
		},
		"head": {
			"rotation": [-90, 42.5, -90],
			"translation": [4.25, -21.5, 4.75],
			"scale": [1.5, 1.5, 1.5]
		},
		"fixed": {
			"rotation": [-90, 46.75, 90],
			"translation": [-3.25, 3.5, 0],
			"scale": [0.8, 0.8, 0.8]
		}
	},
	"groups": [
		{
			"name": "group",
			"origin": [8, -3.25, 8],
			"color": 0,
			"children": [0, 1, 2, 3, 4, 5, 6]
		}
	]
}