{
	"credit": "wolf_awwent made with blockbench",
	"texture_size": [64, 64],
	"textures": {
		"1": "modelfoundry_mega_weapon_pack:mega_weapon_pack/sword_10",
		"particle": "modelfoundry_mega_weapon_pack:mega_weapon_pack/sword_10"
	},
	"elements": [
		{
			"from": [7.5, -11, 7.5],
			"to": [8.5, -4, 8.5],
			"rotation": {"angle": 0, "axis": "y", "origin": [4, -4, 4]},
			"faces": {
				"north": {"uv": [6, 1.5, 6.25, 3.25], "texture": "#1"},
				"east": {"uv": [6, 3.25, 6.25, 5], "texture": "#1"},
				"south": {"uv": [6.25, 1.5, 6.5, 3.25], "texture": "#1"},
				"west": {"uv": [6.25, 3.25, 6.5, 5], "texture": "#1"},
				"up": {"uv": [7, 0.25, 6.75, 0], "texture": "#1"},
				"down": {"uv": [7, 0.25, 6.75, 0.5], "texture": "#1"}
			}
		},
		{
			"from": [7.25, -11.5, 7.25],
			"to": [8.75, -10.5, 8.75],
			"rotation": {"angle": 0, "axis": "y", "origin": [4, -4, 4]},
			"faces": {
				"north": {"uv": [6, 5, 6.375, 5.25], "texture": "#1"},
				"east": {"uv": [6.25, 6.5, 6.625, 6.75], "texture": "#1"},
				"south": {"uv": [6.5, 6.25, 6.875, 6.5], "texture": "#1"},
				"west": {"uv": [0, 6.75, 0.375, 7], "texture": "#1"},
				"up": {"uv": [6.125, 6.875, 5.75, 6.5], "texture": "#1"},
				"down": {"uv": [6.875, 5.75, 6.5, 6.125], "texture": "#1"}
			}
		},
		{
			"from": [7.48, -4.02, 6.48],
			"to": [8.52, -0.98, 9.52],
			"rotation": {"angle": 45, "axis": "x", "origin": [8, -2.5, 8]},
			"faces": {
				"north": {"uv": [6.5, 1.5, 6.75, 2.25], "texture": "#1"},
				"east": {"uv": [5, 5.75, 5.75, 6.5], "texture": "#1"},
				"south": {"uv": [6.5, 2.25, 6.75, 3], "texture": "#1"},
				"west": {"uv": [5.75, 5.75, 6.5, 6.5], "texture": "#1"},
				"up": {"uv": [6.75, 3.75, 6.5, 3], "texture": "#1"},
				"down": {"uv": [6.75, 3.75, 6.5, 4.5], "texture": "#1"}
			}
		},
		{
			"from": [7.49, -6.01, 6.49],
			"to": [8.51, -2.99, 9.51],
			"rotation": {"angle": 0, "axis": "y", "origin": [8, -2.5, 8]},
			"faces": {
				"north": {"uv": [6.5, 4.5, 6.75, 5.25], "texture": "#1"},
				"east": {"uv": [6, 0, 6.75, 0.75], "texture": "#1"},
				"south": {"uv": [5, 6.5, 5.25, 7.25], "texture": "#1"},
				"west": {"uv": [6, 0.75, 6.75, 1.5], "texture": "#1"},
				"up": {"uv": [5.5, 7.25, 5.25, 6.5], "texture": "#1"},
				"down": {"uv": [5.75, 6.5, 5.5, 7.25], "texture": "#1"}
			}
		},
		{
			"from": [7.5, -2.8504, 2.5],
			"to": [8.5, -1.8504, 13.5],
			"rotation": {"angle": 0, "axis": "y", "origin": [8, 0.1496, 7]},
			"faces": {
				"north": {"uv": [0.5, 6.75, 0.75, 7], "texture": "#1"},
				"east": {"uv": [4, 5.25, 6.75, 5.5], "texture": "#1"},
				"south": {"uv": [6.75, 0.5, 7, 0.75], "texture": "#1"},
				"west": {"uv": [4, 5.5, 6.75, 5.75], "texture": "#1"},
				"up": {"uv": [4.25, 8.5, 4, 5.75], "texture": "#1"},
				"down": {"uv": [4.5, 5.75, 4.25, 8.5], "texture": "#1"}
			}
		},
		{
			"from": [8, -2, 5.25],
			"to": [8, 25, 10.75],
			"rotation": {"angle": 0, "axis": "y", "origin": [3.5, -4, 3.25]},
			"faces": {
				"north": {"uv": [0, 0, 0, 6.75], "texture": "#1"},
				"east": {"uv": [0, 0, 1.375, 6.75], "texture": "#1"},
				"south": {"uv": [0, 0, 0, 6.75], "texture": "#1"},
				"west": {"uv": [1.5, 0, 2.875, 6.75], "texture": "#1"},
				"up": {"uv": [0, 1.375, 0, 0], "texture": "#1"},
				"down": {"uv": [0, 0, 0, 1.375], "texture": "#1"}
			}
		},
		{
			"from": [8, -6, -0.75],
			"to": [8, 1, 4.75],
			"rotation": {"angle": 0, "axis": "y", "origin": [3.5, -4, 3.25]},
			"faces": {
				"north": {"uv": [0, 0, 0, 1.75], "texture": "#1"},
				"east": {"uv": [3, 0, 4.375, 1.75], "texture": "#1"},
				"south": {"uv": [0, 0, 0, 1.75], "texture": "#1"},
				"west": {"uv": [3, 1.75, 4.375, 3.5], "texture": "#1"},
				"up": {"uv": [0, 1.375, 0, 0], "texture": "#1"},
				"down": {"uv": [0, 0, 0, 1.375], "texture": "#1"}
			}
		},
		{
			"from": [7.25, -7.25, 5.25],
			"to": [7.25, -0.25, 10.75],
			"rotation": {"angle": 0, "axis": "y", "origin": [3.5, -4, 9.25]},
			"faces": {
				"north": {"uv": [0, 0, 0, 1.75], "texture": "#1"},
				"east": {"uv": [5.875, 0, 4.5, 1.75], "texture": "#1"},
				"south": {"uv": [0, 0, 0, 1.75], "texture": "#1"},
				"west": {"uv": [4.5, 0, 5.875, 1.75], "texture": "#1"},
				"up": {"uv": [0, 1.375, 0, 0], "texture": "#1"},
				"down": {"uv": [0, 0, 0, 1.375], "texture": "#1"}
			}
		},
		{
			"from": [8.75, -7.25, 5.25],
			"to": [8.75, -0.25, 10.75],
			"rotation": {"angle": 0, "axis": "y", "origin": [12.5, -4, 9.25]},
			"faces": {
				"north": {"uv": [0, 0, 0, 1.75], "texture": "#1"},
				"east": {"uv": [5.875, 0, 4.5, 1.75], "texture": "#1"},
				"south": {"uv": [0, 0, 0, 1.75], "texture": "#1"},
				"west": {"uv": [4.5, 0, 5.875, 1.75], "texture": "#1"},
				"up": {"uv": [0, 1.375, 0, 0], "texture": "#1"},
				"down": {"uv": [0, 0, 0, 1.375], "texture": "#1"}
			}
		},
		{
			"from": [8, -6, 11.25],
			"to": [8, 1, 16.75],
			"rotation": {"angle": 0, "axis": "y", "origin": [3.5, -4, 12.75]},
			"faces": {
				"north": {"uv": [0, 0, 0, 1.75], "texture": "#1"},
				"east": {"uv": [4.5, 1.75, 5.875, 3.5], "texture": "#1"},
				"south": {"uv": [0, 0, 0, 1.75], "texture": "#1"},
				"west": {"uv": [4.5, 3.5, 5.875, 5.25], "texture": "#1"},
				"up": {"uv": [0, 1.375, 0, 0], "texture": "#1"},
				"down": {"uv": [0, 0, 0, 1.375], "texture": "#1"}
			}
		},
		{
			"from": [7.875, -2, 7.25],
			"to": [8.125, 19.5, 8.75],
			"rotation": {"angle": 0, "axis": "y", "origin": [3.625, -4, 3.5]},
			"faces": {
				"north": {"uv": [4.5, 5.75, 4.625, 11.125], "texture": "#1"},
				"east": {"uv": [3, 5.25, 3.375, 10.625], "texture": "#1"},
				"south": {"uv": [4.75, 5.75, 4.875, 11.125], "texture": "#1"},
				"west": {"uv": [3.5, 5.25, 3.875, 10.625], "texture": "#1"},
				"up": {"uv": [0.875, 7.125, 0.75, 6.75], "texture": "#1"},
				"down": {"uv": [6.875, 0.75, 6.75, 1.125], "texture": "#1"}
			}
		}
	],
	"gui_light": "front",
	"display": {
		"thirdperson_righthand": {
			"translation": [0, 14, 1.25]
		},
		"thirdperson_lefthand": {
			"translation": [0, 14, 1.25]
		},
		"firstperson_righthand": {
			"rotation": [-18, 0, 0],
			"translation": [0, 9, 0.75],
			"scale": [0.7, 0.7, 0.7]
		},
		"firstperson_lefthand": {
			"rotation": [-18, 0, 0],
			"translation": [0, 9, 0.75],
			"scale": [0.7, 0.7, 0.7]
		},
		"ground": {
			"rotation": [-31.91, -6.41, 22.24],
			"translation": [0, 10.75, 0],
			"scale": [0.8, 0.8, 0.8]
		},
		"gui": {
			"rotation": [-90, 46.75, 90],
			"translation": [-0.75, 0.75, 0],
			"scale": [0.6, 0.6, 0.6]
		},
		"head": {
			"rotation": [-90, 42.5, -90],
			"translation": [4.25, -19.5, 4.75],
			"scale": [1.5, 1.5, 1.5]
		},
		"fixed": {
			"rotation": [-90, 46.75, 90],
			"translation": [-0.75, 0.75, 0],
			"scale": [0.7, 0.7, 0.7]
		}
	},
	"groups": [
		{
			"name": "group",
			"origin": [-11.995, -3.25, 7.875],
			"color": 0,
			"children": [0, 1, 2, 3, 4, 5, 6, 7, 8, 9, 10]
		}
	]
}