{
	"credit": "wolf_awwent made with blockbench",
	"texture_size": [64, 64],
	"textures": {
		"3": "modelfoundry_mega_weapon_pack:mega_weapon_pack/sword_5",
		"particle": "modelfoundry_mega_weapon_pack:mega_weapon_pack/sword_5_e"
	},
	"elements": [
		{
			"from": [7.5, -12, 7.5],
			"to": [8.5, -4, 8.5],
			"rotation": {"angle": 0, "axis": "y", "origin": [4, -4, 4]},
			"faces": {
				"north": {"uv": [2.25, 5.25, 2.5, 7.25], "texture": "#3"},
				"east": {"uv": [2.5, 5.25, 2.75, 7.25], "texture": "#3"},
				"south": {"uv": [2.75, 5.25, 3, 7.25], "texture": "#3"},
				"west": {"uv": [3, 5.25, 3.25, 7.25], "texture": "#3"},
				"up": {"uv": [5.75, 6, 5.5, 5.75], "texture": "#3"},
				"down": {"uv": [6, 5.75, 5.75, 6], "texture": "#3"}
			}
		},
		{
			"from": [7.25, -10.5, 7.25],
			"to": [8.75, -9.5, 8.75],
			"rotation": {"angle": 0, "axis": "y", "origin": [4, -4, 4]},
			"faces": {
				"north": {"uv": [5.5, 3.75, 5.875, 4], "texture": "#3"},
				"east": {"uv": [5.5, 4, 5.875, 4.25], "texture": "#3"},
				"south": {"uv": [5.5, 4.25, 5.875, 4.5], "texture": "#3"},
				"west": {"uv": [5.5, 4.5, 5.875, 4.75], "texture": "#3"},
				"up": {"uv": [5.875, 2.125, 5.5, 1.75], "texture": "#3"},
				"down": {"uv": [5.875, 2.25, 5.5, 2.625], "texture": "#3"}
			}
		},
		{
			"from": [7.25, -6, 7.25],
			"to": [8.75, -5, 8.75],
			"rotation": {"angle": 0, "axis": "y", "origin": [4, -4, 4]},
			"faces": {
				"north": {"uv": [5.5, 4.75, 5.875, 5], "texture": "#3"},
				"east": {"uv": [5.5, 5, 5.875, 5.25], "texture": "#3"},
				"south": {"uv": [5.5, 5.25, 5.875, 5.5], "texture": "#3"},
				"west": {"uv": [5.5, 5.5, 5.875, 5.75], "texture": "#3"},
				"up": {"uv": [5.875, 3.125, 5.5, 2.75], "texture": "#3"},
				"down": {"uv": [5.875, 3.25, 5.5, 3.625], "texture": "#3"}
			}
		},
		{
			"from": [7.48, -4.52, 6.23],
			"to": [8.52, -0.98, 9.77],
			"rotation": {"angle": 0, "axis": "y", "origin": [8, -2.5, 8]},
			"faces": {
				"north": {"uv": [3.25, 5.25, 3.5, 6.125], "texture": "#3"},
				"east": {"uv": [0, 5.25, 0.875, 6.125], "texture": "#3"},
				"south": {"uv": [3.5, 5.25, 3.75, 6.125], "texture": "#3"},
				"west": {"uv": [1, 5.25, 1.875, 6.125], "texture": "#3"},
				"up": {"uv": [4, 6.125, 3.75, 5.25], "texture": "#3"},
				"down": {"uv": [4.25, 5.25, 4, 6.125], "texture": "#3"}
			}
		},
		{
			"from": [7.98, -3.02, -0.52],
			"to": [8.02, 4.02, 6.52],
			"rotation": {"angle": 0, "axis": "y", "origin": [7.5, -2.5, 8]},
			"faces": {
				"north": {"uv": [0, 0, 0, 1.75], "texture": "#3"},
				"east": {"uv": [2.5, 0, 4.25, 1.75], "texture": "#3"},
				"south": {"uv": [0, 0, 0, 1.75], "texture": "#3"},
				"west": {"uv": [2.5, 1.75, 4.25, 3.5], "texture": "#3"},
				"up": {"uv": [0, 1.75, 0, 0], "texture": "#3"},
				"down": {"uv": [0, 0, 0, 1.75], "texture": "#3"}
			}
		},
		{
			"from": [7.98, -3.02, 9.48],
			"to": [8.02, 4.02, 16.52],
			"rotation": {"angle": 0, "axis": "y", "origin": [7.5, -2.5, 8]},
			"faces": {
				"north": {"uv": [0, 0, 0, 1.75], "texture": "#3"},
				"east": {"uv": [2.5, 3.5, 4.25, 5.25], "texture": "#3"},
				"south": {"uv": [0, 0, 0, 1.75], "texture": "#3"},
				"west": {"uv": [4.25, 0, 6, 1.75], "texture": "#3"},
				"up": {"uv": [0, 1.75, 0, 0], "texture": "#3"},
				"down": {"uv": [0, 0, 0, 1.75], "texture": "#3"}
			}
		},
		{
			"from": [8, -1, 5.5],
			"to": [8, 20, 10.5],
			"rotation": {"angle": 0, "axis": "y", "origin": [3.5, -4, 3.5]},
			"faces": {
				"north": {"uv": [0, 0, 0, 5.25], "texture": "#3"},
				"east": {"uv": [0, 0, 1.25, 5.25], "texture": "#3"},
				"south": {"uv": [0, 0, 0, 5.25], "texture": "#3"},
				"west": {"uv": [1.25, 0, 2.5, 5.25], "texture": "#3"},
				"up": {"uv": [0, 1.25, 0, 0], "texture": "#3"},
				"down": {"uv": [0, 0, 0, 1.25], "texture": "#3"}
			}
		},
		{
			"from": [7.75, -3, 7],
			"to": [8.25, 19, 9],
			"rotation": {"angle": 0, "axis": "y", "origin": [3.5, -4, 3.5]},
			"faces": {
				"north": {"uv": [5.25, 1.75, 5.375, 7.25], "texture": "#3"},
				"east": {"uv": [4.25, 1.75, 4.75, 7.25], "texture": "#3"},
				"south": {"uv": [2, 5.25, 2.125, 10.75], "texture": "#3"},
				"west": {"uv": [4.75, 1.75, 5.25, 7.25], "texture": "#3"},
				"up": {"uv": [6.125, 0.5, 6, 0], "texture": "#3"},
				"down": {"uv": [6.125, 0.5, 6, 1], "texture": "#3"}
			}
		}
	],
	"gui_light": "front",
	"display": {
		"thirdperson_righthand": {
			"translation": [0, 13.25, 1.25]
		},
		"thirdperson_lefthand": {
			"translation": [0, 13.25, 1.25]
		},
		"firstperson_righthand": {
			"rotation": [-18, 0, 0],
			"translation": [0, 9.75, 0.75],
			"scale": [0.8, 0.8, 0.8]
		},
		"firstperson_lefthand": {
			"rotation": [-18, 0, 0],
			"translation": [0, 9.75, 0.75],
			"scale": [0.8, 0.8, 0.8]
		},
		"ground": {
			"rotation": [-31.91, -6.41, 22.24],
			"translation": [0, 10.75, 0],
			"scale": [0.8, 0.8, 0.8]
		},
		"gui": {
			"rotation": [-90, 46.75, 90],
			"translation": [-2, 2.25, 0],
			"scale": [0.7, 0.7, 0.7]
		},
		"head": {
			"rotation": [-90, 42.5, -90],
			"translation": [4.25, -19.5, 4.75],
			"scale": [1.5, 1.5, 1.5]
		},
		"fixed": {
			"rotation": [-90, 46.75, 90],
			"translation": [-1.75, 2.25, 0],
			"scale": [0.8, 0.8, 0.8]
		}
	},
	"groups": [
		{
			"name": "group",
			"origin": [8, -3.25, 8],
			"color": 0,
			"children": [0, 1, 2, 3, 4, 5, 6, 7]
		}
	]
}