{
	"credit": "wolf_awwent made with blockbench",
	"texture_size": [32, 32],
	"textures": {
		"1": "modelfoundry_mega_weapon_pack:mega_weapon_pack/sword_1",
		"particle": "modelfoundry_mega_weapon_pack:mega_weapon_pack/sword_1"
	},
	"elements": [
		{
			"from": [7.5, -6, 7.5],
			"to": [8.5, -3, 8.5],
			"rotation": {"angle": 0, "axis": "y", "origin": [4, -4, 4]},
			"faces": {
				"north": {"uv": [7.5, 3.5, 8, 5], "texture": "#1"},
				"east": {"uv": [7.5, 5, 8, 6.5], "texture": "#1"},
				"south": {"uv": [7.5, 6.5, 8, 8], "texture": "#1"},
				"west": {"uv": [8, 0, 8.5, 1.5], "texture": "#1"},
				"up": {"uv": [0.5, 9, 0, 8.5], "texture": "#1"},
				"down": {"uv": [9, 0, 8.5, 0.5], "texture": "#1"}
			}
		},
		{
			"from": [7.51, -7.18448, 8.04596],
			"to": [8.49, -5.70448, 9.02596],
			"rotation": {"angle": -22.5, "axis": "x", "origin": [8, -7.19448, 8.53596]},
			"faces": {
				"north": {"uv": [8, 4.5, 8.5, 5.25], "texture": "#1"},
				"east": {"uv": [8, 5.5, 8.5, 6.25], "texture": "#1"},
				"south": {"uv": [8, 6.5, 8.5, 7.25], "texture": "#1"},
				"west": {"uv": [7.5, 8, 8, 8.75], "texture": "#1"},
				"up": {"uv": [1, 9, 0.5, 8.5], "texture": "#1"},
				"down": {"uv": [9, 0.5, 8.5, 1], "texture": "#1"}
			}
		},
		{
			"from": [7.625, -3.025, 9.25],
			"to": [8.375, 2.225, 9.25],
			"rotation": {"angle": 0, "axis": "y", "origin": [7.75, -3.25, 8]},
			"faces": {
				"north": {"uv": [7, 2.5, 7.5, 5.25], "texture": "#1"},
				"east": {"uv": [0, 0, 0, 2.75], "texture": "#1"},
				"south": {"uv": [7, 5.5, 7.5, 8.25], "texture": "#1"},
				"west": {"uv": [0, 0, 0, 2.75], "texture": "#1"},
				"up": {"uv": [0.5, 0, 0, 0], "texture": "#1"},
				"down": {"uv": [0.5, 0, 0, 0], "texture": "#1"}
			}
		},
		{
			"from": [7.625, -3.025, 6.5],
			"to": [7.625, 2.225, 9.25],
			"rotation": {"angle": 0, "axis": "y", "origin": [7.75, -3.25, 8]},
			"faces": {
				"north": {"uv": [0, 0, 0, 2.75], "texture": "#1"},
				"east": {"uv": [4, 0, 5.5, 2.75], "texture": "#1"},
				"south": {"uv": [0, 0, 0, 2.75], "texture": "#1"},
				"west": {"uv": [4, 3, 5.5, 5.75], "texture": "#1"},
				"up": {"uv": [0, 1.5, 0, 0], "texture": "#1"},
				"down": {"uv": [0, 0, 0, 1.5], "texture": "#1"}
			}
		},
		{
			"from": [8.375, -3.025, 6.5],
			"to": [8.375, 2.225, 9.25],
			"rotation": {"angle": 0, "axis": "y", "origin": [7.75, -3.25, 8]},
			"faces": {
				"north": {"uv": [0, 0, 0, 2.75], "texture": "#1"},
				"east": {"uv": [5.5, 0, 7, 2.75], "texture": "#1"},
				"south": {"uv": [0, 0, 0, 2.75], "texture": "#1"},
				"west": {"uv": [5.5, 3, 7, 5.75], "texture": "#1"},
				"up": {"uv": [0, 1.5, 0, 0], "texture": "#1"},
				"down": {"uv": [0, 0, 0, 1.5], "texture": "#1"}
			}
		},
		{
			"from": [8, -3, 6],
			"to": [8, 14, 10],
			"rotation": {"angle": 0, "axis": "y", "origin": [3.5, -4, 4]},
			"faces": {
				"north": {"uv": [0, 0, 0, 8.5], "texture": "#1"},
				"east": {"uv": [0, 0, 2, 8.5], "texture": "#1"},
				"south": {"uv": [0, 0, 0, 8.5], "texture": "#1"},
				"west": {"uv": [2, 0, 4, 8.5], "texture": "#1"},
				"up": {"uv": [0, 2, 0, 0], "texture": "#1"},
				"down": {"uv": [0, 0, 0, 2], "texture": "#1"}
			}
		},
		{
			"from": [7.75, -3, 7.5],
			"to": [8.25, 10.5, 8.5],
			"rotation": {"angle": 0, "axis": "y", "origin": [3.5, -4, 4]},
			"faces": {
				"north": {"uv": [5, 6, 5.25, 12.75], "texture": "#1"},
				"east": {"uv": [4, 6, 4.5, 12.75], "texture": "#1"},
				"south": {"uv": [5.5, 6, 5.75, 12.75], "texture": "#1"},
				"west": {"uv": [4.5, 6, 5, 12.75], "texture": "#1"},
				"up": {"uv": [8.75, 5, 8.5, 4.5], "texture": "#1"},
				"down": {"uv": [8.75, 5, 8.5, 5.5], "texture": "#1"}
			}
		},
		{
			"from": [7.25, -7.69448, 7.78596],
			"to": [8.75, -7.19448, 9.28596],
			"rotation": {"angle": -22.5, "axis": "x", "origin": [8, -7.19448, 8.53596]},
			"faces": {
				"north": {"uv": [1, 8.5, 1.75, 8.75], "texture": "#1"},
				"east": {"uv": [8.5, 1, 9.25, 1.25], "texture": "#1"},
				"south": {"uv": [2, 8.5, 2.75, 8.75], "texture": "#1"},
				"west": {"uv": [3, 8.5, 3.75, 8.75], "texture": "#1"},
				"up": {"uv": [8.75, 2.25, 8, 1.5], "texture": "#1"},
				"down": {"uv": [8.75, 3.5, 8, 4.25], "texture": "#1"}
			}
		},
		{
			"from": [7.375, -3.275, 6],
			"to": [8.625, -2.275, 10.5],
			"rotation": {"angle": -22.5, "axis": "x", "origin": [8, -3.25, 8]},
			"faces": {
				"north": {"uv": [8, 7.5, 8.75, 8], "texture": "#1"},
				"east": {"uv": [7.5, 2.5, 9.75, 3], "texture": "#1"},
				"south": {"uv": [8, 8, 8.75, 8.5], "texture": "#1"},
				"west": {"uv": [7.5, 3, 9.75, 3.5], "texture": "#1"},
				"up": {"uv": [6.75, 8.25, 6, 6], "texture": "#1"},
				"down": {"uv": [7.75, 0, 7, 2.25], "texture": "#1"}
			}
		}
	],
	"gui_light": "front",
	"display": {
		"thirdperson_righthand": {
			"translation": [0, 11.5, 0.75]
		},
		"thirdperson_lefthand": {
			"translation": [0, 11.5, 0.75]
		},
		"firstperson_righthand": {
			"rotation": [-18, 0, 0],
			"translation": [0, 10.75, 0.75],
			"scale": [0.8, 0.8, 0.8]
		},
		"firstperson_lefthand": {
			"rotation": [-18, 0, 0],
			"translation": [0, 10.75, 0.75],
			"scale": [0.8, 0.8, 0.8]
		},
		"ground": {
			"rotation": [-31.91, -6.41, 22.24],
			"translation": [0, 10.75, 0],
			"scale": [0.8, 0.8, 0.8]
		},
		"gui": {
			"rotation": [-90, 46.75, 90],
			"translation": [-3.25, 3.25, 0]
		},
		"head": {
			"rotation": [-90, 42.5, -90],
			"translation": [4.25, -19.5, 4.75],
			"scale": [1.5, 1.5, 1.5]
		},
		"fixed": {
			"rotation": [-90, 46.75, 90],
			"translation": [-3.25, 3.5, 0]
		}
	},
	"groups": [
		{
			"name": "group",
			"origin": [8, -3.25, 8],
			"color": 0,
			"children": [0, 1, 2, 3, 4, 5, 6, 7, 8]
		}
	]
}