{"textures":{"0":"modelengine:entity/mega_warden_pet"},"elements":[{"from":[8.0,2.0,6.5],"to":[11.0,9.0,9.5],"faces":{"east":{"uv":[6.5,2.0,7.25,3.75],"tintindex":0,"rotation":0,"texture":"#0"},"south":{"uv":[0.0,6.75,0.75,8.5],"tintindex":0,"rotation":0,"texture":"#0"},"north":{"uv":[4.5,1.75,5.25,3.5],"tintindex":0,"rotation":0,"texture":"#0"},"west":{"uv":[0.75,6.75,1.5,8.5],"tintindex":0,"rotation":0,"texture":"#0"},"up":{"uv":[7.25,8.0,6.5,7.25],"tintindex":0,"rotation":0,"texture":"#0"},"down":{"uv":[8.0,7.25,7.25,8.0],"tintindex":0,"rotation":0,"texture":"#0"}}}],"display":{"gui":{"rotation":[30,225,0]}}}