{"textures":{"0":"modelengine:entity/mega_warden_pet"},"elements":[{"from":[6.5,3.0,7.5],"to":[9.5,8.0,10.5],"faces":{"east":{"uv":[7.25,2.0,8.0,3.25],"tintindex":0,"rotation":0,"texture":"#0"},"south":{"uv":[3.5,7.25,4.25,8.5],"tintindex":0,"rotation":0,"texture":"#0"},"north":{"uv":[7.0,4.75,7.75,6.0],"tintindex":0,"rotation":0,"texture":"#0"},"west":{"uv":[4.25,7.25,5.0,8.5],"tintindex":0,"rotation":0,"texture":"#0"},"up":{"uv":[5.75,8.0,5.0,7.25],"tintindex":0,"rotation":0,"texture":"#0"},"down":{"uv":[6.5,7.25,5.75,8.0],"tintindex":0,"rotation":0,"texture":"#0"}}}],"display":{"gui":{"rotation":[30,225,0]}}}