{"textures":{"0":"modelengine:entity/mega_warden_pet"},"elements":[{"from":[8.5,6.0,10.0],"to":[8.5,14.0,13.0],"faces":{"east":{"uv":[16.0,1.25,15.25,3.25],"tintindex":0,"rotation":0,"texture":"#0"},"west":{"uv":[15.25,1.25,16.0,3.25],"tintindex":0,"rotation":0,"texture":"#0"}}},{"from":[5.0,6.0,5.0],"to":[12.0,14.0,10.0],"faces":{"east":{"uv":[5.25,1.75,6.5,3.75],"tintindex":0,"rotation":0,"texture":"#0"},"south":{"uv":[1.75,3.5,3.5,5.5],"tintindex":0,"rotation":0,"texture":"#0"},"north":{"uv":[0.0,3.5,1.75,5.5],"tintindex":0,"rotation":0,"texture":"#0"},"west":{"uv":[3.5,5.25,4.75,7.25],"tintindex":0,"rotation":0,"texture":"#0"},"up":{"uv":[1.75,6.75,0.0,5.5],"tintindex":0,"rotation":0,"texture":"#0"},"down":{"uv":[3.5,5.5,1.75,6.75],"tintindex":0,"rotation":0,"texture":"#0"}}},{"from":[6.0,7.0,3.0],"to":[6.0,12.0,5.0],"faces":{"east":{"uv":[13.75,0.0,13.25,1.25],"tintindex":0,"rotation":0,"texture":"#0"},"west":{"uv":[13.25,0.0,13.75,1.25],"tintindex":0,"rotation":0,"texture":"#0"}},"rotation":{"origin":[6.0,9.5,5.0],"angle":-45.0,"axis":"y"}},{"from":[10.707107,7.0,3.7071066],"to":[10.707107,12.0,5.7071066],"faces":{"east":{"uv":[13.75,0.0,13.25,1.25],"tintindex":0,"rotation":0,"texture":"#0"},"west":{"uv":[13.25,0.0,13.75,1.25],"tintindex":0,"rotation":0,"texture":"#0"}},"rotation":{"origin":[10.0,9.5,5.0],"angle":45.0,"axis":"y"}}],"display":{"gui":{"rotation":[30,225,0]}}}