{
    "group": "NORMAL",
    "maximumRate": {
        "amount": 30,
        "per": {"seconds": 25}
    },
    "maxEntitiesPerChunk": 2,
    "energyMultiplier": 0.95,
    "weather": "ANY",
    "spawns": [
        {
            "entity": "standard/hostile/ghast",
            "energyMultiplier": 0.885,
            "rarity": 7
        },
        {
            "entity": "standard/hostile/zombified-piglin",
            "energyMultiplier": 1.35,
            "rarity": 1
        },
        {
            "entity": "standard/hostile/zoglin",
            "energyMultiplier": 1.15,
            "rarity": 3
        }
    ]
}
