{"textures":{"0":"modelengine:entity/tower_skeleton_maw"},"elements":[{"from":[-12.0,-11.5,-5.0],"to":[28.0,27.5,21.0],"faces":{"east":{"uv":[3.28125,6.53125,3.6875,7.140625],"tintindex":0,"rotation":0,"texture":"#0"},"south":{"uv":[0.78125,6.53125,1.40625,7.140625],"tintindex":0,"rotation":0,"texture":"#0"},"north":{"uv":[0.78125,6.53125,1.40625,7.140625],"tintindex":0,"rotation":0,"texture":"#0"},"west":{"uv":[3.28125,6.53125,3.6875,7.140625],"tintindex":0,"rotation":0,"texture":"#0"},"up":{"uv":[2.65625,6.9375,2.03125,6.53125],"tintindex":0,"rotation":0,"texture":"#0"},"down":{"uv":[3.28125,6.53125,2.65625,6.9375],"tintindex":0,"rotation":0,"texture":"#0"}}}],"display":{"gui":{"rotation":[30,225,0]}}}