{"stats":{"minecraft:used":{"minecraft:diamond_pickaxe":1,"minecraft:chest":6,"minecraft:diamond_axe":35,"minecraft:orange_bed":1,"minecraft:diamond_sword":11,"minecraft:golden_carrot":6,"minecraft:egg":1,"minecraft:cooked_beef":2},"minecraft:dropped":{"minecraft:cobweb":1,"minecraft:mud_bricks":8,"minecraft:diamond_axe":1,"minecraft:player_head":3,"minecraft:golden_chestplate":1,"minecraft:glass_bottle":1,"minecraft:bowl":1,"minecraft:gold_nugget":16,"minecraft:rotten_flesh":11,"minecraft:glow_item_frame":1,"minecraft:spider_eye":2,"majruszsdifficulty:tattered_helmet":1,"minecraft:leather":1,"minecraft:blue_orchid":2,"minecraft:stone_slab":5,"minecraft:name_tag":10,"minecraft:string":2,"minecraft:gold_ingot":1,"paraglider:spirit_orb":3,"minecraft:bone":5},"minecraft:crafted":{"minecraft:oak_planks":40,"minecraft:chest":4,"minecraft:birch_planks":32},"minecraft:picked_up":{"minecraft:birch_log":8,"minecraft:stick":1,"minecraft:cooked_beef":3,"minecraft:leather":1,"paraglider:spirit_orb":2,"minecraft:oak_log":10,"minecraft:golden_chestplate":1,"minecraft:string":2,"minecraft:orange_bed":1,"dungeonnowloading:spawner_fragment":6,"minecraft:diamond_axe":1,"minecraft:gold_ingot":1,"minecraft:oak_sapling":4,"minecraft:chest":2,"minecraft:egg":1},"minecraft:killed":{"minecraft:pillager":3,"minecraft:zombie":1,"majruszsdifficulty:cursed_armor":1},"minecraft:custom":{"minecraft:time_since_rest":4962,"lootr:looted_stat":22,"minecraft:sprint_one_cm":192975,"minecraft:damage_taken":104,"minecraft:walk_one_cm":40912,"minecraft:mob_kills":6,"minecraft:drop":24,"minecraft:damage_dealt":1310,"minecraft:swim_one_cm":2868,"minecraft:fly_one_cm":342659,"minecraft:open_chest":6,"minecraft:crouch_one_cm":1,"minecraft:play_time":37297,"minecraft:sneak_time":2,"minecraft:walk_under_water_one_cm":148,"minecraft:jump":672,"minecraft:leave_game":1,"minecraft:time_since_death":37297,"minecraft:walk_on_water_one_cm":1521,"minecraft:sleep_in_bed":1,"minecraft:total_world_time":37297,"minecraft:climb_one_cm":1521,"minecraft:fall_one_cm":237529},"minecraft:mined":{"minecraft:birch_log":8,"minecraft:oak_log":10,"minecraft:chest":2,"minecraft:orange_bed":1,"minecraft:spawner":1}},"DataVersion":3465}