{"stats":{"minecraft:crafted":{"minecraft:cooked_beef":10,"minecraft:oak_planks":56,"minecraft:cooked_porkchop":4,"minecraft:crafting_table":3,"minecraft:iron_helmet":1,"minecraft:wooden_pickaxe":1,"minecraft:iron_sword":1,"minecraft:furnace":2,"minecraft:birch_planks":64,"minecraft:air":0,"minecraft:golden_apple":1,"minecraft:diamond_helmet":1,"minecraft:iron_boots":1,"minecraft:iron_chestplate":1,"minecraft:shield":1,"minecraft:stick":12,"minecraft:iron_ingot":25,"minecraft:iron_pickaxe":1,"minecraft:stone_pickaxe":1,"minecraft:wooden_axe":1,"minecraft:gold_ingot":3,"minecraft:iron_leggings":1,"galosphere:silver_ingot":2,"minecraft:torch":4,"minecraft:diamond_chestplate":1},"minecraft:picked_up":{"minecraft:birch_log":16,"minecraft:leather":4,"soulsweapons:moonstone":6,"immersive_weathering:silt":1,"minecraft:tuff":4,"minecraft:oak_log":14,"minecraft:gunpowder":3,"minecraft:lapis_lazuli":46,"minecraft:dirt":2,"minecraft:string":4,"minecraft:raw_copper":2,"minecraft:bone":1,"minecraft:apple":15,"minecraft:raw_gold":3,"minecraft:wheat_seeds":6,"minecraft:gold_nugget":27,"minecraft:cobbled_deepslate":71,"minecraft:beef":10,"minecraft:iron_ingot":31,"minecraft:stone_pickaxe":2,"minecraft:glass_bottle":1,"galosphere:raw_silver":17,"minecraft:birch_sapling":1,"minecraft:oak_planks":8,"minecraft:stick":1,"minecraft:raw_iron":73,"minecraft:oak_door":2,"minecraft:oak_fence":1,"minecraft:torch":10,"minecraft:gravel":3,"minecraft:spider_eye":6,"minecraft:arrow":2,"minecraft:honey_bottle":1,"minecraft:rotten_flesh":6,"minecraft:diamond":11,"soulsweapons:verglas":1,"minecraft:gold_ingot":6,"minecraft:baked_potato":8,"minecraft:coal":10,"minecraft:rail":2,"minecraft:cobblestone":25},"minecraft:dropped":{"minecraft:gravel":3,"minecraft:iron_ingot":28,"minecraft:birch_planks":3,"minecraft:wheat_seeds":6,"minecraft:cobbled_deepslate":38,"minecraft:raw_copper":2,"minecraft:glass_bottle":2,"minecraft:tuff":4,"minecraft:oak_fence":1,"minecraft:cobblestone":11,"minecraft:rotten_flesh":6,"minecraft:oak_planks":16,"minecraft:leather":4,"immersive_weathering:silt":1,"minecraft:coal":8,"minecraft:rail":2,"minecraft:stick":3,"minecraft:dirt":2,"minecraft:gunpowder":3,"minecraft:torch":2,"minecraft:beetroot_seeds":1,"minecraft:spider_eye":6,"minecraft:arrow":2,"minecraft:stone_pickaxe":3,"minecraft:wooden_pickaxe":1,"minecraft:paper":1,"minecraft:string":4,"minecraft:bone":1},"minecraft:used":{"minecraft:birch_planks":55,"minecraft:baked_potato":8,"minecraft:stone_pickaxe":41,"minecraft:oak_planks":24,"minecraft:wooden_pickaxe":11,"minecraft:iron_sword":62,"minecraft:torch":10,"minecraft:golden_apple":2,"minecraft:crafting_table":3,"minecraft:honey_bottle":2,"minecraft:wooden_axe":52,"minecraft:bread":7,"minecraft:birch_sapling":1,"minecraft:iron_pickaxe":132,"minecraft:cobblestone":3,"minecraft:furnace":2,"minecraft:cooked_porkchop":4,"minecraft:cooked_beef":10,"minecraft:cobbled_deepslate":18},"minecraft:mined":{"minecraft:tuff":4,"minecraft:deepslate_diamond_ore":11,"soulsweapons:verglas_ore_deepslate":1,"galosphere:deepslate_silver_ore":6,"immersive_weathering:birch_leaf_pile":3,"galosphere:silver_ore":13,"minecraft:tall_grass":5,"minecraft:deepslate_gold_ore":2,"minecraft:wall_torch":10,"minecraft:birch_log":16,"minecraft:iron_ore":29,"minecraft:birch_leaves":1,"minecraft:deepslate_lapis_ore":6,"minecraft:grass":7,"soulsweapons:moonstone_ore_deepslate":6,"minecraft:coal_ore":9,"minecraft:oak_log":13,"minecraft:deepslate_iron_ore":39,"minecraft:gravel":1,"immersive_weathering:silt":1,"minecraft:stone":23,"minecraft:deepslate":31},"minecraft:killed":{"minecraft:cave_spider":1,"minecraft:spider":7,"minecraft:creeper":1,"minecraft:skeleton":1,"minecraft:zombie":5,"minecraft:cow":4},"minecraft:broken":{"minecraft:wooden_axe":1},"minecraft:custom":{"lootr:looted_stat":2,"minecraft:interact_with_furnace":41,"minecraft:mob_kills":19,"minecraft:interact_with_crafting_table":21,"minecraft:open_barrel":9,"minecraft:leave_game":1,"minecraft:time_since_death":85433,"minecraft:climb_one_cm":1100,"minecraft:time_since_rest":85433,"minecraft:sprint_one_cm":470325,"minecraft:damage_absorbed":79,"minecraft:damage_taken":1640,"minecraft:walk_one_cm":165224,"minecraft:drop":38,"minecraft:damage_dealt":3895,"minecraft:swim_one_cm":33312,"minecraft:fly_one_cm":225809,"minecraft:crouch_one_cm":8452,"minecraft:play_time":85433,"minecraft:sneak_time":2031,"minecraft:walk_under_water_one_cm":10472,"minecraft:jump":1634,"minecraft:walk_on_water_one_cm":26246,"minecraft:total_world_time":85433,"minecraft:fall_one_cm":38128}},"DataVersion":3465}