{"stats":{"minecraft:used":{"minecraft:chest":6,"minecraft:diamond_axe":23,"minecraft:diamond_sword":2,"minecraft:golden_carrot":1,"minecraft:cooked_beef":1},"minecraft:dropped":{"minecraft:cobweb":1,"minecraft:mud_bricks":8,"minecraft:diamond_axe":1,"minecraft:player_head":3,"minecraft:glass_bottle":1,"minecraft:bowl":1,"minecraft:rotten_flesh":11,"minecraft:glow_item_frame":1,"minecraft:spider_eye":2,"majruszsdifficulty:tattered_helmet":1,"minecraft:stone_slab":5,"minecraft:name_tag":10,"minecraft:bone":5},"minecraft:crafted":{"minecraft:oak_planks":40,"minecraft:chest":4,"minecraft:birch_planks":32},"minecraft:picked_up":{"minecraft:birch_log":8,"minecraft:stick":1,"minecraft:cooked_beef":3,"minecraft:leather":1,"minecraft:oak_log":10,"minecraft:diamond_axe":1,"minecraft:oak_sapling":4,"minecraft:chest":2,"minecraft:egg":1},"minecraft:killed":{"minecraft:zombie":1},"minecraft:custom":{"minecraft:time_since_rest":13297,"lootr:looted_stat":4,"minecraft:sprint_one_cm":52580,"minecraft:damage_taken":22,"minecraft:walk_one_cm":13187,"minecraft:mob_kills":1,"minecraft:drop":14,"minecraft:damage_dealt":354,"minecraft:fly_one_cm":120808,"minecraft:open_chest":6,"minecraft:crouch_one_cm":1,"minecraft:play_time":13297,"minecraft:sneak_time":2,"minecraft:jump":260,"minecraft:leave_game":1,"minecraft:time_since_death":13297,"minecraft:walk_on_water_one_cm":1002,"minecraft:total_world_time":13297,"minecraft:climb_one_cm":1521,"minecraft:fall_one_cm":90679},"minecraft:mined":{"minecraft:birch_log":8,"minecraft:oak_log":10,"minecraft:chest":2}},"DataVersion":3465}