{"stats":{"minecraft:used":{"farmersdelight:diamond_knife":4,"minecraft:blackstone":1,"minecraft:ender_pearl":8,"minecraft:chest":6,"minecraft:diamond_axe":263,"minecraft:torch":7,"minecraft:orange_bed":1,"minecraft:golden_apple":11,"minecraft:spyglass":5,"minecraft:diamond_pickaxe":26,"minecraft:diamond_sword":111,"minecraft:golden_carrot":40,"minecraft:bow":32,"mythicupgrades:ruby_potion":6,"minecraft:pumpkin_pie":5,"minecraft:egg":1,"minecraft:cooked_beef":2,"simplyswords:dormant_relic":91,"minecraft:experience_bottle":2},"minecraft:dropped":{"farmersdelight:tomato_seeds":1,"minecraft:iron_ingot":2,"minecraft:diamond_axe":1,"minecraft:player_head":5,"minecraft:golden_chestplate":1,"minecraft:glass_bottle":4,"minecraft:bowl":1,"minecraft:crossbow":1,"minecraft:cobblestone":1,"dungeonnowloading:mossy_cobblestone_pebble":1,"minecraft:rotten_flesh":24,"minecraft:glow_item_frame":1,"majruszsdifficulty:tattered_helmet":1,"minecraft:leather":1,"minecraft:stone_slab":5,"minecraft:jungle_planks":3,"minecraft:name_tag":11,"dungeonnowloading:spawner_fragment":2,"minecraft:golden_apple":11,"paraglider:spirit_orb":3,"minecraft:stick":3,"minecraft:cobweb":1,"minecraft:mud_bricks":8,"minecraft:gunpowder":2,"minecraft:rose_bush":1,"minecraft:chain":1,"minecraft:gold_nugget":16,"minecraft:spider_eye":4,"minecraft:blue_orchid":2,"dungeonnowloading:wooden_wall_platform":1,"minecraft:chainmail_leggings":1,"minecraft:magma_block":1,"minecraft:dark_oak_planks":2,"minecraft:string":15,"minecraft:armor_stand":1,"minecraft:bone":27,"minecraft:gold_ingot":1},"minecraft:crafted":{"minecraft:oak_planks":40,"dungeonnowloading:spawner_frame":3,"minecraft:crafting_table":1,"vanillatweaks:crafting_pad":1,"minecraft:birch_planks":32,"minecraft:stick":4,"minecraft:chest":4},"minecraft:picked_up":{"minecraft:birch_log":8,"minecraft:magma_block":1,"dungeonnowloading:wooden_wall_platform":1,"minecraft:cooked_beef":3,"minecraft:leather":1,"soulsweapons:moonstone":2,"paraglider:spirit_orb":40,"minecraft:chain":1,"minecraft:oak_log":10,"minecraft:gunpowder":2,"minecraft:string":21,"minecraft:name_tag":1,"minecraft:armor_stand":1,"minecraft:blackstone":3,"minecraft:bone":30,"dungeonnowloading:spawner_fragment":98,"bosses_of_mass_destruction:soul_star":1,"minecraft:iron_ingot":2,"minecraft:player_head":3,"dungeonnowloading:mossy_cobblestone_pebble":1,"minecraft:chest":2,"minecraft:egg":1,"minecraft:stick":1,"minecraft:jungle_planks":9,"minecraft:spider_eye":5,"minecraft:golden_chestplate":1,"minecraft:dark_oak_planks":2,"minecraft:orange_bed":1,"minecraft:arrow":27,"minecraft:rotten_flesh":28,"minecraft:diamond":3,"minecraft:chainmail_leggings":1,"minecraft:crossbow":1,"minecraft:diamond_axe":1,"minecraft:gold_ingot":1,"minecraft:oak_sapling":4,"minecraft:cobblestone":1,"minecraft:diamond_pickaxe":1},"minecraft:killed":{"minecraft:husk":2,"minecraft:bat":1,"minecraft:spider":13,"majruszsdifficulty:cursed_armor":1,"minecraft:skeleton":19,"minecraft:pillager":15,"minecraft:zombie":15},"minecraft:custom":{"lootr:looted_stat":166,"minecraft:mob_kills":75,"minecraft:open_barrel":2,"minecraft:damage_dealt_resisted":25,"minecraft:leave_game":2,"minecraft:time_since_death":121141,"minecraft:sleep_in_bed":2,"minecraft:climb_one_cm":7469,"minecraft:time_since_rest":67744,"minecraft:sprint_one_cm":743886,"minecraft:walk_one_cm":289130,"minecraft:damage_taken":4564,"minecraft:damage_absorbed":295,"minecraft:drop":64,"minecraft:damage_dealt":26379,"minecraft:swim_one_cm":2868,"minecraft:fly_one_cm":551288,"minecraft:open_chest":8,"minecraft:crouch_one_cm":15834,"minecraft:play_time":121141,"minecraft:sneak_time":3373,"minecraft:walk_under_water_one_cm":148,"minecraft:jump":1422,"minecraft:walk_on_water_one_cm":3817,"minecraft:total_world_time":121141,"minecraft:fall_one_cm":428557},"minecraft:mined":{"minecraft:dark_oak_planks":2,"minecraft:deepslate_redstone_ore":1,"minecraft:decorated_pot":2,"minecraft:jungle_planks":13,"minecraft:chest":2,"minecraft:spawner":21,"minecraft:chain":1,"minecraft:magma_block":1,"minecraft:birch_log":8,"minecraft:birch_leaves":2,"minecraft:grass":1,"soulsweapons:moonstone_ore_deepslate":2,"minecraft:oak_log":10,"minecraft:vine":6,"minecraft:orange_bed":1}},"DataVersion":3465}