{"stats":{"minecraft:crafted":{"minecraft:cooked_beef":10,"minecraft:oak_planks":56,"minecraft:crafting_table":3,"minecraft:iron_helmet":1,"minecraft:wooden_pickaxe":1,"minecraft:iron_sword":1,"minecraft:furnace":2,"minecraft:air":0,"minecraft:iron_boots":1,"minecraft:iron_chestplate":1,"minecraft:stick":12,"minecraft:iron_ingot":25,"minecraft:iron_pickaxe":1,"minecraft:stone_pickaxe":1,"minecraft:wooden_axe":1,"minecraft:iron_leggings":1,"minecraft:torch":4},"minecraft:picked_up":{"minecraft:birch_log":16,"minecraft:leather":4,"soulsweapons:moonstone":1,"minecraft:tuff":2,"minecraft:oak_log":14,"minecraft:gunpowder":3,"minecraft:lapis_lazuli":46,"minecraft:dirt":2,"minecraft:string":4,"minecraft:raw_copper":2,"minecraft:wheat_seeds":6,"minecraft:cobbled_deepslate":50,"minecraft:beef":10,"minecraft:iron_ingot":10,"minecraft:stone_pickaxe":2,"minecraft:glass_bottle":1,"galosphere:raw_silver":16,"minecraft:birch_sapling":1,"minecraft:oak_planks":8,"minecraft:stick":1,"minecraft:raw_iron":65,"minecraft:oak_door":2,"minecraft:oak_fence":1,"minecraft:torch":7,"minecraft:gravel":3,"minecraft:spider_eye":6,"minecraft:honey_bottle":1,"minecraft:rotten_flesh":2,"minecraft:diamond":1,"soulsweapons:verglas":1,"minecraft:coal":10,"minecraft:rail":2,"minecraft:cobblestone":25},"minecraft:dropped":{"minecraft:gravel":3,"minecraft:iron_ingot":8,"minecraft:wheat_seeds":6,"minecraft:cobbled_deepslate":38,"minecraft:raw_copper":2,"minecraft:glass_bottle":1,"minecraft:tuff":2,"minecraft:oak_fence":1,"minecraft:cobblestone":11,"minecraft:rotten_flesh":2,"minecraft:oak_planks":16,"minecraft:rail":2,"minecraft:stick":3,"minecraft:dirt":2,"minecraft:gunpowder":3,"minecraft:torch":2,"minecraft:beetroot_seeds":1,"minecraft:stone_pickaxe":1,"minecraft:wooden_pickaxe":1,"minecraft:paper":1},"minecraft:used":{"minecraft:stone_pickaxe":41,"minecraft:wooden_pickaxe":11,"minecraft:iron_sword":34,"minecraft:torch":7,"minecraft:crafting_table":3,"minecraft:honey_bottle":2,"minecraft:wooden_axe":52,"minecraft:bread":2,"minecraft:birch_sapling":1,"minecraft:iron_pickaxe":89,"minecraft:cobblestone":1,"minecraft:furnace":2,"minecraft:cooked_beef":10},"minecraft:mined":{"minecraft:tuff":2,"minecraft:deepslate_diamond_ore":1,"soulsweapons:verglas_ore_deepslate":1,"galosphere:deepslate_silver_ore":5,"immersive_weathering:birch_leaf_pile":3,"galosphere:silver_ore":13,"minecraft:tall_grass":5,"minecraft:wall_torch":7,"minecraft:birch_log":16,"minecraft:iron_ore":29,"minecraft:birch_leaves":1,"minecraft:deepslate_lapis_ore":6,"minecraft:grass":6,"soulsweapons:moonstone_ore_deepslate":1,"minecraft:coal_ore":9,"minecraft:oak_log":13,"minecraft:deepslate_iron_ore":32,"minecraft:gravel":1,"minecraft:stone":23,"minecraft:deepslate":16},"minecraft:killed":{"minecraft:cave_spider":1,"minecraft:spider":5,"minecraft:creeper":1,"minecraft:zombie":3,"minecraft:cow":4},"minecraft:broken":{"minecraft:wooden_axe":1},"minecraft:custom":{"lootr:looted_stat":2,"minecraft:interact_with_furnace":32,"minecraft:mob_kills":14,"minecraft:interact_with_crafting_table":13,"minecraft:open_barrel":9,"minecraft:leave_game":1,"minecraft:time_since_death":49433,"minecraft:climb_one_cm":952,"minecraft:time_since_rest":49433,"minecraft:sprint_one_cm":285342,"minecraft:damage_taken":787,"minecraft:walk_one_cm":112736,"minecraft:drop":24,"minecraft:damage_dealt":2418,"minecraft:swim_one_cm":23005,"minecraft:fly_one_cm":114399,"minecraft:crouch_one_cm":282,"minecraft:play_time":49433,"minecraft:sneak_time":141,"minecraft:walk_under_water_one_cm":6023,"minecraft:jump":795,"minecraft:walk_on_water_one_cm":5926,"minecraft:total_world_time":49433,"minecraft:fall_one_cm":20127}},"DataVersion":3465}