{"stats":{"minecraft:crafted":{"minecraft:oak_planks":56,"minecraft:furnace":2,"minecraft:diamond_helmet":1,"minecraft:iron_boots":1,"minecraft:stone_pickaxe":1,"galosphere:silver_ingot":2,"minecraft:cooked_beef":10,"minecraft:cooked_porkchop":4,"minecraft:crafting_table":3,"minecraft:wooden_pickaxe":1,"minecraft:iron_helmet":1,"minecraft:iron_sword":1,"minecraft:birch_planks":64,"minecraft:air":0,"minecraft:iron_chestplate":1,"minecraft:golden_apple":1,"minecraft:shield":1,"minecraft:stick":12,"minecraft:iron_ingot":25,"minecraft:iron_pickaxe":1,"minecraft:wooden_axe":1,"minecraft:iron_leggings":1,"minecraft:gold_ingot":3,"minecraft:torch":4,"minecraft:diamond_chestplate":1},"minecraft:picked_up":{"minecraft:shelter_pottery_sherd":1,"minecraft:brown_mushroom":1,"soulsweapons:moonstone":6,"minecraft:gold_block":2,"minecraft:string":5,"minecraft:raw_copper":2,"minecraft:gold_nugget":27,"minecraft:cobbled_deepslate":82,"minecraft:beef":10,"minecraft:birch_sapling":1,"minecraft:raw_iron":73,"minecraft:stick":1,"minecraft:sheaf_pottery_sherd":1,"minecraft:oak_door":2,"minecraft:oak_fence":1,"minecraft:torch":17,"minecraft:golden_chestplate":1,"minecraft:rotten_flesh":18,"minecraft:arrow":2,"minecraft:honey_bottle":1,"minecraft:iron_block":4,"minecraft:gold_ingot":6,"minecraft:obsidian":8,"minecraft:mutton":11,"minecraft:rail":2,"minecraft:white_wool":9,"minecraft:cobblestone":25,"minecraft:birch_log":16,"minecraft:leather":4,"minecraft:birch_planks":1,"immersive_weathering:silt":1,"minecraft:tuff":4,"minecraft:oak_log":14,"minecraft:gunpowder":4,"minecraft:lapis_lazuli":46,"minecraft:dirt":2,"minecraft:bone":1,"minecraft:apple":15,"minecraft:bow":2,"minecraft:wheat_seeds":6,"minecraft:raw_gold":3,"minecraft:stone_pickaxe":2,"minecraft:iron_ingot":31,"minecraft:glass_bottle":1,"galosphere:raw_silver":17,"minecraft:oak_planks":8,"minecraft:dandelion":1,"minecraft:gravel":3,"minecraft:amethyst_shard":4,"minecraft:spider_eye":6,"minecraft:snort_pottery_sherd":1,"minecraft:diamond":11,"minecraft:angler_pottery_sherd":1,"soulsweapons:verglas":1,"minecraft:baked_potato":8,"minecraft:coal":10},"minecraft:dropped":{"minecraft:iron_ingot":28,"minecraft:birch_planks":3,"minecraft:wheat_seeds":6,"minecraft:shelter_pottery_sherd":1,"minecraft:glass_bottle":2,"minecraft:oak_fence":1,"minecraft:cobblestone":11,"minecraft:leather":4,"immersive_weathering:silt":1,"minecraft:sheaf_pottery_sherd":1,"minecraft:rail":2,"minecraft:coal":8,"minecraft:stick":3,"minecraft:dirt":2,"minecraft:torch":2,"minecraft:angler_pottery_sherd":1,"minecraft:paper":1,"minecraft:string":4,"minecraft:dandelion":1,"minecraft:bone":1,"minecraft:oak_door":2,"minecraft:gravel":3,"minecraft:cobbled_deepslate":38,"minecraft:raw_copper":2,"minecraft:tuff":4,"minecraft:rotten_flesh":17,"minecraft:oak_planks":16,"minecraft:gunpowder":3,"minecraft:beetroot_seeds":1,"minecraft:spider_eye":6,"minecraft:snort_pottery_sherd":1,"minecraft:bow":2,"minecraft:arrow":2,"minecraft:stone_pickaxe":3,"minecraft:wooden_pickaxe":1},"minecraft:used":{"minecraft:iron_sword":135,"minecraft:torch":26,"minecraft:honey_bottle":2,"minecraft:wooden_axe":52,"minecraft:birch_sapling":1,"minecraft:golden_carrot":1,"minecraft:bow":5,"minecraft:furnace":2,"minecraft:cooked_beef":10,"minecraft:cobbled_deepslate":26,"minecraft:pumpkin":10,"minecraft:birch_planks":55,"minecraft:oak_planks":24,"minecraft:stone_pickaxe":41,"minecraft:baked_potato":8,"minecraft:wooden_pickaxe":11,"minecraft:white_wool":2,"minecraft:golden_apple":4,"minecraft:crafting_table":3,"minecraft:lingering_potion":1,"minecraft:apple":15,"minecraft:bread":31,"minecraft:iron_pickaxe":151,"minecraft:potion":2,"minecraft:cobblestone":3,"minecraft:cooked_porkchop":4},"minecraft:mined":{"minecraft:tuff":4,"minecraft:deepslate_diamond_ore":11,"immersive_weathering:birch_leaf_pile":3,"minecraft:decorated_pot":1,"minecraft:spawner":1,"minecraft:iron_ore":29,"minecraft:deepslate_lapis_ore":6,"minecraft:gold_block":2,"soulsweapons:moonstone_ore_deepslate":6,"minecraft:deepslate_iron_ore":39,"immersive_weathering:silt":1,"minecraft:stone":23,"minecraft:iron_block":4,"minecraft:white_wool":2,"soulsweapons:verglas_ore_deepslate":1,"minecraft:amethyst_cluster":1,"galosphere:deepslate_silver_ore":6,"minecraft:torch":5,"galosphere:silver_ore":13,"minecraft:tall_grass":5,"minecraft:deepslate_gold_ore":2,"minecraft:wall_torch":12,"minecraft:birch_log":16,"minecraft:birch_leaves":1,"minecraft:grass":7,"minecraft:oak_log":13,"minecraft:coal_ore":9,"minecraft:gravel":1,"minecraft:deepslate":41},"minecraft:killed":{"minecraft:cave_spider":1,"minecraft:spider":8,"minecraft:skeleton":2,"minecraft:piglin_brute":1,"minecraft:husk":1,"minecraft:hoglin":1,"minecraft:creeper":1,"minecraft:sheep":7,"minecraft:zombie":9,"minecraft:enderman":1,"minecraft:cow":4},"minecraft:broken":{"minecraft:wooden_axe":1},"minecraft:custom":{"lootr:looted_stat":42,"minecraft:mob_kills":36,"minecraft:interact_with_crafting_table":21,"minecraft:open_barrel":13,"minecraft:leave_game":2,"minecraft:time_since_death":55272,"minecraft:climb_one_cm":14916,"minecraft:sprint_one_cm":903224,"minecraft:walk_one_cm":254878,"minecraft:drop":49,"minecraft:talked_to_villager":8,"minecraft:play_time":150857,"minecraft:sneak_time":5506,"minecraft:deaths":1,"minecraft:walk_under_water_one_cm":26506,"minecraft:interact_with_brewingstand":1,"minecraft:jump":2928,"minecraft:walk_on_water_one_cm":41988,"minecraft:total_world_time":150857,"minecraft:interact_with_furnace":41,"minecraft:time_since_rest":55413,"minecraft:damage_taken":3503,"minecraft:damage_absorbed":122,"minecraft:damage_dealt":7316,"minecraft:swim_one_cm":61695,"minecraft:fly_one_cm":526895,"minecraft:open_chest":24,"minecraft:crouch_one_cm":21218,"minecraft:fall_one_cm":94570}},"DataVersion":3465}