{"stats":{"minecraft:used":{"minecraft:diamond_pickaxe":4,"farmersdelight:diamond_knife":4,"minecraft:chest":6,"minecraft:diamond_axe":74,"minecraft:orange_bed":1,"minecraft:diamond_sword":41,"minecraft:golden_carrot":10,"minecraft:bow":4,"mythicupgrades:ruby_potion":6,"minecraft:egg":1,"minecraft:cooked_beef":2},"minecraft:dropped":{"minecraft:cobweb":1,"minecraft:mud_bricks":8,"minecraft:diamond_axe":1,"minecraft:player_head":3,"minecraft:golden_chestplate":1,"minecraft:glass_bottle":1,"minecraft:bowl":1,"minecraft:gold_nugget":16,"minecraft:rotten_flesh":11,"minecraft:glow_item_frame":1,"minecraft:spider_eye":2,"majruszsdifficulty:tattered_helmet":1,"minecraft:leather":1,"minecraft:blue_orchid":2,"minecraft:stone_slab":5,"minecraft:name_tag":10,"minecraft:string":2,"minecraft:gold_ingot":1,"paraglider:spirit_orb":3,"minecraft:bone":6},"minecraft:crafted":{"minecraft:oak_planks":40,"minecraft:chest":4,"minecraft:birch_planks":32},"minecraft:picked_up":{"minecraft:birch_log":8,"minecraft:stick":1,"minecraft:cooked_beef":3,"minecraft:leather":1,"paraglider:spirit_orb":8,"minecraft:oak_log":10,"minecraft:golden_chestplate":1,"minecraft:string":2,"minecraft:name_tag":1,"minecraft:arrow":8,"minecraft:orange_bed":1,"minecraft:bone":8,"dungeonnowloading:spawner_fragment":22,"minecraft:diamond_axe":1,"minecraft:gold_ingot":1,"minecraft:oak_sapling":4,"minecraft:chest":2,"minecraft:diamond_pickaxe":1,"minecraft:egg":1},"minecraft:killed":{"minecraft:skeleton":4,"minecraft:pillager":5,"minecraft:zombie":1,"majruszsdifficulty:cursed_armor":1},"minecraft:custom":{"minecraft:time_since_rest":16962,"lootr:looted_stat":43,"minecraft:sprint_one_cm":292261,"minecraft:damage_taken":657,"minecraft:walk_one_cm":73758,"minecraft:mob_kills":12,"minecraft:drop":25,"minecraft:damage_dealt":5455,"minecraft:swim_one_cm":2868,"minecraft:fly_one_cm":364837,"minecraft:open_chest":6,"minecraft:crouch_one_cm":1528,"minecraft:play_time":49297,"minecraft:sneak_time":595,"minecraft:walk_under_water_one_cm":148,"minecraft:jump":748,"minecraft:leave_game":1,"minecraft:time_since_death":49297,"minecraft:walk_on_water_one_cm":1521,"minecraft:sleep_in_bed":1,"minecraft:total_world_time":49297,"minecraft:climb_one_cm":1545,"minecraft:fall_one_cm":254327},"minecraft:mined":{"minecraft:birch_log":8,"minecraft:birch_leaves":2,"minecraft:oak_log":10,"minecraft:chest":2,"minecraft:orange_bed":1,"minecraft:spawner":4}},"DataVersion":3465}