{"stats":{"minecraft:crafted":{"minecraft:cooked_beef":10,"minecraft:oak_planks":52,"minecraft:crafting_table":3,"minecraft:iron_helmet":1,"minecraft:wooden_pickaxe":1,"minecraft:iron_sword":1,"minecraft:furnace":2,"minecraft:air":0,"minecraft:iron_boots":1,"minecraft:iron_chestplate":1,"minecraft:stick":12,"minecraft:iron_ingot":25,"minecraft:iron_pickaxe":1,"minecraft:stone_pickaxe":1,"minecraft:wooden_axe":1,"minecraft:iron_leggings":1,"minecraft:torch":4},"minecraft:picked_up":{"minecraft:birch_log":16,"minecraft:leather":4,"soulsweapons:moonstone":1,"minecraft:tuff":2,"minecraft:oak_log":14,"minecraft:gunpowder":3,"minecraft:lapis_lazuli":37,"minecraft:dirt":2,"minecraft:string":4,"minecraft:wheat_seeds":1,"minecraft:cobbled_deepslate":11,"minecraft:beef":10,"minecraft:iron_ingot":10,"minecraft:stone_pickaxe":1,"galosphere:raw_silver":12,"minecraft:birch_sapling":1,"minecraft:stick":1,"minecraft:raw_iron":27,"minecraft:oak_fence":1,"minecraft:torch":5,"minecraft:gravel":1,"minecraft:spider_eye":4,"minecraft:rotten_flesh":2,"soulsweapons:verglas":1,"minecraft:coal":9,"minecraft:rail":2,"minecraft:cobblestone":12},"minecraft:dropped":{"minecraft:gravel":1,"minecraft:iron_ingot":8,"minecraft:wheat_seeds":1,"minecraft:cobbled_deepslate":3,"minecraft:tuff":2,"minecraft:rotten_flesh":2,"minecraft:oak_planks":16,"minecraft:dirt":2,"minecraft:torch":2,"minecraft:stone_pickaxe":1,"minecraft:wooden_pickaxe":1},"minecraft:used":{"minecraft:stone_pickaxe":41,"minecraft:wooden_pickaxe":11,"minecraft:iron_sword":28,"minecraft:torch":5,"minecraft:crafting_table":3,"minecraft:wooden_axe":52,"minecraft:birch_sapling":1,"minecraft:iron_pickaxe":32,"minecraft:cobblestone":1,"minecraft:furnace":2,"minecraft:cooked_beef":8},"minecraft:mined":{"minecraft:tuff":2,"soulsweapons:verglas_ore_deepslate":1,"galosphere:deepslate_silver_ore":2,"immersive_weathering:birch_leaf_pile":3,"galosphere:silver_ore":11,"minecraft:tall_grass":5,"minecraft:wall_torch":5,"minecraft:birch_log":16,"minecraft:iron_ore":2,"minecraft:birch_leaves":1,"minecraft:deepslate_lapis_ore":6,"minecraft:grass":6,"soulsweapons:moonstone_ore_deepslate":1,"minecraft:coal_ore":9,"minecraft:oak_log":13,"minecraft:deepslate_iron_ore":25,"minecraft:gravel":1,"minecraft:stone":11,"minecraft:deepslate":11},"minecraft:killed":{"minecraft:spider":5,"minecraft:creeper":1,"minecraft:zombie":3,"minecraft:cow":4},"minecraft:broken":{"minecraft:wooden_axe":1},"minecraft:custom":{"lootr:looted_stat":2,"minecraft:interact_with_furnace":32,"minecraft:mob_kills":13,"minecraft:interact_with_crafting_table":13,"minecraft:open_barrel":1,"minecraft:leave_game":1,"minecraft:time_since_death":37433,"minecraft:climb_one_cm":308,"minecraft:time_since_rest":37433,"minecraft:sprint_one_cm":204050,"minecraft:damage_taken":495,"minecraft:walk_one_cm":87176,"minecraft:drop":12,"minecraft:damage_dealt":2227,"minecraft:swim_one_cm":12483,"minecraft:fly_one_cm":91041,"minecraft:crouch_one_cm":282,"minecraft:play_time":37433,"minecraft:sneak_time":111,"minecraft:walk_under_water_one_cm":1157,"minecraft:jump":592,"minecraft:walk_on_water_one_cm":1123,"minecraft:total_world_time":37433,"minecraft:fall_one_cm":14237}},"DataVersion":3465}