{"stats":{"minecraft:used":{"minecraft:mossy_stone_bricks":3,"farmersdelight:diamond_knife":4,"minecraft:blackstone":1,"minecraft:ender_pearl":8,"minecraft:chest":6,"minecraft:diamond_axe":287,"minecraft:torch":7,"minecraft:orange_bed":1,"minecraft:golden_apple":21,"minecraft:spyglass":5,"minecraft:diamond_pickaxe":34,"minecraft:diamond_sword":111,"minecraft:golden_carrot":46,"minecraft:bow":36,"mythicupgrades:ruby_potion":6,"minecraft:pumpkin_pie":5,"minecraft:egg":1,"minecraft:cooked_beef":2,"simplyswords:dormant_relic":104,"minecraft:smooth_stone":1,"minecraft:experience_bottle":2},"minecraft:dropped":{"farmersdelight:tomato_seeds":1,"minecraft:iron_ingot":2,"minecraft:diamond_axe":1,"minecraft:player_head":5,"minecraft:golden_chestplate":1,"minecraft:glass_bottle":4,"minecraft:bowl":1,"minecraft:crossbow":1,"minecraft:cobblestone":1,"dungeonnowloading:mossy_cobblestone_pebble":1,"minecraft:rotten_flesh":24,"minecraft:glow_item_frame":1,"majruszsdifficulty:tattered_helmet":1,"minecraft:leather":1,"minecraft:stone_slab":5,"minecraft:jungle_planks":3,"minecraft:name_tag":11,"dungeonnowloading:spawner_fragment":2,"minecraft:golden_apple":11,"paraglider:spirit_orb":3,"minecraft:stick":3,"minecraft:cobweb":1,"minecraft:mud_bricks":8,"minecraft:gunpowder":2,"minecraft:rose_bush":1,"minecraft:chain":1,"minecraft:gold_nugget":16,"minecraft:spider_eye":4,"minecraft:blue_orchid":2,"dungeonnowloading:wooden_wall_platform":1,"minecraft:chainmail_leggings":1,"minecraft:magma_block":1,"minecraft:dark_oak_planks":2,"minecraft:string":15,"minecraft:armor_stand":1,"minecraft:bone":27,"minecraft:gold_ingot":1},"minecraft:crafted":{"minecraft:oak_planks":40,"dungeonnowloading:spawner_frame":3,"minecraft:crafting_table":1,"vanillatweaks:crafting_pad":1,"minecraft:birch_planks":32,"minecraft:stick":4,"minecraft:chest":4},"minecraft:picked_up":{"minecraft:birch_log":8,"minecraft:magma_block":1,"dungeonnowloading:wooden_wall_platform":1,"minecraft:cooked_beef":3,"minecraft:leather":1,"soulsweapons:moonstone":2,"paraglider:spirit_orb":40,"minecraft:chain":1,"minecraft:oak_log":10,"minecraft:gunpowder":2,"minecraft:string":26,"minecraft:smooth_stone_slab":2,"minecraft:name_tag":1,"minecraft:armor_stand":1,"minecraft:blackstone":3,"minecraft:bone":34,"dungeonnowloading:spawner_fragment":98,"minecraft:stone_bricks":1,"minecraft:smooth_stone":1,"bosses_of_mass_destruction:soul_star":1,"minecraft:iron_ingot":2,"minecraft:player_head":3,"minecraft:mossy_stone_bricks":3,"dungeonnowloading:mossy_cobblestone_pebble":1,"minecraft:chest":2,"minecraft:egg":1,"minecraft:stick":1,"minecraft:chiseled_stone_bricks":1,"minecraft:jungle_planks":9,"minecraft:spider_eye":5,"minecraft:golden_chestplate":1,"minecraft:dark_oak_planks":2,"minecraft:orange_bed":1,"minecraft:arrow":31,"minecraft:rotten_flesh":38,"minecraft:diamond":3,"minecraft:chainmail_leggings":1,"minecraft:crossbow":1,"minecraft:diamond_axe":1,"minecraft:gold_ingot":1,"minecraft:oak_sapling":4,"minecraft:cobblestone":1,"minecraft:diamond_pickaxe":1},"minecraft:killed":{"minecraft:husk":2,"minecraft:bat":1,"minecraft:spider":16,"majruszsdifficulty:cursed_armor":1,"minecraft:skeleton":22,"minecraft:pillager":15,"minecraft:zombie":24},"minecraft:custom":{"lootr:looted_stat":166,"minecraft:mob_kills":90,"minecraft:open_barrel":2,"minecraft:damage_dealt_resisted":25,"minecraft:leave_game":2,"minecraft:time_since_death":133141,"minecraft:sleep_in_bed":2,"minecraft:climb_one_cm":10303,"minecraft:time_since_rest":79744,"minecraft:sprint_one_cm":789377,"minecraft:walk_one_cm":327850,"minecraft:damage_taken":6232,"minecraft:damage_absorbed":695,"minecraft:drop":64,"minecraft:damage_dealt":30470,"minecraft:swim_one_cm":2868,"minecraft:fly_one_cm":586785,"minecraft:open_chest":8,"minecraft:crouch_one_cm":16899,"minecraft:play_time":133141,"minecraft:sneak_time":3823,"minecraft:walk_under_water_one_cm":148,"minecraft:jump":1566,"minecraft:walk_on_water_one_cm":3817,"minecraft:total_world_time":133141,"minecraft:fall_one_cm":448601},"minecraft:mined":{"minecraft:dark_oak_planks":2,"minecraft:deepslate_redstone_ore":1,"minecraft:decorated_pot":2,"minecraft:jungle_planks":13,"minecraft:chest":2,"minecraft:chiseled_stone_bricks":1,"minecraft:spawner":21,"minecraft:smooth_stone":1,"minecraft:chain":1,"minecraft:magma_block":1,"minecraft:birch_log":8,"minecraft:birch_leaves":2,"minecraft:smooth_stone_slab":1,"minecraft:grass":1,"soulsweapons:moonstone_ore_deepslate":2,"minecraft:oak_log":10,"minecraft:vine":13,"minecraft:stone_bricks":2,"minecraft:mossy_stone_bricks":3,"minecraft:orange_bed":1}},"DataVersion":3465}