{"stats":{"minecraft:crafted":{"minecraft:cooked_beef":10,"minecraft:oak_planks":56,"minecraft:crafting_table":3,"minecraft:iron_helmet":1,"minecraft:wooden_pickaxe":1,"minecraft:iron_sword":1,"minecraft:furnace":2,"minecraft:birch_planks":64,"minecraft:air":0,"minecraft:iron_boots":1,"minecraft:iron_chestplate":1,"minecraft:stick":12,"minecraft:iron_ingot":25,"minecraft:iron_pickaxe":1,"minecraft:stone_pickaxe":1,"minecraft:wooden_axe":1,"minecraft:iron_leggings":1,"galosphere:silver_ingot":2,"minecraft:torch":4},"minecraft:picked_up":{"minecraft:birch_log":16,"minecraft:leather":4,"soulsweapons:moonstone":5,"immersive_weathering:silt":1,"minecraft:tuff":2,"minecraft:oak_log":14,"minecraft:gunpowder":3,"minecraft:lapis_lazuli":46,"minecraft:dirt":2,"minecraft:string":4,"minecraft:raw_copper":2,"minecraft:wheat_seeds":6,"minecraft:cobbled_deepslate":58,"minecraft:beef":10,"minecraft:iron_ingot":10,"minecraft:stone_pickaxe":2,"minecraft:glass_bottle":1,"galosphere:raw_silver":17,"minecraft:birch_sapling":1,"minecraft:oak_planks":8,"minecraft:stick":1,"minecraft:raw_iron":72,"minecraft:oak_door":2,"minecraft:oak_fence":1,"minecraft:torch":9,"minecraft:gravel":3,"minecraft:spider_eye":6,"minecraft:honey_bottle":1,"minecraft:rotten_flesh":2,"minecraft:diamond":10,"soulsweapons:verglas":1,"minecraft:coal":10,"minecraft:rail":2,"minecraft:cobblestone":25},"minecraft:dropped":{"minecraft:gravel":3,"minecraft:iron_ingot":8,"minecraft:wheat_seeds":6,"minecraft:cobbled_deepslate":38,"minecraft:raw_copper":2,"minecraft:glass_bottle":1,"minecraft:tuff":2,"minecraft:oak_fence":1,"minecraft:cobblestone":11,"minecraft:rotten_flesh":2,"minecraft:oak_planks":16,"immersive_weathering:silt":1,"minecraft:rail":2,"minecraft:stick":3,"minecraft:dirt":2,"minecraft:gunpowder":3,"minecraft:torch":2,"minecraft:beetroot_seeds":1,"minecraft:stone_pickaxe":1,"minecraft:wooden_pickaxe":1,"minecraft:paper":1},"minecraft:used":{"minecraft:birch_planks":1,"minecraft:stone_pickaxe":41,"minecraft:oak_planks":24,"minecraft:wooden_pickaxe":11,"minecraft:iron_sword":40,"minecraft:torch":9,"minecraft:crafting_table":3,"minecraft:honey_bottle":2,"minecraft:wooden_axe":52,"minecraft:bread":7,"minecraft:birch_sapling":1,"minecraft:iron_pickaxe":119,"minecraft:cobblestone":3,"minecraft:furnace":2,"minecraft:cooked_beef":10,"minecraft:cobbled_deepslate":10},"minecraft:mined":{"minecraft:tuff":2,"minecraft:deepslate_diamond_ore":10,"soulsweapons:verglas_ore_deepslate":1,"galosphere:deepslate_silver_ore":6,"immersive_weathering:birch_leaf_pile":3,"galosphere:silver_ore":13,"minecraft:tall_grass":5,"minecraft:wall_torch":9,"minecraft:birch_log":16,"minecraft:iron_ore":29,"minecraft:birch_leaves":1,"minecraft:deepslate_lapis_ore":6,"minecraft:grass":6,"soulsweapons:moonstone_ore_deepslate":5,"minecraft:coal_ore":9,"minecraft:oak_log":13,"minecraft:deepslate_iron_ore":39,"minecraft:gravel":1,"immersive_weathering:silt":1,"minecraft:stone":23,"minecraft:deepslate":24},"minecraft:killed":{"minecraft:cave_spider":1,"minecraft:spider":6,"minecraft:creeper":1,"minecraft:zombie":3,"minecraft:cow":4},"minecraft:broken":{"minecraft:wooden_axe":1},"minecraft:custom":{"lootr:looted_stat":2,"minecraft:interact_with_furnace":33,"minecraft:mob_kills":15,"minecraft:interact_with_crafting_table":13,"minecraft:open_barrel":9,"minecraft:leave_game":1,"minecraft:time_since_death":61433,"minecraft:climb_one_cm":1100,"minecraft:time_since_rest":61433,"minecraft:sprint_one_cm":349696,"minecraft:damage_taken":839,"minecraft:walk_one_cm":131169,"minecraft:drop":25,"minecraft:damage_dealt":2780,"minecraft:swim_one_cm":23005,"minecraft:fly_one_cm":142425,"minecraft:crouch_one_cm":3934,"minecraft:play_time":61433,"minecraft:sneak_time":998,"minecraft:walk_under_water_one_cm":6023,"minecraft:jump":1063,"minecraft:walk_on_water_one_cm":10347,"minecraft:total_world_time":61433,"minecraft:fall_one_cm":25420}},"DataVersion":3465}