{"stats":{"minecraft:used":{"farmersdelight:diamond_knife":4,"minecraft:ender_pearl":8,"minecraft:chest":6,"minecraft:diamond_axe":153,"minecraft:orange_bed":1,"minecraft:golden_apple":8,"minecraft:spyglass":3,"minecraft:diamond_pickaxe":18,"minecraft:diamond_sword":103,"minecraft:golden_carrot":25,"minecraft:bow":21,"mythicupgrades:ruby_potion":6,"minecraft:pumpkin_pie":5,"minecraft:egg":1,"minecraft:cooked_beef":2,"minecraft:experience_bottle":2},"minecraft:dropped":{"minecraft:diamond_axe":1,"minecraft:player_head":3,"minecraft:golden_chestplate":1,"minecraft:bowl":1,"minecraft:glass_bottle":1,"minecraft:rotten_flesh":11,"minecraft:glow_item_frame":1,"majruszsdifficulty:tattered_helmet":1,"minecraft:leather":1,"minecraft:jungle_planks":3,"minecraft:stone_slab":5,"minecraft:name_tag":10,"paraglider:spirit_orb":3,"minecraft:stick":3,"minecraft:cobweb":1,"minecraft:mud_bricks":8,"minecraft:spider_eye":2,"minecraft:gold_nugget":16,"minecraft:blue_orchid":2,"minecraft:string":2,"minecraft:gold_ingot":1,"minecraft:bone":22},"minecraft:crafted":{"minecraft:oak_planks":40,"minecraft:crafting_table":1,"vanillatweaks:crafting_pad":1,"minecraft:birch_planks":32,"minecraft:stick":4,"minecraft:chest":4},"minecraft:picked_up":{"minecraft:birch_log":8,"minecraft:cooked_beef":3,"minecraft:leather":1,"paraglider:spirit_orb":34,"minecraft:oak_log":10,"minecraft:string":4,"minecraft:name_tag":1,"minecraft:bone":20,"dungeonnowloading:spawner_fragment":83,"minecraft:chest":2,"minecraft:egg":1,"minecraft:stick":1,"minecraft:jungle_planks":9,"minecraft:golden_chestplate":1,"minecraft:spider_eye":1,"minecraft:orange_bed":1,"minecraft:arrow":20,"minecraft:diamond_axe":1,"minecraft:gold_ingot":1,"minecraft:oak_sapling":4,"minecraft:diamond_pickaxe":1},"minecraft:killed":{"majruszsdifficulty:cursed_armor":1,"minecraft:skeleton":15,"minecraft:pillager":15,"minecraft:zombie":1},"minecraft:custom":{"lootr:looted_stat":149,"minecraft:mob_kills":38,"minecraft:damage_dealt_resisted":25,"minecraft:leave_game":2,"minecraft:time_since_death":87337,"minecraft:sleep_in_bed":2,"minecraft:climb_one_cm":3930,"minecraft:time_since_rest":33940,"minecraft:sprint_one_cm":550311,"minecraft:walk_one_cm":164837,"minecraft:damage_taken":2803,"minecraft:damage_absorbed":252,"minecraft:drop":28,"minecraft:damage_dealt":13231,"minecraft:swim_one_cm":2868,"minecraft:fly_one_cm":462484,"minecraft:open_chest":8,"minecraft:crouch_one_cm":8875,"minecraft:play_time":87337,"minecraft:sneak_time":1944,"minecraft:walk_under_water_one_cm":148,"minecraft:jump":1069,"minecraft:walk_on_water_one_cm":1521,"minecraft:total_world_time":87337,"minecraft:fall_one_cm":351717},"minecraft:mined":{"minecraft:jungle_planks":13,"minecraft:chest":2,"minecraft:spawner":18,"minecraft:birch_log":8,"minecraft:birch_leaves":2,"minecraft:oak_log":10,"minecraft:orange_bed":1}},"DataVersion":3465}