{"stats":{"minecraft:used":{"minecraft:diamond_pickaxe":18,"farmersdelight:diamond_knife":4,"minecraft:ender_pearl":7,"minecraft:chest":6,"minecraft:diamond_axe":140,"minecraft:golden_apple":8,"minecraft:orange_bed":1,"minecraft:diamond_sword":103,"minecraft:golden_carrot":18,"minecraft:bow":21,"mythicupgrades:ruby_potion":6,"minecraft:pumpkin_pie":5,"minecraft:egg":1,"minecraft:cooked_beef":2},"minecraft:dropped":{"minecraft:cobweb":1,"minecraft:mud_bricks":8,"minecraft:diamond_axe":1,"minecraft:player_head":3,"minecraft:golden_chestplate":1,"minecraft:glass_bottle":1,"minecraft:bowl":1,"minecraft:gold_nugget":16,"minecraft:rotten_flesh":11,"minecraft:glow_item_frame":1,"minecraft:spider_eye":2,"majruszsdifficulty:tattered_helmet":1,"minecraft:leather":1,"minecraft:blue_orchid":2,"minecraft:stone_slab":5,"minecraft:name_tag":10,"minecraft:string":2,"minecraft:gold_ingot":1,"paraglider:spirit_orb":3,"minecraft:bone":6},"minecraft:crafted":{"minecraft:oak_planks":40,"minecraft:chest":4,"minecraft:birch_planks":32},"minecraft:picked_up":{"minecraft:birch_log":8,"minecraft:stick":1,"minecraft:cooked_beef":3,"minecraft:leather":1,"paraglider:spirit_orb":34,"minecraft:oak_log":10,"minecraft:spider_eye":1,"minecraft:golden_chestplate":1,"minecraft:string":4,"minecraft:name_tag":1,"minecraft:arrow":20,"minecraft:orange_bed":1,"minecraft:bone":20,"dungeonnowloading:spawner_fragment":83,"minecraft:diamond_axe":1,"minecraft:gold_ingot":1,"minecraft:oak_sapling":4,"minecraft:chest":2,"minecraft:diamond_pickaxe":1,"minecraft:egg":1},"minecraft:killed":{"minecraft:skeleton":15,"minecraft:pillager":15,"minecraft:zombie":1,"majruszsdifficulty:cursed_armor":1},"minecraft:custom":{"minecraft:time_since_rest":19900,"minecraft:damage_absorbed":252,"lootr:looted_stat":140,"minecraft:sprint_one_cm":488610,"minecraft:damage_taken":2745,"minecraft:walk_one_cm":152085,"minecraft:mob_kills":38,"minecraft:drop":25,"minecraft:damage_dealt":13231,"minecraft:swim_one_cm":2868,"minecraft:fly_one_cm":429202,"minecraft:open_chest":6,"minecraft:crouch_one_cm":2709,"minecraft:play_time":73297,"minecraft:sneak_time":807,"minecraft:walk_under_water_one_cm":148,"minecraft:damage_dealt_resisted":25,"minecraft:jump":972,"minecraft:leave_game":1,"minecraft:time_since_death":73297,"minecraft:walk_on_water_one_cm":1521,"minecraft:sleep_in_bed":2,"minecraft:total_world_time":73297,"minecraft:climb_one_cm":1974,"minecraft:fall_one_cm":318570},"minecraft:mined":{"minecraft:birch_log":8,"minecraft:birch_leaves":2,"minecraft:oak_log":10,"minecraft:chest":2,"minecraft:orange_bed":1,"minecraft:spawner":18}},"DataVersion":3465}