{"stats":{"minecraft:crafted":{"minecraft:cooked_beef":10,"minecraft:oak_planks":52,"minecraft:crafting_table":2,"minecraft:stick":8,"minecraft:wooden_pickaxe":1,"minecraft:stone_pickaxe":1,"minecraft:wooden_axe":1,"minecraft:furnace":1,"minecraft:torch":4,"minecraft:air":0},"minecraft:picked_up":{"minecraft:birch_log":16,"minecraft:stick":1,"minecraft:leather":4,"minecraft:oak_log":14,"minecraft:rotten_flesh":2,"minecraft:wheat_seeds":1,"minecraft:beef":10,"minecraft:stone_pickaxe":1,"minecraft:birch_sapling":1,"minecraft:coal":9,"minecraft:cobblestone":11},"minecraft:dropped":{"minecraft:torch":2,"minecraft:oak_planks":12,"minecraft:stone_pickaxe":1},"minecraft:mined":{"minecraft:birch_log":16,"minecraft:birch_leaves":1,"immersive_weathering:birch_leaf_pile":3,"minecraft:grass":6,"minecraft:oak_log":13,"minecraft:coal_ore":9,"minecraft:tall_grass":5,"minecraft:stone":11},"minecraft:used":{"minecraft:wooden_axe":52,"minecraft:stone_pickaxe":9,"minecraft:birch_sapling":1,"minecraft:wooden_pickaxe":11,"minecraft:crafting_table":2,"minecraft:furnace":1,"minecraft:cooked_beef":2},"minecraft:killed":{"minecraft:zombie":3,"minecraft:cow":4},"minecraft:broken":{"minecraft:wooden_axe":1},"minecraft:custom":{"minecraft:time_since_rest":15729,"minecraft:interact_with_furnace":7,"minecraft:sprint_one_cm":68004,"minecraft:damage_taken":85,"minecraft:walk_one_cm":32593,"minecraft:mob_kills":7,"minecraft:drop":3,"minecraft:damage_dealt":748,"minecraft:interact_with_crafting_table":6,"minecraft:fly_one_cm":66096,"minecraft:crouch_one_cm":255,"minecraft:play_time":15729,"minecraft:sneak_time":54,"minecraft:jump":280,"minecraft:leave_game":1,"minecraft:time_since_death":15729,"minecraft:total_world_time":15729,"minecraft:climb_one_cm":42,"minecraft:fall_one_cm":10152}},"DataVersion":3465}