{"stats":{"minecraft:used":{"farmersdelight:diamond_knife":4,"minecraft:ender_pearl":8,"minecraft:chest":6,"minecraft:diamond_axe":166,"minecraft:orange_bed":1,"minecraft:golden_apple":8,"minecraft:spyglass":5,"minecraft:diamond_pickaxe":18,"minecraft:diamond_sword":111,"minecraft:golden_carrot":27,"minecraft:bow":22,"mythicupgrades:ruby_potion":6,"minecraft:pumpkin_pie":5,"minecraft:egg":1,"minecraft:cooked_beef":2,"minecraft:experience_bottle":2},"minecraft:dropped":{"farmersdelight:tomato_seeds":1,"minecraft:diamond_axe":1,"minecraft:player_head":3,"minecraft:golden_chestplate":1,"minecraft:glass_bottle":4,"minecraft:bowl":1,"minecraft:rotten_flesh":11,"minecraft:glow_item_frame":1,"majruszsdifficulty:tattered_helmet":1,"minecraft:leather":1,"minecraft:stone_slab":5,"minecraft:jungle_planks":3,"minecraft:name_tag":11,"paraglider:spirit_orb":3,"minecraft:stick":3,"minecraft:cobweb":1,"minecraft:mud_bricks":8,"minecraft:rose_bush":1,"minecraft:gold_nugget":16,"minecraft:spider_eye":3,"minecraft:blue_orchid":2,"minecraft:dark_oak_planks":2,"minecraft:string":5,"minecraft:bone":22,"minecraft:gold_ingot":1},"minecraft:crafted":{"minecraft:oak_planks":40,"minecraft:crafting_table":1,"vanillatweaks:crafting_pad":1,"minecraft:birch_planks":32,"minecraft:stick":4,"minecraft:chest":4},"minecraft:picked_up":{"minecraft:birch_log":8,"minecraft:cooked_beef":3,"minecraft:leather":1,"paraglider:spirit_orb":34,"minecraft:oak_log":10,"minecraft:string":4,"minecraft:name_tag":1,"minecraft:bone":20,"dungeonnowloading:spawner_fragment":83,"minecraft:chest":2,"minecraft:egg":1,"minecraft:stick":1,"minecraft:jungle_planks":9,"minecraft:spider_eye":1,"minecraft:golden_chestplate":1,"minecraft:dark_oak_planks":2,"minecraft:orange_bed":1,"minecraft:arrow":20,"minecraft:diamond_axe":1,"minecraft:gold_ingot":1,"minecraft:oak_sapling":4,"minecraft:diamond_pickaxe":1},"minecraft:killed":{"minecraft:husk":2,"majruszsdifficulty:cursed_armor":1,"minecraft:skeleton":15,"minecraft:pillager":15,"minecraft:zombie":1},"minecraft:custom":{"lootr:looted_stat":154,"minecraft:mob_kills":40,"minecraft:open_barrel":2,"minecraft:damage_dealt_resisted":25,"minecraft:leave_game":2,"minecraft:time_since_death":97141,"minecraft:sleep_in_bed":2,"minecraft:climb_one_cm":5559,"minecraft:time_since_rest":43744,"minecraft:sprint_one_cm":592323,"minecraft:walk_one_cm":179906,"minecraft:damage_taken":2882,"minecraft:damage_absorbed":252,"minecraft:drop":35,"minecraft:damage_dealt":14950,"minecraft:swim_one_cm":2868,"minecraft:fly_one_cm":492919,"minecraft:open_chest":8,"minecraft:crouch_one_cm":9103,"minecraft:play_time":97141,"minecraft:sneak_time":2092,"minecraft:walk_under_water_one_cm":148,"minecraft:jump":1200,"minecraft:walk_on_water_one_cm":1521,"minecraft:total_world_time":97141,"minecraft:fall_one_cm":381773},"minecraft:mined":{"minecraft:dark_oak_planks":2,"minecraft:jungle_planks":13,"minecraft:chest":2,"minecraft:spawner":18,"minecraft:birch_log":8,"minecraft:birch_leaves":2,"minecraft:oak_log":10,"minecraft:orange_bed":1}},"DataVersion":3465}