{"stats":{"minecraft:crafted":{"minecraft:oak_planks":24,"minecraft:crafting_table":1,"minecraft:stick":4,"minecraft:wooden_pickaxe":1,"minecraft:wooden_axe":1},"minecraft:picked_up":{"minecraft:birch_log":11,"minecraft:stick":1,"minecraft:oak_log":13},"minecraft:dropped":{"minecraft:oak_planks":12},"minecraft:used":{"minecraft:wooden_axe":18,"minecraft:crafting_table":1},"minecraft:mined":{"minecraft:oak_log":13,"minecraft:birch_log":11,"minecraft:tall_grass":1,"immersive_weathering:birch_leaf_pile":1},"minecraft:custom":{"minecraft:time_since_rest":5807,"minecraft:play_time":5807,"minecraft:sprint_one_cm":18473,"minecraft:walk_one_cm":14316,"minecraft:drop":1,"minecraft:jump":51,"minecraft:time_since_death":5807,"minecraft:total_world_time":5807,"minecraft:interact_with_crafting_table":1,"minecraft:fall_one_cm":2717,"minecraft:fly_one_cm":10591}},"DataVersion":3465}