{"stats":{"minecraft:used":{"simplyswords:thunderbrand":2,"minecraft:oak_planks":8,"morebows:diamond_bow":24,"minecraft:ender_pearl":7,"minecraft:green_bed":1,"minecraft:cooked_chicken":2,"minecraft:golden_apple":2,"minecraft:anvil":1,"minecraft:iron_axe":6,"minecraft:bread":2,"minecraft:iron_pickaxe":5,"simplyswords:diamond_cutlass":38,"simplyswords:diamond_greathammer":98,"soulsweapons:guts_sword":50,"minecraft:diamond_sword":3,"minecraft:cooked_porkchop":23,"minecraft:cooked_beef":9,"minecraft:enchanted_golden_apple":2,"minecraft:experience_bottle":1},"minecraft:dropped":{"minecraft:enchanted_book":3,"minecraft:iron_ingot":18,"minecraft:porkchop":1,"minecraft:wheat_seeds":1,"minecraft:iron_nugget":26,"minecraft:player_head":2,"minecraft:diamond":2,"minecraft:feather":1,"minecraft:rotten_flesh":3,"minecraft:iron_boots":1,"dungeonnowloading:spawner_fragment":1,"minecraft:coal":1,"minecraft:emerald":4,"minecraft:stick":4,"minecraft:polished_andesite":2,"minecraft:cobweb":1,"minecraft:diamond_sword":1,"minecraft:tipped_arrow":2,"minecraft:shield":1,"minecraft:oak_sapling":1,"minecraft:diamond_helmet":1,"minecraft:spider_eye":5,"immersive_weathering:tallow":1,"minecraft:arrow":17,"minecraft:bow":1,"minecraft:beef":3,"minecraft:crying_obsidian":1,"minecraft:string":3,"minecraft:bone":28},"minecraft:crafted":{"minecraft:iron_nugget":9,"simplyswords:diamond_cutlass":1,"minecraft:gold_block":10,"minecraft:diamond_block":13,"minecraft:bow":1,"minecraft:emerald_block":7,"minecraft:stick":8,"minecraft:iron_block":10,"minecraft:anvil":1,"morebows:diamond_bow":1},"minecraft:picked_up":{"minecraft:feather":1,"minecraft:cooked_beef":3,"minecraft:turtle_helmet":1,"minecraft:diamond_sword":1,"paraglider:spirit_orb":56,"minecraft:string":7,"minecraft:bone":40,"dungeonnowloading:spawner_fragment":15,"minecraft:spruce_planks":2,"minecraft:beef":3,"minecraft:cooked_chicken":1,"minecraft:player_head":1,"minecraft:iron_nugget":26,"minecraft:iron_boots":1,"minecraft:tipped_arrow":2,"minecraft:stick":3,"minecraft:green_bed":1,"minecraft:spider_eye":3,"simplyswords:diamond_greathammer":1,"simplyswords:diamond_warglaive":1,"minecraft:arrow":22,"minecraft:rotten_flesh":3,"minecraft:diamond":8,"minecraft:diamond_boots":1,"soulsweapons:guts_sword":1},"minecraft:killed":{"minecraft:zombie_villager":2,"minecraft:spider":5,"majruszsdifficulty:cursed_armor":1,"minecraft:creeper":2,"minecraft:skeleton":19,"minecraft:pillager":4,"minecraft:zombie":4,"minecraft:chicken":2,"minecraft:stray":3,"minecraft:cow":2},"minecraft:custom":{"lootr:looted_stat":160,"minecraft:interact_with_anvil":6,"minecraft:mob_kills":51,"minecraft:leave_game":6,"minecraft:time_since_death":8331,"minecraft:sleep_in_bed":1,"minecraft:climb_one_cm":5360,"minecraft:damage_resisted":608,"minecraft:time_since_rest":8358,"minecraft:sprint_one_cm":228525,"minecraft:damage_absorbed":395,"minecraft:damage_taken":5364,"minecraft:walk_one_cm":323565,"minecraft:drop":41,"minecraft:damage_dealt":19091,"minecraft:talked_to_villager":3,"minecraft:fly_one_cm":412019,"minecraft:open_chest":2,"minecraft:play_time":87004,"minecraft:crouch_one_cm":59,"minecraft:deaths":2,"minecraft:sneak_time":103,"minecraft:walk_under_water_one_cm":1161,"minecraft:jump":1027,"minecraft:walk_on_water_one_cm":2500,"minecraft:total_world_time":87004,"minecraft:fall_one_cm":225584},"minecraft:broken":{"minecraft:diamond_boots":1,"minecraft:diamond_chestplate":1,"minecraft:diamond_leggings":1},"minecraft:mined":{"minecraft:spruce_planks":2,"minecraft:spawner":5,"minecraft:glowstone":1,"minecraft:dark_oak_stairs":3,"minecraft:green_bed":1},"minecraft:killed_by":{"minecraft:skeleton":2}},"DataVersion":3465}