{"stats":{"minecraft:crafted":{"minecraft:cooked_beef":12,"minecraft:oak_planks":36,"minecraft:cooked_porkchop":8,"minecraft:crafting_table":1,"minecraft:iron_helmet":1,"minecraft:wooden_pickaxe":1,"minecraft:iron_sword":1,"minecraft:furnace":6,"minecraft:stone_axe":1,"minecraft:cooked_mutton":4,"minecraft:air":0,"minecraft:iron_boots":1,"minecraft:iron_chestplate":1,"minecraft:shield":1,"minecraft:stick":16,"minecraft:iron_ingot":40,"minecraft:iron_pickaxe":1,"minecraft:stone_pickaxe":1,"minecraft:wooden_axe":1,"minecraft:iron_leggings":1,"minecraft:torch":16},"minecraft:picked_up":{"minecraft:crafting_table":5,"minecraft:leather":9,"minecraft:oak_log":9,"minecraft:dirt":1,"minecraft:string":6,"minecraft:wheat_seeds":5,"minecraft:cobbled_deepslate":21,"minecraft:beef":12,"galosphere:raw_silver":2,"minecraft:oak_planks":12,"immersive_weathering:tallow":8,"minecraft:raw_iron":45,"minecraft:torch":3,"minecraft:gravel":2,"minecraft:porkchop":8,"minecraft:spider_eye":4,"minecraft:rotten_flesh":1,"minecraft:diamond":7,"minecraft:mutton":5,"minecraft:coal":35,"minecraft:white_wool":3,"minecraft:cobblestone":93},"minecraft:dropped":{"minecraft:rotten_flesh":1,"galosphere:raw_silver":2},"minecraft:mined":{"minecraft:deepslate_diamond_ore":7,"minecraft:crafting_table":5,"minecraft:grass_block":1,"galosphere:silver_ore":1,"minecraft:tall_grass":15,"minecraft:wall_torch":3,"minecraft:iron_ore":33,"minecraft:cobbled_deepslate":1,"minecraft:grass":25,"minecraft:oak_log":9,"minecraft:coal_ore":35,"minecraft:deepslate_iron_ore":12,"minecraft:gravel":2,"minecraft:stone":94,"minecraft:oak_leaves":1,"minecraft:deepslate":16},"minecraft:used":{"minecraft:cooked_mutton":4,"minecraft:stone_pickaxe":119,"minecraft:wooden_pickaxe":59,"minecraft:iron_sword":9,"minecraft:iron_chestplate":1,"minecraft:torch":4,"minecraft:mutton":1,"minecraft:crafting_table":5,"minecraft:wooden_axe":64,"minecraft:iron_pickaxe":24,"minecraft:stone_axe":20,"minecraft:cobblestone":24,"minecraft:furnace":6,"minecraft:cooked_porkchop":1,"minecraft:cooked_beef":2,"minecraft:iron_leggings":1},"minecraft:killed":{"minecraft:pig":4,"minecraft:spider":5,"minecraft:sheep":3,"minecraft:zombie":1,"minecraft:cow":6},"minecraft:broken":{"minecraft:wooden_axe":1,"minecraft:wooden_pickaxe":1},"minecraft:custom":{"minecraft:interact_with_furnace":41,"minecraft:mob_kills":19,"minecraft:interact_with_crafting_table":16,"minecraft:leave_game":2,"minecraft:time_since_death":37296,"minecraft:climb_one_cm":933,"minecraft:time_since_rest":37296,"minecraft:sprint_one_cm":43723,"minecraft:damage_taken":541,"minecraft:walk_one_cm":101846,"minecraft:drop":3,"minecraft:damage_dealt":2452,"minecraft:fly_one_cm":103186,"minecraft:crouch_one_cm":4682,"minecraft:play_time":37296,"minecraft:sneak_time":2405,"minecraft:jump":593,"minecraft:total_world_time":37296,"minecraft:fall_one_cm":12502}},"DataVersion":3465}