{"stats":{"minecraft:crafted":{"minecraft:oak_planks":36,"minecraft:crafting_table":1,"minecraft:stick":8,"minecraft:wooden_pickaxe":1,"minecraft:stone_pickaxe":1,"minecraft:wooden_axe":1,"minecraft:stone_axe":1},"minecraft:picked_up":{"minecraft:crafting_table":1,"minecraft:leather":9,"minecraft:gravel":2,"minecraft:porkchop":8,"minecraft:oak_log":9,"minecraft:dirt":1,"minecraft:wheat_seeds":5,"minecraft:beef":12,"minecraft:coal":8,"minecraft:oak_planks":12,"minecraft:mutton":5,"immersive_weathering:tallow":8,"minecraft:white_wool":3,"minecraft:cobblestone":69},"minecraft:mined":{"minecraft:crafting_table":1,"minecraft:grass":25,"minecraft:coal_ore":8,"minecraft:grass_block":1,"minecraft:oak_log":9,"minecraft:gravel":2,"minecraft:tall_grass":15,"minecraft:stone":71,"minecraft:oak_leaves":1},"minecraft:used":{"minecraft:wooden_axe":64,"minecraft:stone_pickaxe":23,"minecraft:wooden_pickaxe":59,"minecraft:stone_axe":1,"minecraft:crafting_table":1},"minecraft:killed":{"minecraft:sheep":3,"minecraft:pig":4,"minecraft:cow":6},"minecraft:broken":{"minecraft:wooden_axe":1,"minecraft:wooden_pickaxe":1},"minecraft:custom":{"minecraft:time_since_rest":13296,"minecraft:sprint_one_cm":21733,"minecraft:damage_taken":20,"minecraft:walk_one_cm":31322,"minecraft:mob_kills":13,"minecraft:damage_dealt":1361,"minecraft:interact_with_crafting_table":2,"minecraft:fly_one_cm":77768,"minecraft:crouch_one_cm":3239,"minecraft:play_time":13296,"minecraft:sneak_time":1844,"minecraft:jump":278,"minecraft:leave_game":2,"minecraft:time_since_death":13296,"minecraft:total_world_time":13296,"minecraft:climb_one_cm":190,"minecraft:fall_one_cm":7334}},"DataVersion":3465}