{"stats":{"minecraft:crafted":{"minecraft:oak_door":3,"minecraft:oak_planks":36,"minecraft:cooked_chicken":6,"minecraft:furnace":9,"soulsweapons:featherlight":1,"minecraft:cooked_mutton":13,"minecraft:iron_boots":1,"minecraft:stone_pickaxe":1,"galosphere:silver_ingot":11,"minecraft:cooked_rabbit":3,"minecraft:cooked_beef":12,"minecraft:cooked_cod":1,"minecraft:cooked_porkchop":8,"galosphere:silver_bomb":4,"minecraft:crafting_table":3,"minecraft:wooden_pickaxe":1,"minecraft:baked_potato":16,"minecraft:iron_helmet":1,"minecraft:iron_sword":1,"minecraft:bucket":1,"minecraft:stone_axe":1,"minecraft:air":0,"minecraft:iron_chestplate":1,"minecraft:diamond_pickaxe":2,"minecraft:shield":1,"minecraft:stick":16,"minecraft:iron_ingot":77,"minecraft:iron_pickaxe":1,"minecraft:wooden_axe":1,"minecraft:iron_leggings":1,"minecraft:gold_ingot":4,"minecraft:torch":16},"minecraft:picked_up":{"minecraft:crafting_table":7,"minecraft:chicken":6,"soulsweapons:moonstone":1,"minecraft:red_bed":1,"minecraft:string":9,"minecraft:raw_copper":2,"minecraft:cobbled_deepslate":93,"minecraft:beef":12,"minecraft:melon_slice":4,"minecraft:sheaf_pottery_sherd":1,"minecraft:raw_iron":84,"minecraft:stick":3,"minecraft:oak_fence":1,"minecraft:torch":13,"minecraft:porkchop":8,"minecraft:carrot":6,"minecraft:rotten_flesh":12,"minecraft:arrow":5,"minecraft:tropical_fish":3,"minecraft:beetroot_seeds":2,"minecraft:white_wool":6,"minecraft:mutton":18,"minecraft:obsidian":9,"minecraft:cod":1,"minecraft:rail":2,"minecraft:cobblestone":122,"minecraft:leather":9,"minecraft:potato":16,"minecraft:tuff":22,"minecraft:oak_log":9,"minecraft:gunpowder":3,"minecraft:paper":2,"minecraft:dirt":2,"minecraft:cooked_mutton":1,"minecraft:bone":2,"minecraft:apple":15,"minecraft:wheat_seeds":16,"minecraft:raw_gold":2,"minecraft:iron_ingot":8,"minecraft:rabbit":3,"galosphere:raw_silver":18,"minecraft:oxidized_cut_copper":1,"minecraft:oak_planks":12,"immersive_weathering:tallow":8,"minecraft:gravel":4,"minecraft:spider_eye":4,"minecraft:snort_pottery_sherd":1,"minecraft:diamond":18,"minecraft:angler_pottery_sherd":1,"soulsweapons:verglas":1,"minecraft:coal":35,"minecraft:ender_pearl":1},"minecraft:dropped":{"minecraft:iron_ingot":44,"minecraft:iron_sword":1,"minecraft:wheat_seeds":15,"minecraft:baked_potato":8,"minecraft:oxidized_cut_copper":1,"minecraft:oak_fence":1,"minecraft:apple":15,"minecraft:sheaf_pottery_sherd":1,"minecraft:tropical_fish":3,"minecraft:rail":2,"minecraft:dirt":2,"galosphere:raw_silver":4,"minecraft:mutton":1,"minecraft:melon_slice":4,"minecraft:amethyst_shard":3,"minecraft:angler_pottery_sherd":1,"minecraft:paper":1,"minecraft:bone":2,"minecraft:gold_ingot":6,"minecraft:oak_door":2,"minecraft:gravel":4,"minecraft:cobbled_deepslate":71,"minecraft:raw_copper":2,"minecraft:obsidian":5,"minecraft:rotten_flesh":6,"minecraft:carrot":6,"minecraft:beetroot_seeds":2,"minecraft:spider_eye":4,"immersive_weathering:tallow":8,"minecraft:snort_pottery_sherd":1,"minecraft:stone_pickaxe":1,"minecraft:raw_gold":1},"minecraft:used":{"minecraft:shield":1,"minecraft:iron_sword":21,"minecraft:cooked_chicken":6,"minecraft:iron_chestplate":1,"minecraft:oak_door":1,"minecraft:torch":22,"minecraft:mutton":1,"soulsweapons:featherlight":72,"minecraft:wooden_axe":64,"minecraft:lava_bucket":16,"minecraft:bow":3,"minecraft:furnace":9,"minecraft:cooked_beef":12,"minecraft:iron_leggings":1,"minecraft:cooked_mutton":12,"minecraft:water_bucket":39,"minecraft:stone_pickaxe":119,"minecraft:wooden_pickaxe":59,"minecraft:golden_apple":2,"minecraft:red_bed":1,"minecraft:crafting_table":10,"minecraft:diamond_pickaxe":47,"minecraft:iron_pickaxe":121,"galosphere:silver_bomb":4,"minecraft:stone_axe":22,"minecraft:cobblestone":38,"minecraft:cooked_porkchop":8,"minecraft:bucket":56},"minecraft:mined":{"minecraft:tuff":21,"minecraft:light_gray_stained_glass_pane":2,"minecraft:deepslate_diamond_ore":18,"minecraft:obsidian":2,"minecraft:grass_block":1,"minecraft:decorated_pot":1,"minecraft:large_fern":2,"minecraft:oxidized_cut_copper":1,"minecraft:iron_ore":57,"minecraft:cobbled_deepslate":2,"soulsweapons:moonstone_ore_deepslate":1,"minecraft:deepslate_iron_ore":33,"minecraft:stone":102,"minecraft:red_bed":1,"galosphere:deepslate_silver_ore":9,"minecraft:crafting_table":7,"minecraft:torch":6,"galosphere:silver_ore":4,"minecraft:tall_grass":18,"minecraft:cobblestone":9,"minecraft:deepslate_gold_ore":1,"minecraft:wall_torch":7,"minecraft:chain":1,"minecraft:lilac":1,"minecraft:grass":25,"minecraft:oak_log":9,"minecraft:coal_ore":35,"minecraft:gravel":2,"minecraft:cobweb":4,"minecraft:oak_leaves":1,"minecraft:deepslate":44,"soulsweapons:verglas_ore":1},"minecraft:killed":{"minecraft:spider":10,"minecraft:skeleton":3,"minecraft:pig":4,"minecraft:creeper":1,"minecraft:sheep":6,"minecraft:zombie":8,"minecraft:cow":6,"minecraft:enderman":1},"minecraft:broken":{"minecraft:wooden_pickaxe":1,"minecraft:wooden_axe":1},"minecraft:custom":{"lootr:looted_stat":26,"minecraft:mob_kills":40,"minecraft:interact_with_crafting_table":28,"minecraft:open_barrel":5,"minecraft:leave_game":3,"minecraft:time_since_death":132462,"minecraft:climb_one_cm":9958,"minecraft:sprint_one_cm":212587,"minecraft:walk_one_cm":404172,"minecraft:damage_blocked_by_shield":30,"minecraft:drop":45,"minecraft:talked_to_villager":1,"minecraft:play_time":132462,"minecraft:sneak_time":3858,"minecraft:walk_under_water_one_cm":30213,"minecraft:jump":2107,"minecraft:walk_on_water_one_cm":44528,"minecraft:total_world_time":132462,"minecraft:interact_with_furnace":102,"minecraft:sleep_in_bed":1,"minecraft:time_since_rest":3581,"minecraft:damage_taken":2988,"minecraft:damage_absorbed":80,"minecraft:damage_dealt":6561,"minecraft:swim_one_cm":25677,"minecraft:fly_one_cm":418316,"minecraft:open_chest":4,"minecraft:crouch_one_cm":6550,"minecraft:fall_one_cm":47969}},"DataVersion":3465}