{"stats":{"minecraft:crafted":{"minecraft:cooked_beef":12,"minecraft:cooked_cod":1,"minecraft:oak_door":3,"minecraft:oak_planks":36,"minecraft:cooked_porkchop":8,"galosphere:silver_bomb":4,"minecraft:crafting_table":3,"minecraft:baked_potato":16,"minecraft:cooked_chicken":6,"minecraft:iron_helmet":1,"minecraft:wooden_pickaxe":1,"minecraft:iron_sword":1,"minecraft:furnace":9,"soulsweapons:featherlight":1,"minecraft:stone_axe":1,"minecraft:cooked_mutton":13,"minecraft:air":0,"minecraft:iron_boots":1,"minecraft:iron_chestplate":1,"minecraft:diamond_pickaxe":2,"minecraft:shield":1,"minecraft:stick":16,"minecraft:iron_ingot":77,"minecraft:iron_pickaxe":1,"minecraft:stone_pickaxe":1,"minecraft:wooden_axe":1,"minecraft:gold_ingot":4,"minecraft:iron_leggings":1,"galosphere:silver_ingot":11,"minecraft:torch":16,"minecraft:cooked_rabbit":3},"minecraft:picked_up":{"minecraft:crafting_table":7,"minecraft:chicken":6,"minecraft:leather":9,"minecraft:potato":16,"soulsweapons:moonstone":1,"minecraft:tuff":2,"minecraft:oak_log":9,"minecraft:gunpowder":3,"minecraft:paper":2,"minecraft:dirt":2,"minecraft:string":7,"minecraft:raw_copper":2,"minecraft:cooked_mutton":1,"minecraft:apple":15,"minecraft:wheat_seeds":15,"minecraft:cobbled_deepslate":74,"minecraft:iron_ingot":8,"minecraft:beef":12,"minecraft:rabbit":3,"galosphere:raw_silver":14,"minecraft:melon_slice":4,"minecraft:oak_planks":12,"immersive_weathering:tallow":8,"minecraft:stick":3,"minecraft:raw_iron":77,"minecraft:oak_fence":1,"minecraft:torch":6,"minecraft:gravel":4,"minecraft:porkchop":8,"minecraft:carrot":6,"minecraft:spider_eye":4,"minecraft:rotten_flesh":1,"minecraft:diamond":15,"minecraft:tropical_fish":3,"minecraft:beetroot_seeds":2,"soulsweapons:verglas":1,"minecraft:cod":1,"minecraft:obsidian":9,"minecraft:rail":2,"minecraft:mutton":14,"minecraft:coal":35,"minecraft:white_wool":3,"minecraft:cobblestone":113},"minecraft:dropped":{"minecraft:oak_door":2,"minecraft:gravel":4,"minecraft:iron_ingot":23,"minecraft:iron_sword":1,"minecraft:wheat_seeds":15,"minecraft:cobbled_deepslate":71,"minecraft:raw_copper":2,"minecraft:obsidian":5,"minecraft:oak_fence":1,"minecraft:rotten_flesh":1,"minecraft:tropical_fish":3,"minecraft:rail":2,"minecraft:carrot":6,"minecraft:dirt":2,"galosphere:raw_silver":2,"minecraft:beetroot_seeds":2,"minecraft:melon_slice":4,"minecraft:spider_eye":4,"minecraft:amethyst_shard":3,"immersive_weathering:tallow":8,"minecraft:stone_pickaxe":1,"minecraft:paper":1},"minecraft:mined":{"minecraft:tuff":1,"minecraft:deepslate_diamond_ore":15,"galosphere:deepslate_silver_ore":7,"minecraft:obsidian":2,"minecraft:crafting_table":7,"minecraft:torch":2,"minecraft:grass_block":1,"galosphere:silver_ore":4,"minecraft:tall_grass":15,"minecraft:wall_torch":4,"minecraft:chain":1,"minecraft:iron_ore":57,"minecraft:cobbled_deepslate":2,"minecraft:grass":25,"soulsweapons:moonstone_ore_deepslate":1,"minecraft:oak_log":9,"minecraft:coal_ore":35,"minecraft:deepslate_iron_ore":25,"minecraft:gravel":2,"minecraft:stone":102,"soulsweapons:verglas_ore":1,"minecraft:oak_leaves":1,"minecraft:deepslate":32},"minecraft:used":{"minecraft:cooked_mutton":4,"minecraft:stone_pickaxe":119,"minecraft:wooden_pickaxe":59,"minecraft:iron_sword":21,"minecraft:iron_chestplate":1,"minecraft:oak_door":1,"minecraft:torch":12,"minecraft:mutton":1,"minecraft:crafting_table":10,"soulsweapons:featherlight":1,"minecraft:wooden_axe":64,"minecraft:diamond_pickaxe":2,"minecraft:iron_pickaxe":110,"galosphere:silver_bomb":4,"minecraft:stone_axe":22,"minecraft:cobblestone":25,"minecraft:furnace":9,"minecraft:cooked_porkchop":8,"minecraft:cooked_beef":3,"minecraft:iron_leggings":1},"minecraft:killed":{"minecraft:pig":4,"minecraft:spider":9,"minecraft:sheep":3,"minecraft:zombie":1,"minecraft:cow":6},"minecraft:broken":{"minecraft:wooden_axe":1,"minecraft:wooden_pickaxe":1},"minecraft:custom":{"lootr:looted_stat":2,"minecraft:interact_with_furnace":100,"minecraft:mob_kills":24,"minecraft:interact_with_crafting_table":27,"minecraft:open_barrel":5,"minecraft:leave_game":3,"minecraft:time_since_death":75474,"minecraft:climb_one_cm":1511,"minecraft:time_since_rest":75474,"minecraft:sprint_one_cm":89295,"minecraft:damage_taken":1124,"minecraft:walk_one_cm":215058,"minecraft:drop":31,"minecraft:damage_dealt":3130,"minecraft:swim_one_cm":1569,"minecraft:fly_one_cm":127177,"minecraft:crouch_one_cm":5338,"minecraft:play_time":75474,"minecraft:sneak_time":3104,"minecraft:walk_under_water_one_cm":13919,"minecraft:jump":864,"minecraft:walk_on_water_one_cm":7088,"minecraft:total_world_time":75474,"minecraft:fall_one_cm":18467}},"DataVersion":3465}