{"stats":{"minecraft:crafted":{"minecraft:cooked_beef":12,"minecraft:oak_planks":36,"minecraft:cooked_porkchop":8,"minecraft:crafting_table":1,"minecraft:iron_helmet":1,"minecraft:wooden_pickaxe":1,"minecraft:iron_sword":1,"minecraft:furnace":6,"minecraft:stone_axe":1,"minecraft:cooked_mutton":4,"minecraft:air":0,"minecraft:iron_boots":1,"minecraft:iron_chestplate":1,"minecraft:shield":1,"minecraft:stick":16,"minecraft:iron_ingot":40,"minecraft:iron_pickaxe":1,"minecraft:stone_pickaxe":1,"minecraft:wooden_axe":1,"minecraft:iron_leggings":1,"minecraft:torch":16},"minecraft:picked_up":{"minecraft:crafting_table":5,"minecraft:leather":9,"soulsweapons:moonstone":1,"minecraft:oak_log":9,"minecraft:dirt":1,"minecraft:string":7,"minecraft:wheat_seeds":5,"minecraft:cobbled_deepslate":34,"minecraft:iron_ingot":8,"minecraft:beef":12,"galosphere:raw_silver":11,"minecraft:oak_planks":12,"immersive_weathering:tallow":8,"minecraft:raw_iron":67,"minecraft:torch":3,"minecraft:gravel":2,"minecraft:porkchop":8,"minecraft:spider_eye":4,"minecraft:rotten_flesh":1,"minecraft:diamond":11,"soulsweapons:verglas":1,"minecraft:mutton":5,"minecraft:coal":35,"minecraft:white_wool":3,"minecraft:cobblestone":102},"minecraft:dropped":{"minecraft:iron_ingot":23,"minecraft:rotten_flesh":1,"galosphere:raw_silver":2},"minecraft:mined":{"minecraft:deepslate_diamond_ore":11,"galosphere:deepslate_silver_ore":5,"minecraft:crafting_table":5,"minecraft:grass_block":1,"galosphere:silver_ore":4,"minecraft:tall_grass":15,"minecraft:wall_torch":3,"minecraft:iron_ore":45,"minecraft:cobbled_deepslate":2,"minecraft:grass":25,"soulsweapons:moonstone_ore_deepslate":1,"minecraft:oak_log":9,"minecraft:coal_ore":35,"minecraft:deepslate_iron_ore":23,"minecraft:gravel":2,"minecraft:stone":102,"soulsweapons:verglas_ore":1,"minecraft:oak_leaves":1,"minecraft:deepslate":30},"minecraft:used":{"minecraft:cooked_mutton":4,"minecraft:stone_pickaxe":119,"minecraft:wooden_pickaxe":59,"minecraft:iron_sword":21,"minecraft:iron_chestplate":1,"minecraft:torch":7,"minecraft:mutton":1,"minecraft:crafting_table":5,"minecraft:wooden_axe":64,"minecraft:iron_pickaxe":86,"minecraft:stone_axe":20,"minecraft:cobblestone":24,"minecraft:furnace":6,"minecraft:cooked_porkchop":4,"minecraft:cooked_beef":2,"minecraft:iron_leggings":1},"minecraft:killed":{"minecraft:pig":4,"minecraft:spider":9,"minecraft:sheep":3,"minecraft:zombie":1,"minecraft:cow":6},"minecraft:broken":{"minecraft:wooden_axe":1,"minecraft:wooden_pickaxe":1},"minecraft:custom":{"lootr:looted_stat":2,"minecraft:interact_with_furnace":41,"minecraft:mob_kills":24,"minecraft:interact_with_crafting_table":16,"minecraft:open_barrel":1,"minecraft:leave_game":2,"minecraft:time_since_death":49296,"minecraft:climb_one_cm":1289,"minecraft:time_since_rest":49296,"minecraft:sprint_one_cm":74922,"minecraft:damage_taken":741,"minecraft:walk_one_cm":162657,"minecraft:drop":5,"minecraft:damage_dealt":3130,"minecraft:fly_one_cm":120001,"minecraft:crouch_one_cm":5172,"minecraft:play_time":49296,"minecraft:sneak_time":2850,"minecraft:walk_under_water_one_cm":7254,"minecraft:jump":763,"minecraft:walk_on_water_one_cm":2381,"minecraft:total_world_time":49296,"minecraft:fall_one_cm":15705}},"DataVersion":3465}