{"stats":{"minecraft:used":{"minecraft:iron_pickaxe":3,"morebows:diamond_bow":22,"simplyswords:diamond_greathammer":75,"soulsweapons:guts_sword":45,"minecraft:green_bed":1,"minecraft:diamond_sword":3,"minecraft:anvil":1,"minecraft:cooked_porkchop":18,"minecraft:enchanted_golden_apple":1},"minecraft:dropped":{"minecraft:cobweb":1,"minecraft:porkchop":1,"minecraft:wheat_seeds":1,"minecraft:player_head":2,"minecraft:oak_sapling":1,"minecraft:feather":1,"minecraft:rotten_flesh":3,"minecraft:spider_eye":5,"immersive_weathering:tallow":1,"minecraft:bow":1,"minecraft:beef":3,"minecraft:string":3,"dungeonnowloading:spawner_fragment":1,"minecraft:coal":1,"minecraft:stick":1,"minecraft:bone":4,"minecraft:polished_andesite":2},"minecraft:crafted":{"minecraft:bow":1,"minecraft:stick":4,"minecraft:iron_block":5,"minecraft:anvil":1,"morebows:diamond_bow":1},"minecraft:picked_up":{"minecraft:tipped_arrow":1,"minecraft:cooked_beef":3,"minecraft:feather":1,"minecraft:turtle_helmet":1,"minecraft:green_bed":1,"paraglider:spirit_orb":52,"minecraft:spider_eye":3,"minecraft:string":7,"dungeonnowloading:spawner_fragment":8,"simplyswords:diamond_greathammer":1,"minecraft:bone":13,"minecraft:arrow":17,"minecraft:rotten_flesh":3,"minecraft:diamond_boots":1,"minecraft:beef":3,"minecraft:cooked_chicken":1,"soulsweapons:guts_sword":1},"minecraft:killed":{"minecraft:skeleton":13,"minecraft:zombie":3,"minecraft:zombie_villager":1,"minecraft:chicken":2,"minecraft:stray":1,"minecraft:spider":5,"majruszsdifficulty:cursed_armor":1,"minecraft:creeper":2,"minecraft:cow":2},"minecraft:custom":{"minecraft:time_since_rest":16962,"minecraft:damage_absorbed":154,"lootr:looted_stat":51,"minecraft:sprint_one_cm":118787,"minecraft:damage_taken":1784,"minecraft:walk_one_cm":214719,"minecraft:interact_with_anvil":6,"minecraft:mob_kills":35,"minecraft:drop":20,"minecraft:damage_dealt":12119,"minecraft:fly_one_cm":333427,"minecraft:open_chest":1,"minecraft:play_time":48864,"minecraft:sneak_time":1,"minecraft:walk_under_water_one_cm":1161,"minecraft:jump":674,"minecraft:leave_game":4,"minecraft:walk_on_water_one_cm":2500,"minecraft:time_since_death":48864,"minecraft:damage_resisted":250,"minecraft:sleep_in_bed":1,"minecraft:total_world_time":48864,"minecraft:climb_one_cm":5360,"minecraft:fall_one_cm":209743},"minecraft:mined":{"minecraft:green_bed":1,"minecraft:spawner":3},"minecraft:broken":{"minecraft:diamond_chestplate":1,"minecraft:diamond_leggings":1}},"DataVersion":3465}