{"stats":{"minecraft:used":{"minecraft:flint_and_steel":1,"simplyswords:thunderbrand":2,"minecraft:oak_planks":8,"morebows:diamond_bow":82,"minecraft:ender_pearl":7,"minecraft:green_bed":1,"minecraft:cooked_chicken":2,"minecraft:golden_apple":2,"minecraft:anvil":1,"minecraft:iron_axe":9,"minecraft:bread":17,"minecraft:iron_pickaxe":106,"simplyswords:diamond_cutlass":191,"simplyswords:diamond_greathammer":98,"soulsweapons:guts_sword":50,"minecraft:diamond_sword":3,"minecraft:golden_carrot":3,"minecraft:cooked_porkchop":23,"minecraft:cooked_beef":9,"minecraft:enchanted_golden_apple":2,"minecraft:experience_bottle":1},"minecraft:dropped":{"minecraft:enchanted_book":3,"minecraft:iron_ingot":18,"minecraft:porkchop":1,"minecraft:wheat_seeds":1,"minecraft:iron_nugget":26,"minecraft:player_head":2,"minecraft:diamond":2,"minecraft:feather":1,"minecraft:rotten_flesh":4,"minecraft:clay_ball":16,"minecraft:iron_boots":1,"dungeonnowloading:spawner_fragment":1,"minecraft:coal":1,"minecraft:emerald":4,"minecraft:stick":4,"minecraft:polished_andesite":2,"minecraft:filled_map":1,"minecraft:cobweb":1,"minecraft:diamond_sword":1,"minecraft:dirt":5,"minecraft:tipped_arrow":2,"minecraft:shield":1,"minecraft:oak_sapling":1,"minecraft:diamond_helmet":1,"minecraft:spider_eye":5,"immersive_weathering:tallow":1,"minecraft:arrow":17,"minecraft:bow":1,"minecraft:beef":3,"minecraft:crying_obsidian":1,"minecraft:string":3,"minecraft:bone":28},"minecraft:crafted":{"minecraft:iron_nugget":9,"simplyswords:diamond_cutlass":1,"minecraft:gold_block":10,"minecraft:diamond_block":13,"minecraft:bow":1,"minecraft:emerald_block":7,"minecraft:stick":8,"minecraft:iron_block":10,"minecraft:anvil":1,"morebows:diamond_bow":1},"minecraft:picked_up":{"minecraft:feather":1,"minecraft:cooked_beef":3,"minecraft:clay_ball":16,"minecraft:glow_ink_sac":5,"minecraft:turtle_helmet":1,"minecraft:jungle_wood":3,"minecraft:diamond_sword":1,"paraglider:spirit_orb":56,"minecraft:dirt":5,"minecraft:string":11,"minecraft:blackstone":2,"minecraft:bone":41,"dungeonnowloading:spawner_fragment":20,"minecraft:spruce_planks":2,"minecraft:beef":3,"minecraft:cooked_chicken":1,"minecraft:player_head":1,"minecraft:iron_nugget":26,"minecraft:iron_boots":1,"minecraft:tipped_arrow":2,"minecraft:stick":3,"minecraft:green_bed":1,"minecraft:spider_eye":3,"simplyswords:diamond_greathammer":1,"simplyswords:diamond_warglaive":1,"minecraft:arrow":29,"minecraft:rotten_flesh":6,"minecraft:diamond":8,"minecraft:diamond_boots":1,"minecraft:chainmail_helmet":1,"soulsweapons:guts_sword":1,"minecraft:bone_block":1,"minecraft:cobblestone":65},"minecraft:killed":{"dungeonnowloading:spawner_carrier":3,"minecraft:husk":6,"minecraft:zombie_villager":2,"minecraft:spider":13,"majruszsdifficulty:cursed_armor":1,"minecraft:creeper":3,"minecraft:skeleton":28,"minecraft:pillager":4,"minecraft:zombie":18,"minecraft:chicken":2,"minecraft:stray":4,"minecraft:cow":2},"minecraft:custom":{"lootr:looted_stat":174,"minecraft:interact_with_anvil":6,"minecraft:mob_kills":93,"minecraft:leave_game":6,"minecraft:time_since_death":5278,"minecraft:sleep_in_bed":1,"minecraft:climb_one_cm":6323,"minecraft:damage_resisted":608,"minecraft:time_since_rest":5311,"minecraft:sprint_one_cm":267134,"minecraft:damage_absorbed":395,"minecraft:damage_taken":7514,"minecraft:walk_one_cm":414665,"minecraft:drop":45,"minecraft:damage_dealt":36584,"minecraft:talked_to_villager":3,"minecraft:fly_one_cm":497346,"minecraft:open_chest":3,"minecraft:play_time":108748,"minecraft:crouch_one_cm":2369,"minecraft:deaths":3,"minecraft:sneak_time":1748,"minecraft:walk_under_water_one_cm":1472,"minecraft:jump":1461,"minecraft:walk_on_water_one_cm":4676,"minecraft:total_world_time":108748,"minecraft:inspect_dispenser":1,"minecraft:fall_one_cm":234505},"minecraft:broken":{"minecraft:diamond_boots":1,"minecraft:diamond_chestplate":1,"minecraft:diamond_leggings":1},"minecraft:mined":{"minecraft:spruce_planks":2,"minecraft:clay":5,"minecraft:grass_block":1,"minecraft:spawner":6,"minecraft:jungle_wood":3,"minecraft:glowstone":1,"minecraft:dark_oak_stairs":3,"minecraft:dirt":3,"minecraft:stone":90,"minecraft:bone_block":1,"minecraft:green_bed":1},"minecraft:killed_by":{"dungeonnowloading:spawner_carrier":1,"minecraft:skeleton":2}},"DataVersion":3465}