{"stats":{"minecraft:used":{"minecraft:oak_planks":8,"morebows:diamond_bow":22,"minecraft:ender_pearl":7,"minecraft:green_bed":1,"minecraft:cooked_chicken":2,"minecraft:anvil":1,"minecraft:iron_axe":4,"minecraft:iron_pickaxe":4,"simplyswords:diamond_greathammer":98,"soulsweapons:guts_sword":50,"minecraft:diamond_sword":3,"minecraft:cooked_porkchop":23,"minecraft:cooked_beef":4,"minecraft:enchanted_golden_apple":2},"minecraft:dropped":{"minecraft:iron_ingot":18,"minecraft:porkchop":1,"minecraft:wheat_seeds":1,"minecraft:player_head":2,"minecraft:feather":1,"minecraft:rotten_flesh":3,"minecraft:iron_boots":1,"dungeonnowloading:spawner_fragment":1,"minecraft:coal":1,"minecraft:emerald":4,"minecraft:polished_andesite":2,"minecraft:stick":1,"minecraft:cobweb":1,"minecraft:diamond_sword":1,"minecraft:tipped_arrow":2,"minecraft:oak_sapling":1,"minecraft:diamond_helmet":1,"minecraft:spider_eye":5,"immersive_weathering:tallow":1,"minecraft:arrow":17,"minecraft:bow":1,"minecraft:beef":3,"minecraft:crying_obsidian":1,"minecraft:string":3,"minecraft:bone":28},"minecraft:crafted":{"minecraft:iron_nugget":9,"minecraft:diamond_block":13,"minecraft:bow":1,"minecraft:emerald_block":7,"minecraft:stick":4,"minecraft:iron_block":10,"minecraft:anvil":1,"morebows:diamond_bow":1},"minecraft:picked_up":{"minecraft:feather":1,"minecraft:cooked_beef":3,"minecraft:turtle_helmet":1,"minecraft:diamond_sword":1,"paraglider:spirit_orb":54,"minecraft:string":7,"minecraft:bone":24,"dungeonnowloading:spawner_fragment":12,"minecraft:beef":3,"minecraft:cooked_chicken":1,"minecraft:iron_boots":1,"minecraft:tipped_arrow":2,"minecraft:green_bed":1,"minecraft:spider_eye":3,"simplyswords:diamond_greathammer":1,"simplyswords:diamond_warglaive":1,"minecraft:arrow":22,"minecraft:rotten_flesh":3,"minecraft:diamond":8,"minecraft:diamond_boots":1,"soulsweapons:guts_sword":1},"minecraft:killed":{"minecraft:zombie_villager":1,"minecraft:spider":5,"majruszsdifficulty:cursed_armor":1,"minecraft:creeper":2,"minecraft:skeleton":16,"minecraft:pillager":3,"minecraft:zombie":3,"minecraft:chicken":2,"minecraft:stray":3,"minecraft:cow":2},"minecraft:custom":{"lootr:looted_stat":149,"minecraft:mob_kills":45,"minecraft:interact_with_anvil":6,"minecraft:leave_game":4,"minecraft:time_since_death":72864,"minecraft:sleep_in_bed":1,"minecraft:climb_one_cm":5360,"minecraft:damage_resisted":608,"minecraft:time_since_rest":40962,"minecraft:sprint_one_cm":193637,"minecraft:walk_one_cm":272838,"minecraft:damage_taken":3353,"minecraft:damage_absorbed":315,"minecraft:drop":32,"minecraft:damage_dealt":14678,"minecraft:fly_one_cm":369832,"minecraft:open_chest":1,"minecraft:crouch_one_cm":59,"minecraft:play_time":72864,"minecraft:sneak_time":103,"minecraft:walk_under_water_one_cm":1161,"minecraft:jump":881,"minecraft:walk_on_water_one_cm":2500,"minecraft:total_world_time":72864,"minecraft:fall_one_cm":220187},"minecraft:mined":{"minecraft:spawner":4,"minecraft:glowstone":1,"minecraft:dark_oak_stairs":3,"minecraft:green_bed":1},"minecraft:broken":{"minecraft:diamond_boots":1,"minecraft:diamond_chestplate":1,"minecraft:diamond_leggings":1}},"DataVersion":3465}