{"stats":{"minecraft:used":{"minecraft:iron_axe":4,"minecraft:iron_pickaxe":4,"morebows:diamond_bow":22,"minecraft:ender_pearl":2,"simplyswords:diamond_greathammer":98,"soulsweapons:guts_sword":50,"minecraft:green_bed":1,"minecraft:diamond_sword":3,"minecraft:anvil":1,"minecraft:cooked_porkchop":23,"minecraft:enchanted_golden_apple":2},"minecraft:dropped":{"minecraft:cobweb":1,"minecraft:iron_ingot":4,"minecraft:tipped_arrow":2,"minecraft:porkchop":1,"minecraft:wheat_seeds":1,"minecraft:player_head":2,"minecraft:oak_sapling":1,"minecraft:feather":1,"minecraft:rotten_flesh":3,"minecraft:iron_boots":1,"minecraft:spider_eye":5,"immersive_weathering:tallow":1,"minecraft:bow":1,"minecraft:beef":3,"minecraft:string":3,"dungeonnowloading:spawner_fragment":1,"minecraft:coal":1,"minecraft:stick":1,"minecraft:bone":4,"minecraft:polished_andesite":2},"minecraft:crafted":{"minecraft:bow":1,"minecraft:stick":4,"minecraft:iron_block":5,"minecraft:anvil":1,"morebows:diamond_bow":1},"minecraft:picked_up":{"minecraft:tipped_arrow":2,"minecraft:cooked_beef":3,"minecraft:feather":1,"minecraft:turtle_helmet":1,"minecraft:diamond_sword":1,"minecraft:green_bed":1,"paraglider:spirit_orb":54,"minecraft:spider_eye":3,"minecraft:string":7,"dungeonnowloading:spawner_fragment":12,"simplyswords:diamond_greathammer":1,"minecraft:bone":24,"minecraft:arrow":22,"minecraft:rotten_flesh":3,"minecraft:diamond_boots":1,"minecraft:beef":3,"minecraft:cooked_chicken":1,"soulsweapons:guts_sword":1,"minecraft:iron_boots":1},"minecraft:killed":{"minecraft:skeleton":16,"minecraft:pillager":3,"minecraft:zombie":3,"minecraft:zombie_villager":1,"minecraft:chicken":2,"minecraft:stray":3,"minecraft:spider":5,"majruszsdifficulty:cursed_armor":1,"minecraft:creeper":2,"minecraft:cow":2},"minecraft:custom":{"minecraft:time_since_rest":28962,"minecraft:damage_absorbed":315,"lootr:looted_stat":89,"minecraft:sprint_one_cm":171288,"minecraft:damage_taken":2509,"minecraft:walk_one_cm":254008,"minecraft:interact_with_anvil":6,"minecraft:mob_kills":45,"minecraft:drop":23,"minecraft:damage_dealt":14678,"minecraft:fly_one_cm":352636,"minecraft:open_chest":1,"minecraft:play_time":60864,"minecraft:sneak_time":1,"minecraft:walk_under_water_one_cm":1161,"minecraft:jump":789,"minecraft:leave_game":4,"minecraft:walk_on_water_one_cm":2500,"minecraft:time_since_death":60864,"minecraft:damage_resisted":608,"minecraft:sleep_in_bed":1,"minecraft:total_world_time":60864,"minecraft:climb_one_cm":5360,"minecraft:fall_one_cm":212824},"minecraft:broken":{"minecraft:diamond_boots":1,"minecraft:diamond_chestplate":1,"minecraft:diamond_leggings":1},"minecraft:mined":{"minecraft:glowstone":1,"minecraft:dark_oak_stairs":3,"minecraft:green_bed":1,"minecraft:spawner":4}},"DataVersion":3465}