{"stats":{"minecraft:crafted":{"minecraft:cooked_beef":12,"minecraft:oak_door":3,"minecraft:oak_planks":36,"minecraft:cooked_porkchop":8,"galosphere:silver_bomb":4,"minecraft:crafting_table":3,"minecraft:iron_helmet":1,"minecraft:wooden_pickaxe":1,"minecraft:iron_sword":1,"minecraft:furnace":7,"minecraft:stone_axe":1,"minecraft:cooked_mutton":4,"minecraft:air":0,"minecraft:iron_boots":1,"minecraft:iron_chestplate":1,"minecraft:shield":1,"minecraft:stick":16,"minecraft:iron_ingot":40,"minecraft:iron_pickaxe":1,"minecraft:stone_pickaxe":1,"minecraft:wooden_axe":1,"minecraft:iron_leggings":1,"galosphere:silver_ingot":9,"minecraft:torch":16},"minecraft:picked_up":{"minecraft:crafting_table":7,"minecraft:leather":9,"soulsweapons:moonstone":1,"minecraft:oak_log":9,"minecraft:gunpowder":3,"minecraft:paper":2,"minecraft:dirt":2,"minecraft:string":7,"minecraft:raw_copper":2,"minecraft:wheat_seeds":15,"minecraft:cobbled_deepslate":70,"minecraft:iron_ingot":8,"minecraft:beef":12,"galosphere:raw_silver":14,"minecraft:oak_planks":12,"immersive_weathering:tallow":8,"minecraft:stick":3,"minecraft:raw_iron":77,"minecraft:oak_fence":1,"minecraft:torch":5,"minecraft:gravel":4,"minecraft:porkchop":8,"minecraft:spider_eye":4,"minecraft:rotten_flesh":1,"minecraft:diamond":11,"minecraft:beetroot_seeds":2,"soulsweapons:verglas":1,"minecraft:rail":2,"minecraft:mutton":5,"minecraft:coal":35,"minecraft:white_wool":3,"minecraft:cobblestone":113},"minecraft:dropped":{"minecraft:oak_door":2,"minecraft:gravel":4,"minecraft:iron_ingot":23,"minecraft:wheat_seeds":15,"minecraft:cobbled_deepslate":69,"minecraft:raw_copper":2,"minecraft:oak_fence":1,"minecraft:rotten_flesh":1,"minecraft:dirt":2,"galosphere:raw_silver":2,"minecraft:beetroot_seeds":2,"minecraft:spider_eye":4,"immersive_weathering:tallow":8,"minecraft:stone_pickaxe":1,"minecraft:paper":1},"minecraft:mined":{"minecraft:deepslate_diamond_ore":11,"galosphere:deepslate_silver_ore":7,"minecraft:crafting_table":7,"minecraft:torch":2,"minecraft:grass_block":1,"galosphere:silver_ore":4,"minecraft:tall_grass":15,"minecraft:wall_torch":3,"minecraft:chain":1,"minecraft:iron_ore":57,"minecraft:cobbled_deepslate":2,"minecraft:grass":25,"soulsweapons:moonstone_ore_deepslate":1,"minecraft:oak_log":9,"minecraft:coal_ore":35,"minecraft:deepslate_iron_ore":25,"minecraft:gravel":2,"minecraft:stone":102,"soulsweapons:verglas_ore":1,"minecraft:oak_leaves":1,"minecraft:deepslate":31},"minecraft:used":{"minecraft:cooked_mutton":4,"minecraft:stone_pickaxe":119,"minecraft:wooden_pickaxe":59,"minecraft:iron_sword":21,"minecraft:iron_chestplate":1,"minecraft:oak_door":1,"minecraft:torch":9,"minecraft:mutton":1,"minecraft:crafting_table":9,"minecraft:wooden_axe":64,"minecraft:iron_pickaxe":104,"galosphere:silver_bomb":4,"minecraft:stone_axe":22,"minecraft:cobblestone":25,"minecraft:furnace":7,"minecraft:cooked_porkchop":8,"minecraft:cooked_beef":3,"minecraft:iron_leggings":1},"minecraft:killed":{"minecraft:pig":4,"minecraft:spider":9,"minecraft:sheep":3,"minecraft:zombie":1,"minecraft:cow":6},"minecraft:broken":{"minecraft:wooden_axe":1,"minecraft:wooden_pickaxe":1},"minecraft:custom":{"lootr:looted_stat":2,"minecraft:interact_with_furnace":44,"minecraft:mob_kills":24,"minecraft:interact_with_crafting_table":21,"minecraft:open_barrel":5,"minecraft:leave_game":2,"minecraft:time_since_death":61296,"minecraft:climb_one_cm":1511,"minecraft:time_since_rest":61296,"minecraft:sprint_one_cm":89099,"minecraft:damage_taken":1120,"minecraft:walk_one_cm":203070,"minecraft:drop":23,"minecraft:damage_dealt":3130,"minecraft:swim_one_cm":1569,"minecraft:fly_one_cm":126987,"minecraft:crouch_one_cm":5275,"minecraft:play_time":61296,"minecraft:sneak_time":2964,"minecraft:walk_under_water_one_cm":13919,"minecraft:jump":842,"minecraft:walk_on_water_one_cm":7021,"minecraft:total_world_time":61296,"minecraft:fall_one_cm":18467}},"DataVersion":3465}