{"stats":{"minecraft:used":{"simplyswords:diamond_greathammer":45,"soulsweapons:guts_sword":12,"minecraft:diamond_sword":3,"minecraft:cooked_porkchop":3},"minecraft:dropped":{"minecraft:porkchop":1,"minecraft:wheat_seeds":1,"minecraft:player_head":2,"minecraft:oak_sapling":1,"minecraft:rotten_flesh":3,"minecraft:spider_eye":2,"immersive_weathering:tallow":1,"minecraft:bow":1,"minecraft:beef":3,"minecraft:string":2,"dungeonnowloading:spawner_fragment":1,"minecraft:coal":1,"minecraft:bone":4,"minecraft:polished_andesite":2},"minecraft:picked_up":{"minecraft:tipped_arrow":1,"minecraft:cooked_beef":3,"minecraft:feather":1,"minecraft:turtle_helmet":1,"paraglider:spirit_orb":43,"minecraft:spider_eye":3,"minecraft:string":7,"simplyswords:diamond_greathammer":1,"minecraft:bone":6,"minecraft:arrow":10,"minecraft:rotten_flesh":3,"minecraft:diamond_boots":1,"minecraft:beef":3,"minecraft:cooked_chicken":1,"soulsweapons:guts_sword":1},"minecraft:killed":{"minecraft:skeleton":4,"minecraft:zombie":3,"minecraft:zombie_villager":1,"minecraft:chicken":2,"minecraft:stray":1,"minecraft:spider":5,"minecraft:creeper":1,"minecraft:cow":2},"minecraft:custom":{"minecraft:time_since_rest":12864,"lootr:looted_stat":1,"minecraft:sprint_one_cm":10506,"minecraft:damage_taken":243,"minecraft:walk_one_cm":38414,"minecraft:mob_kills":24,"minecraft:drop":15,"minecraft:damage_dealt":5864,"minecraft:fly_one_cm":104094,"minecraft:play_time":12864,"minecraft:jump":224,"minecraft:leave_game":4,"minecraft:time_since_death":12864,"minecraft:total_world_time":12864,"minecraft:climb_one_cm":2290,"minecraft:fall_one_cm":72652}},"DataVersion":3465}