{"stats":{"minecraft:crafted":{"minecraft:cooked_beef":12,"minecraft:oak_planks":36,"minecraft:cooked_porkchop":8,"minecraft:crafting_table":1,"minecraft:stick":12,"minecraft:iron_ingot":7,"minecraft:wooden_pickaxe":1,"minecraft:stone_pickaxe":1,"minecraft:wooden_axe":1,"minecraft:furnace":3,"minecraft:torch":16,"minecraft:stone_axe":1,"minecraft:cooked_mutton":4,"minecraft:air":0},"minecraft:picked_up":{"minecraft:raw_iron":18,"minecraft:crafting_table":3,"minecraft:leather":9,"minecraft:torch":3,"minecraft:gravel":2,"minecraft:porkchop":8,"minecraft:oak_log":9,"minecraft:spider_eye":1,"minecraft:string":3,"minecraft:dirt":1,"minecraft:rotten_flesh":1,"minecraft:wheat_seeds":5,"minecraft:beef":12,"galosphere:raw_silver":2,"minecraft:coal":35,"minecraft:oak_planks":12,"minecraft:mutton":5,"immersive_weathering:tallow":8,"minecraft:white_wool":3,"minecraft:cobblestone":92},"minecraft:dropped":{"galosphere:raw_silver":2},"minecraft:mined":{"minecraft:iron_ore":18,"minecraft:crafting_table":3,"minecraft:grass":25,"minecraft:coal_ore":35,"minecraft:grass_block":1,"minecraft:oak_log":9,"minecraft:gravel":2,"galosphere:silver_ore":1,"minecraft:tall_grass":15,"minecraft:wall_torch":3,"minecraft:stone":93,"minecraft:oak_leaves":1},"minecraft:used":{"minecraft:cooked_mutton":2,"minecraft:wooden_axe":64,"minecraft:stone_pickaxe":91,"minecraft:wooden_pickaxe":59,"minecraft:torch":3,"minecraft:stone_axe":16,"minecraft:mutton":1,"minecraft:cobblestone":22,"minecraft:crafting_table":3,"minecraft:furnace":3,"minecraft:cooked_porkchop":1,"minecraft:cooked_beef":2},"minecraft:killed":{"minecraft:sheep":3,"minecraft:zombie":1,"minecraft:pig":4,"minecraft:spider":2,"minecraft:cow":6},"minecraft:broken":{"minecraft:wooden_axe":1,"minecraft:wooden_pickaxe":1},"minecraft:custom":{"minecraft:time_since_rest":25296,"minecraft:interact_with_furnace":23,"minecraft:sprint_one_cm":29231,"minecraft:damage_taken":350,"minecraft:walk_one_cm":68739,"minecraft:mob_kills":16,"minecraft:drop":2,"minecraft:damage_dealt":1802,"minecraft:interact_with_crafting_table":7,"minecraft:fly_one_cm":87194,"minecraft:crouch_one_cm":4560,"minecraft:play_time":25296,"minecraft:sneak_time":2332,"minecraft:jump":405,"minecraft:leave_game":2,"minecraft:time_since_death":25296,"minecraft:total_world_time":25296,"minecraft:climb_one_cm":190,"minecraft:fall_one_cm":10234}},"DataVersion":3465}