{"stats":{"minecraft:used":{"minecraft:flint_and_steel":1,"simplyswords:thunderbrand":3,"minecraft:oak_planks":8,"morebows:diamond_bow":182,"minecraft:ender_pearl":7,"minecraft:green_bed":1,"minecraft:player_head":1,"minecraft:cooked_chicken":2,"minecraft:golden_apple":17,"minecraft:torch":4,"minecraft:anvil":1,"dungeonnowloading:skull_of_chaos":1,"minecraft:iron_axe":10,"minecraft:bread":37,"minecraft:iron_pickaxe":112,"simplyswords:diamond_cutlass":295,"simplyswords:diamond_greathammer":104,"soulsweapons:guts_sword":50,"dungeonnowloading:scepter_of_sealed_chaos":2,"mythicupgrades:citrine_potion":2,"minecraft:diamond_sword":3,"minecraft:golden_carrot":22,"minecraft:cooked_porkchop":23,"mythicupgrades:ruby_potion":2,"minecraft:cooked_beef":9,"minecraft:experience_bottle":1,"minecraft:enchanted_golden_apple":2},"minecraft:dropped":{"minecraft:enchanted_book":3,"minecraft:iron_ingot":18,"minecraft:blackstone":4,"minecraft:porkchop":1,"minecraft:wheat_seeds":1,"minecraft:iron_nugget":26,"minecraft:player_head":5,"minecraft:glow_ink_sac":5,"minecraft:mossy_cobblestone":2,"minecraft:glass_bottle":2,"minecraft:diamond":2,"minecraft:feather":1,"minecraft:cobblestone":2,"minecraft:rotten_flesh":50,"minecraft:clay_ball":16,"minecraft:iron_boots":1,"minecraft:chainmail_helmet":1,"dungeonnowloading:spawner_fragment":2,"minecraft:coal":1,"minecraft:stick":4,"minecraft:polished_andesite":2,"minecraft:emerald":4,"minecraft:filled_map":1,"minecraft:cobweb":1,"minecraft:diamond_sword":1,"minecraft:dirt":5,"minecraft:tipped_arrow":2,"minecraft:shield":1,"minecraft:oak_sapling":1,"minecraft:diamond_helmet":1,"minecraft:spider_eye":7,"immersive_weathering:tallow":1,"minecraft:arrow":17,"minecraft:bow":1,"minecraft:beef":3,"minecraft:crying_obsidian":1,"minecraft:string":8,"minecraft:bone":34},"minecraft:picked_up":{"dungeonnowloading:chaotic_hexahedron":1,"minecraft:feather":1,"minecraft:cooked_beef":3,"minecraft:clay_ball":16,"minecraft:golden_carrot":41,"minecraft:flower_pot":1,"minecraft:glow_ink_sac":5,"minecraft:turtle_helmet":1,"minecraft:diamond_sword":1,"minecraft:jungle_wood":3,"paraglider:spirit_orb":58,"minecraft:chain":1,"dungeonnowloading:spawner_blade":2,"minecraft:string":28,"minecraft:dirt":5,"dungeonnowloading:spawner_fragment":38,"minecraft:bone":47,"minecraft:blackstone":4,"minecraft:spruce_wood":1,"minecraft:spruce_planks":2,"minecraft:beef":3,"minecraft:cooked_chicken":1,"minecraft:player_head":7,"minecraft:iron_nugget":26,"minecraft:iron_boots":1,"minecraft:tipped_arrow":2,"minecraft:stick":7,"dungeonnowloading:spawner_frame":4,"minecraft:green_bed":1,"minecraft:spider_eye":8,"minecraft:mossy_cobblestone":4,"simplyswords:diamond_greathammer":1,"simplyswords:diamond_warglaive":1,"minecraft:arrow":34,"minecraft:rotten_flesh":77,"minecraft:diamond":19,"minecraft:diamond_boots":1,"minecraft:golden_apple":11,"minecraft:chainmail_helmet":1,"soulsweapons:guts_sword":1,"minecraft:bone_block":1,"minecraft:cobblestone":66},"minecraft:crafted":{"dungeonnowloading:scepter_of_sealed_chaos":1,"dungeonnowloading:skull_of_chaos":1,"dungeonnowloading:spawner_frame":13,"minecraft:iron_nugget":9,"minecraft:spruce_planks":4,"simplyswords:diamond_cutlass":1,"minecraft:gold_block":10,"minecraft:diamond_block":13,"minecraft:bow":1,"minecraft:emerald_block":7,"minecraft:stick":12,"minecraft:iron_block":10,"minecraft:anvil":1,"morebows:diamond_bow":1},"minecraft:killed":{"dungeonnowloading:spawner_carrier":3,"minecraft:husk":6,"minecraft:zombie_villager":2,"minecraft:spider":23,"majruszsdifficulty:cursed_armor":1,"minecraft:creeper":3,"minecraft:skeleton":32,"minecraft:pillager":4,"minecraft:zombie":45,"minecraft:chicken":2,"minecraft:stray":4,"dungeonnowloading:chaos_spawner":2,"minecraft:enderman":1,"minecraft:cow":2},"minecraft:custom":{"minecraft:interact_with_anvil":6,"minecraft:mob_kills":137,"lootr:looted_stat":178,"minecraft:leave_game":8,"minecraft:time_since_death":8220,"minecraft:sleep_in_bed":1,"minecraft:damage_resisted":608,"minecraft:climb_one_cm":8139,"minecraft:time_since_rest":8257,"minecraft:sprint_one_cm":331023,"minecraft:damage_absorbed":870,"minecraft:damage_taken":17935,"minecraft:walk_one_cm":615624,"minecraft:drop":62,"minecraft:damage_dealt":49146,"minecraft:fly_one_cm":693262,"minecraft:talked_to_villager":3,"minecraft:open_chest":3,"minecraft:play_time":144566,"minecraft:crouch_one_cm":2519,"minecraft:deaths":11,"minecraft:sneak_time":1780,"minecraft:walk_under_water_one_cm":1472,"minecraft:jump":2130,"minecraft:walk_on_water_one_cm":4676,"minecraft:total_world_time":144566,"minecraft:inspect_dispenser":1,"minecraft:fall_one_cm":237275},"minecraft:broken":{"minecraft:diamond_boots":2,"minecraft:diamond_chestplate":1,"minecraft:diamond_helmet":1,"minecraft:diamond_leggings":1},"minecraft:mined":{"dungeonnowloading:spikes":1,"minecraft:spruce_planks":2,"minecraft:clay":5,"minecraft:grass_block":1,"minecraft:spawner":7,"minecraft:jungle_wood":3,"minecraft:glowstone":1,"minecraft:dark_oak_stairs":3,"dungeonnowloading:explosive_barrel":1,"minecraft:vine":3,"minecraft:dirt":3,"minecraft:spruce_wood":1,"minecraft:stone":90,"minecraft:bone_block":1,"minecraft:green_bed":1},"minecraft:killed_by":{"dungeonnowloading:chaos_spawner":8,"dungeonnowloading:spawner_carrier":1,"minecraft:skeleton":2}},"DataVersion":3465}