{"stats":{"minecraft:used":{"morebows:diamond_bow":163,"minecraft:dirt":154,"minecraft:bow":10,"minecraft:golden_carrot":27,"simplyswords:righteous_relic":347,"minecraft:ender_pearl":10,"minecraft:green_bed":1,"minecraft:diamond_axe":3,"simplyswords:slumbering_lichblade":229,"minecraft:golden_apple":54,"minecraft:diamond_pickaxe":329,"minecraft:diamond_shovel":185,"minecraft:cobblestone":23},"minecraft:dropped":{"minecraft:enchanted_book":1,"minecraft:iron_ingot":6,"minecraft:candle":2,"minecraft:wheat_seeds":2,"minecraft:cooked_beef":1,"minecraft:mossy_cobblestone":1,"minecraft:diamond":1,"minecraft:iron_helmet":3,"minecraft:cobblestone":227,"dungeonnowloading:cobblestone_pebble":1,"minecraft:jungle_wood":1,"minecraft:leather":1,"simplyswords:diamond_warglaive":1,"minecells:putrid_sapling":1,"minecraft:chainmail_helmet":2,"paraglider:spirit_orb":43,"minecraft:end_rod":1,"minecraft:stick":1,"minecraft:dirt":12,"soulsweapons:guts_sword":1,"minecells:explosive_bulb":1,"minecraft:rabbit":1,"minecraft:iron_leggings":2,"minecraft:jungle_sapling":1,"minecraft:gold_nugget":64,"minecraft:smooth_sandstone_slab":1,"minecraft:chainmail_leggings":2,"minecraft:bone":97,"minecraft:gravel":1,"minecraft:bricks":2,"minecraft:blackstone":152,"simplyswords:diamond_greataxe":1,"minecraft:iron_nugget":88,"minecraft:player_head":2,"minecraft:cooked_chicken":3,"minecraft:cobbled_deepslate":44,"minecraft:tuff":30,"minecraft:smooth_sandstone_stairs":1,"minecraft:wheat":1,"minecraft:rotten_flesh":25,"minecraft:clay_ball":108,"minecraft:iron_boots":1,"minecraft:name_tag":1,"dungeonnowloading:spawner_fragment":225,"minecells:monster_cell":1,"minecraft:chainmail_chestplate":2,"vanillatweaks:crafting_pad":1,"minecraft:rabbit_hide":1,"minecraft:cyan_wool":1,"minecraft:turtle_helmet":1,"minecraft:gunpowder":10,"minecraft:golden_leggings":1,"minecells:guts":1,"minecraft:spider_eye":3,"simplyswords:diamond_greathammer":1,"minecraft:diamond_boots":1,"minecraft:cyan_concrete":3,"minecraft:crying_obsidian":1,"minecraft:brick_slab":1,"minecraft:egg":1},"minecraft:crafted":{"minecraft:diamond_block":9,"minecraft:gold_block":47,"minecraft:golden_apple":6,"minecraft:iron_block":113,"minecraft:gold_ingot":79},"minecraft:picked_up":{"minecells:putrid_sapling":1,"minecraft:wheat":1,"minecraft:clay_ball":108,"dungeonnowloading:cobblestone_pebble":2,"minecraft:enchanted_book":2,"minecraft:brick":8,"minecraft:string":15,"minecraft:iron_leggings":2,"dungeonnowloading:spawner_fragment":173,"minecraft:blackstone":152,"minecraft:candle":2,"minecraft:cobbled_deepslate":44,"bosses_of_mass_destruction:soul_star":2,"minecraft:cyan_wool":1,"minecraft:player_head":3,"minecraft:jungle_sapling":1,"minecraft:lectern":1,"minecraft:egg":1,"minecraft:iron_boots":1,"minecraft:tipped_arrow":2,"minecells:guts":1,"minecraft:stick":1,"minecraft:green_bed":1,"minecraft:smooth_sandstone_slab":1,"minecraft:arrow":68,"minecraft:rotten_flesh":37,"minecraft:decorated_pot":1,"minecraft:cobblestone":250,"minecraft:leather":1,"minecraft:jungle_wood":1,"minecraft:golden_leggings":1,"minecraft:potato":1,"minecraft:filled_map":1,"paraglider:spirit_orb":80,"minecraft:chainmail_chestplate":2,"minecraft:tuff":30,"minecraft:smooth_sandstone_stairs":1,"minecraft:gunpowder":10,"vanillatweaks:crafting_pad":1,"minecraft:dirt":166,"minecraft:white_banner":1,"minecraft:name_tag":2,"minecraft:bone":88,"minecraft:wheat_seeds":2,"minecraft:rabbit_hide":1,"minecraft:iron_ingot":18,"minecraft:rabbit":1,"minecraft:cyan_concrete":3,"minecells:monster_cell":1,"minecraft:gravel":1,"dungeonnowloading:wooden_wall_rack":1,"minecraft:crying_obsidian":1,"minecraft:spider_eye":3,"minecraft:mossy_cobblestone":1,"minecraft:brick_slab":1,"minecraft:diamond":1,"minecells:explosive_bulb":1,"minecraft:chainmail_leggings":2,"minecraft:iron_helmet":2,"minecraft:chainmail_helmet":2,"minecraft:bricks":2},"minecraft:killed":{"dungeonnowloading:spawner_carrier":1,"minecraft:spider":14,"minecells:undead_archer":1,"minecraft:skeleton":87,"minecells:leaping_zombie":3,"minecells:grenadier":1,"minecraft:husk":5,"minecraft:rabbit":2,"minecraft:bat":1,"majruszsdifficulty:cursed_armor":3,"minecraft:creeper":1,"minecraft:pillager":21,"minecraft:zombie":32,"minecraft:stray":1,"minecraft:cow":1},"minecraft:custom":{"lootr:looted_stat":198,"minecraft:mob_kills":194,"minecraft:bell_ring":6,"minecraft:leave_game":2,"minecraft:time_since_death":17602,"minecraft:climb_one_cm":5026,"minecraft:sprint_one_cm":478173,"minecraft:walk_one_cm":714380,"minecraft:drop":93,"minecraft:talked_to_villager":1,"minecraft:play_time":124059,"minecraft:deaths":2,"minecraft:sneak_time":1928,"minecraft:walk_under_water_one_cm":351,"minecraft:jump":1268,"minecraft:interact_with_brewingstand":1,"minecraft:walk_on_water_one_cm":1336,"minecraft:total_world_time":124059,"minecraft:sleep_in_bed":2,"minecraft:time_since_rest":17750,"minecraft:damage_taken":8810,"minecraft:damage_absorbed":1652,"minecraft:damage_dealt":56655,"minecraft:swim_one_cm":24976,"minecraft:fly_one_cm":607827,"minecraft:open_chest":6,"minecraft:crouch_one_cm":6607,"minecraft:fall_one_cm":369999},"minecraft:mined":{"minecraft:tuff":16,"minecraft:farmland":1,"minecraft:mossy_cobblestone":1,"minecraft:jungle_leaves":5,"minecraft:grass_block":26,"minecraft:yellow_concrete_powder":1,"minecraft:spawner":40,"minecraft:fire":9,"minecraft:vine":2,"minecraft:iron_bars":2,"minecraft:cyan_concrete":3,"immersive_weathering:loam":2,"minecraft:smooth_sandstone_stairs":1,"minecraft:stone":118,"minecraft:green_bed":1,"minecraft:blackstone":101,"minecraft:orange_terracotta":4,"minecraft:smooth_sandstone":1,"minecraft:clay":13,"minecraft:dead_bush":1,"minecraft:lectern":1,"minecraft:cobblestone":2,"minecraft:green_stained_glass_pane":2,"minecraft:bricks":2,"minecraft:smooth_sandstone_slab":1,"minecraft:cyan_wool":1,"minecraft:brick_slab":1,"minecraft:jungle_wood":1,"minecraft:wheat":1,"minecraft:grass":2,"dungeonnowloading:explosive_barrel":9,"minecraft:gravel":1,"minecraft:yellow_concrete":1,"minecraft:dirt":142,"minecraft:terracotta":3,"minecraft:deepslate":22},"minecraft:killed_by":{"dungeonnowloading:spawner_carrier":1,"minecraft:skeleton":1}},"DataVersion":3465}