{"stats":{"minecraft:crafted":{"minecraft:oak_planks":40,"minecraft:crafting_table":2,"minecraft:stick":4,"minecraft:wooden_pickaxe":1,"minecraft:furnace":1,"minecraft:stone_axe":1},"minecraft:picked_up":{"minecraft:leather":8,"minecraft:torch":3,"minecraft:porkchop":7,"minecraft:oak_log":10,"minecraft:wheat_seeds":1,"minecraft:beef":14,"minecraft:mutton":4,"minecraft:coal":6,"immersive_weathering:tallow":10,"minecraft:white_wool":3,"minecraft:cobblestone":14},"minecraft:mined":{"minecraft:crafting_table":1,"minecraft:torch":1,"minecraft:grass":6,"minecraft:coal_ore":6,"minecraft:oak_log":11,"minecraft:tall_grass":4,"minecraft:stone":14},"minecraft:used":{"minecraft:oak_planks":10,"minecraft:wooden_pickaxe":23,"minecraft:stone_axe":29,"minecraft:torch":2,"minecraft:crafting_table":2,"minecraft:furnace":1,"minecraft:porkchop":2},"minecraft:killed":{"minecraft:sheep":3,"minecraft:pig":5,"minecraft:cow":8},"minecraft:killed_by":{"minecraft:zombie":3},"minecraft:custom":{"minecraft:time_since_rest":7856,"minecraft:interact_with_furnace":1,"minecraft:sprint_one_cm":47933,"minecraft:damage_taken":895,"minecraft:walk_one_cm":34260,"minecraft:mob_kills":16,"minecraft:damage_dealt":1916,"minecraft:swim_one_cm":9811,"minecraft:interact_with_crafting_table":6,"minecraft:fly_one_cm":136547,"minecraft:crouch_one_cm":956,"minecraft:play_time":15702,"minecraft:deaths":3,"minecraft:sneak_time":206,"minecraft:walk_under_water_one_cm":2371,"minecraft:jump":452,"minecraft:leave_game":7,"minecraft:walk_on_water_one_cm":1209,"minecraft:time_since_death":7316,"minecraft:climb_one_cm":82,"minecraft:total_world_time":15702,"minecraft:fall_one_cm":17767}},"DataVersion":3465}