{"stats":{"minecraft:crafted":{"minecraft:oak_planks":40,"minecraft:furnace":3,"soulsweapons:featherlight":1,"minecraft:bow":1,"minecraft:iron_boots":1,"minecraft:iron_axe":1,"minecraft:stone_pickaxe":1,"galosphere:silver_ingot":5,"minecraft:cooked_beef":38,"minecraft:cooked_porkchop":9,"minecraft:crafting_table":4,"minecraft:wooden_pickaxe":1,"minecraft:iron_helmet":1,"minecraft:bucket":1,"minecraft:stone_axe":1,"minecraft:air":0,"minecraft:iron_chestplate":1,"minecraft:diamond_pickaxe":1,"minecraft:gold_nugget":27,"minecraft:stick":8,"minecraft:iron_ingot":7,"minecraft:iron_leggings":1},"minecraft:picked_up":{"minecraft:crafting_table":3,"minecraft:chicken":13,"minecraft:string":13,"minecraft:iron_shovel":1,"minecraft:cobbled_deepslate":40,"minecraft:beef":42,"minecraft:melon_slice":8,"minecraft:furnace":2,"minecraft:raw_iron":37,"minecraft:torch":5,"minecraft:porkchop":7,"minecraft:cookie":6,"minecraft:carrot":12,"minecraft:redstone":10,"minecraft:rotten_flesh":5,"minecraft:arrow":2,"minecraft:tropical_fish":3,"minecraft:mutton":17,"minecraft:obsidian":7,"minecraft:cod":1,"minecraft:white_wool":3,"minecraft:cobblestone":52,"minecraft:feather":1,"minecraft:glow_ink_sac":3,"minecraft:leather":21,"minecraft:potato":32,"minecraft:oak_log":10,"minecraft:dirt":2,"minecraft:lapis_lazuli":45,"minecraft:cooked_mutton":2,"minecraft:bone":6,"minecraft:apple":30,"minecraft:wheat_seeds":1,"minecraft:raw_gold":1,"minecraft:iron_ingot":33,"minecraft:rabbit":6,"galosphere:raw_silver":6,"minecraft:oak_planks":4,"immersive_weathering:tallow":10,"minecraft:cooked_porkchop":1,"minecraft:amethyst_shard":3,"minecraft:spider_eye":2,"minecraft:bundle":1,"minecraft:spruce_fence_gate":1,"minecraft:diamond":6,"soulsweapons:verglas":4,"minecraft:bread":2,"minecraft:coal":90},"minecraft:dropped":{"minecraft:bread":2,"minecraft:iron_sword":2,"minecraft:cooked_porkchop":2,"minecraft:cookie":9,"minecraft:feather":1,"minecraft:apple":45,"minecraft:tropical_fish":6,"minecraft:cod":2,"minecraft:stick":3,"minecraft:dirt":1,"minecraft:mutton":22,"minecraft:rabbit":9,"minecraft:melon_slice":12,"minecraft:gold_nugget":27,"minecraft:amethyst_shard":1,"minecraft:iron_shovel":1,"minecraft:string":10,"minecraft:white_wool":3,"minecraft:redstone":4,"minecraft:stone_axe":1,"minecraft:cobbled_deepslate":40,"minecraft:chicken":18,"minecraft:rotten_flesh":5,"minecraft:cooked_mutton":3,"minecraft:honey_bottle":1,"minecraft:salmon":2,"minecraft:carrot":18,"minecraft:filled_map":1,"minecraft:potato":48,"minecraft:bundle":1,"minecraft:spider_eye":2,"immersive_weathering:tallow":10,"minecraft:wooden_pickaxe":1,"minecraft:stone_pickaxe":1,"minecraft:raw_gold":1},"minecraft:used":{"minecraft:iron_sword":14,"minecraft:torch":4,"minecraft:dirt":1,"soulsweapons:featherlight":66,"minecraft:iron_axe":12,"minecraft:iron_helmet":1,"minecraft:bow":2,"minecraft:furnace":4,"minecraft:cooked_beef":15,"minecraft:water_bucket":7,"minecraft:bundle":3,"minecraft:stone_pickaxe":32,"minecraft:oak_planks":21,"minecraft:wooden_pickaxe":43,"minecraft:spruce_fence_gate":1,"minecraft:crafting_table":7,"minecraft:diamond_pickaxe":38,"minecraft:map":1,"minecraft:iron_pickaxe":92,"minecraft:diamond_ore":1,"minecraft:stone_axe":54,"minecraft:cobblestone":7,"minecraft:porkchop":2,"minecraft:bucket":8},"minecraft:mined":{"minecraft:diamond_ore":1,"minecraft:tuff":1,"minecraft:deepslate_diamond_ore":6,"minecraft:gray_stained_glass_pane":6,"minecraft:obsidian":9,"minecraft:grass_block":1,"minecraft:spawner":1,"minecraft:furnace":2,"minecraft:iron_ore":9,"minecraft:cobbled_deepslate":1,"minecraft:deepslate_lapis_ore":6,"minecraft:deepslate_iron_ore":14,"minecraft:stone":57,"minecraft:deepslate_redstone_ore":2,"soulsweapons:verglas_ore_deepslate":4,"galosphere:deepslate_silver_ore":6,"minecraft:crafting_table":4,"minecraft:torch":2,"minecraft:tall_grass":5,"minecraft:lapis_ore":2,"minecraft:deepslate_gold_ore":2,"minecraft:oak_planks":4,"minecraft:grass":7,"minecraft:oak_log":11,"minecraft:coal_ore":48,"minecraft:dirt":1,"minecraft:cobweb":8,"minecraft:spruce_fence_gate":1,"minecraft:deepslate":31},"minecraft:killed":{"minecraft:cave_spider":3,"minecraft:spider":3,"minecraft:skeleton":4,"minecraft:chicken":1,"minecraft:pig":5,"minecraft:zombie_villager":1,"minecraft:creeper":4,"minecraft:sheep":3,"minecraft:zombie":7,"minecraft:cow":19},"minecraft:killed_by":{"minecraft:zombie":3},"minecraft:custom":{"lootr:looted_stat":29,"minecraft:mob_kills":51,"minecraft:interact_with_crafting_table":20,"minecraft:open_barrel":11,"minecraft:leave_game":8,"minecraft:time_since_death":63837,"minecraft:climb_one_cm":222,"minecraft:sprint_one_cm":215246,"minecraft:walk_one_cm":179756,"minecraft:drop":62,"minecraft:talked_to_villager":5,"minecraft:play_time":72223,"minecraft:deaths":3,"minecraft:sneak_time":1030,"minecraft:walk_under_water_one_cm":12670,"minecraft:jump":1463,"minecraft:walk_on_water_one_cm":14634,"minecraft:total_world_time":72223,"minecraft:interact_with_furnace":36,"minecraft:time_since_rest":64377,"minecraft:damage_taken":1573,"minecraft:damage_dealt":8644,"minecraft:swim_one_cm":27580,"minecraft:fly_one_cm":335248,"minecraft:open_chest":1,"minecraft:crouch_one_cm":2909,"minecraft:fall_one_cm":40715}},"DataVersion":3465}