{"stats":{"minecraft:used":{"morebows:diamond_bow":128,"minecraft:dirt":154,"minecraft:bow":10,"minecraft:golden_carrot":27,"simplyswords:righteous_relic":347,"minecraft:ender_pearl":10,"minecraft:green_bed":1,"minecraft:diamond_axe":3,"simplyswords:slumbering_lichblade":122,"minecraft:golden_apple":46,"minecraft:diamond_pickaxe":324,"minecraft:diamond_shovel":185,"minecraft:cobblestone":23},"minecraft:dropped":{"minecraft:enchanted_book":1,"minecraft:iron_ingot":3,"minecraft:wheat_seeds":2,"minecraft:cooked_beef":1,"minecraft:mossy_cobblestone":1,"minecraft:iron_helmet":3,"minecraft:cobblestone":227,"dungeonnowloading:cobblestone_pebble":1,"minecraft:jungle_wood":1,"simplyswords:diamond_warglaive":1,"minecells:putrid_sapling":1,"minecraft:chainmail_helmet":2,"paraglider:spirit_orb":43,"minecraft:end_rod":1,"minecraft:stick":1,"minecraft:dirt":12,"soulsweapons:guts_sword":1,"minecells:explosive_bulb":1,"minecraft:rabbit":1,"minecraft:iron_leggings":2,"minecraft:jungle_sapling":1,"minecraft:gold_nugget":64,"minecraft:smooth_sandstone_slab":1,"minecraft:chainmail_leggings":2,"minecraft:bone":84,"minecraft:gravel":1,"minecraft:bricks":2,"minecraft:blackstone":152,"simplyswords:diamond_greataxe":1,"minecraft:iron_nugget":88,"minecraft:player_head":2,"minecraft:cooked_chicken":3,"minecraft:cobbled_deepslate":44,"minecraft:tuff":30,"minecraft:smooth_sandstone_stairs":1,"minecraft:wheat":1,"minecraft:rotten_flesh":21,"minecraft:clay_ball":108,"minecraft:iron_boots":1,"minecraft:name_tag":1,"dungeonnowloading:spawner_fragment":225,"minecells:monster_cell":1,"minecraft:chainmail_chestplate":2,"vanillatweaks:crafting_pad":1,"minecraft:rabbit_hide":1,"minecraft:cyan_wool":1,"minecraft:turtle_helmet":1,"minecraft:golden_leggings":1,"minecells:guts":1,"minecraft:spider_eye":2,"simplyswords:diamond_greathammer":1,"minecraft:diamond_boots":1,"minecraft:cyan_concrete":3,"minecraft:crying_obsidian":1,"minecraft:brick_slab":1,"minecraft:egg":1},"minecraft:crafted":{"minecraft:diamond_block":9,"minecraft:gold_block":47,"minecraft:iron_block":113,"minecraft:gold_ingot":34},"minecraft:picked_up":{"minecells:putrid_sapling":1,"minecraft:wheat":1,"minecraft:clay_ball":108,"dungeonnowloading:cobblestone_pebble":2,"minecraft:enchanted_book":2,"minecraft:string":6,"minecraft:iron_leggings":2,"dungeonnowloading:spawner_fragment":173,"minecraft:blackstone":152,"minecraft:cobbled_deepslate":44,"bosses_of_mass_destruction:soul_star":2,"minecraft:cyan_wool":1,"minecraft:player_head":2,"minecraft:jungle_sapling":1,"minecraft:lectern":1,"minecraft:egg":1,"minecraft:iron_boots":1,"minecraft:tipped_arrow":2,"minecells:guts":1,"minecraft:stick":1,"minecraft:green_bed":1,"minecraft:smooth_sandstone_slab":1,"minecraft:arrow":60,"minecraft:rotten_flesh":26,"minecraft:cobblestone":250,"minecraft:leather":1,"minecraft:jungle_wood":1,"minecraft:golden_leggings":1,"minecraft:filled_map":1,"paraglider:spirit_orb":78,"minecraft:chainmail_chestplate":2,"minecraft:tuff":30,"minecraft:smooth_sandstone_stairs":1,"minecraft:gunpowder":3,"vanillatweaks:crafting_pad":1,"minecraft:dirt":166,"minecraft:white_banner":1,"minecraft:name_tag":1,"minecraft:bone":80,"minecraft:wheat_seeds":2,"minecraft:rabbit_hide":1,"minecraft:iron_ingot":15,"minecraft:rabbit":1,"minecraft:cyan_concrete":3,"minecells:monster_cell":1,"minecraft:gravel":1,"minecraft:crying_obsidian":1,"minecraft:spider_eye":3,"minecraft:mossy_cobblestone":1,"minecraft:brick_slab":1,"minecraft:diamond":1,"minecells:explosive_bulb":1,"minecraft:chainmail_leggings":2,"minecraft:iron_helmet":2,"minecraft:chainmail_helmet":2,"minecraft:bricks":2},"minecraft:killed":{"dungeonnowloading:spawner_carrier":1,"minecraft:spider":5,"minecells:undead_archer":1,"minecraft:skeleton":79,"minecells:leaping_zombie":3,"minecells:grenadier":1,"minecraft:husk":5,"minecraft:rabbit":2,"majruszsdifficulty:cursed_armor":3,"minecraft:pillager":21,"minecraft:zombie":14,"minecraft:stray":1,"minecraft:cow":1},"minecraft:custom":{"lootr:looted_stat":193,"minecraft:mob_kills":148,"minecraft:bell_ring":6,"minecraft:leave_game":2,"minecraft:time_since_death":5602,"minecraft:climb_one_cm":5026,"minecraft:sprint_one_cm":406466,"minecraft:walk_one_cm":575179,"minecraft:drop":85,"minecraft:talked_to_villager":1,"minecraft:play_time":112059,"minecraft:deaths":2,"minecraft:sneak_time":1928,"minecraft:walk_under_water_one_cm":351,"minecraft:jump":1223,"minecraft:interact_with_brewingstand":1,"minecraft:walk_on_water_one_cm":1336,"minecraft:total_world_time":112059,"minecraft:sleep_in_bed":2,"minecraft:time_since_rest":5750,"minecraft:damage_taken":8267,"minecraft:damage_absorbed":1339,"minecraft:damage_dealt":42817,"minecraft:swim_one_cm":24976,"minecraft:fly_one_cm":590347,"minecraft:open_chest":6,"minecraft:crouch_one_cm":6607,"minecraft:fall_one_cm":362452},"minecraft:mined":{"minecraft:tuff":16,"minecraft:farmland":1,"minecraft:mossy_cobblestone":1,"minecraft:jungle_leaves":5,"minecraft:grass_block":26,"minecraft:yellow_concrete_powder":1,"minecraft:spawner":38,"minecraft:fire":9,"minecraft:iron_bars":2,"minecraft:cyan_concrete":3,"immersive_weathering:loam":2,"minecraft:smooth_sandstone_stairs":1,"minecraft:stone":118,"minecraft:green_bed":1,"minecraft:blackstone":101,"minecraft:orange_terracotta":4,"minecraft:smooth_sandstone":1,"minecraft:clay":13,"minecraft:dead_bush":1,"minecraft:lectern":1,"minecraft:cobblestone":2,"minecraft:green_stained_glass_pane":2,"minecraft:bricks":2,"minecraft:smooth_sandstone_slab":1,"minecraft:cyan_wool":1,"minecraft:brick_slab":1,"minecraft:jungle_wood":1,"minecraft:wheat":1,"minecraft:grass":2,"dungeonnowloading:explosive_barrel":5,"minecraft:gravel":1,"minecraft:yellow_concrete":1,"minecraft:dirt":142,"minecraft:terracotta":3,"minecraft:deepslate":22},"minecraft:killed_by":{"dungeonnowloading:spawner_carrier":1,"minecraft:skeleton":1}},"DataVersion":3465}