{"stats":{"minecraft:used":{"morebows:diamond_bow":75,"minecraft:ender_pearl":9,"minecraft:green_bed":1,"minecraft:golden_apple":33,"minecraft:dirt":154,"minecraft:diamond_pickaxe":81,"minecraft:diamond_shovel":169,"minecraft:cobblestone":23,"minecraft:golden_carrot":22,"simplyswords:righteous_relic":326},"minecraft:dropped":{"minecraft:gravel":1,"minecraft:iron_ingot":3,"minecraft:bricks":2,"simplyswords:diamond_greataxe":1,"minecraft:wheat_seeds":2,"minecraft:player_head":1,"minecraft:wheat":1,"minecraft:iron_helmet":1,"minecraft:cobblestone":12,"minecraft:rotten_flesh":3,"minecraft:iron_boots":1,"minecraft:clay_ball":4,"simplyswords:diamond_warglaive":1,"minecells:putrid_sapling":1,"minecells:monster_cell":1,"paraglider:spirit_orb":43,"minecraft:stick":1,"minecraft:end_rod":1,"vanillatweaks:crafting_pad":1,"minecraft:dirt":9,"minecraft:cyan_wool":1,"minecraft:turtle_helmet":1,"soulsweapons:guts_sword":1,"minecells:explosive_bulb":1,"minecraft:golden_leggings":1,"minecells:guts":1,"simplyswords:diamond_greathammer":1,"minecraft:diamond_boots":1,"minecraft:cyan_concrete":3,"minecraft:brick_slab":1,"minecraft:bone":65,"minecraft:egg":1},"minecraft:crafted":{"minecraft:gold_block":47,"minecraft:diamond_block":6,"minecraft:iron_block":106,"minecraft:gold_ingot":34},"minecraft:picked_up":{"minecells:putrid_sapling":1,"minecraft:wheat":1,"minecraft:clay_ball":4,"minecraft:golden_leggings":1,"paraglider:spirit_orb":68,"vanillatweaks:crafting_pad":1,"minecraft:dirt":163,"minecraft:bone":51,"dungeonnowloading:spawner_fragment":155,"minecraft:wheat_seeds":2,"bosses_of_mass_destruction:soul_star":1,"minecraft:cyan_wool":1,"minecraft:player_head":1,"minecraft:cyan_concrete":3,"minecraft:egg":1,"minecells:guts":1,"minecraft:stick":1,"minecells:monster_cell":1,"minecraft:green_bed":1,"minecraft:gravel":1,"minecraft:brick_slab":1,"minecraft:arrow":41,"minecraft:rotten_flesh":4,"minecells:explosive_bulb":1,"minecraft:bricks":2,"minecraft:cobblestone":35},"minecraft:killed":{"minecells:undead_archer":1,"majruszsdifficulty:cursed_armor":2,"minecraft:skeleton":58,"minecraft:pillager":18,"minecraft:zombie":1,"minecells:leaping_zombie":3,"minecells:grenadier":1},"minecraft:custom":{"lootr:looted_stat":161,"minecraft:mob_kills":90,"minecraft:time_since_death":31313,"minecraft:sleep_in_bed":2,"minecraft:climb_one_cm":1857,"minecraft:time_since_rest":19978,"minecraft:sprint_one_cm":305456,"minecraft:walk_one_cm":385601,"minecraft:damage_taken":5994,"minecraft:damage_absorbed":975,"minecraft:drop":34,"minecraft:damage_dealt":26838,"minecraft:swim_one_cm":24976,"minecraft:talked_to_villager":1,"minecraft:fly_one_cm":477249,"minecraft:crouch_one_cm":1243,"minecraft:play_time":76370,"minecraft:deaths":1,"minecraft:sneak_time":575,"minecraft:walk_under_water_one_cm":351,"minecraft:jump":946,"minecraft:walk_on_water_one_cm":1336,"minecraft:total_world_time":76370,"minecraft:fall_one_cm":280960},"minecraft:mined":{"minecraft:farmland":1,"minecraft:clay":1,"minecraft:grass_block":25,"minecraft:dead_bush":1,"minecraft:yellow_concrete_powder":1,"minecraft:green_stained_glass_pane":2,"minecraft:bricks":2,"minecraft:spawner":34,"minecraft:cyan_wool":1,"minecraft:brick_slab":1,"minecraft:fire":9,"minecraft:wheat":1,"minecraft:grass":2,"minecraft:cyan_concrete":3,"minecraft:gravel":1,"minecraft:yellow_concrete":1,"minecraft:dirt":139,"minecraft:stone":35,"minecraft:green_bed":1},"minecraft:killed_by":{"minecraft:skeleton":1}},"DataVersion":3465}