{"stats":{"minecraft:used":{"minecraft:diamond_pickaxe":36,"minecraft:diamond_shovel":169,"minecraft:golden_carrot":2,"minecraft:dirt":154,"minecraft:cobblestone":23,"simplyswords:righteous_relic":3},"minecraft:dropped":{"minecraft:turtle_helmet":1,"soulsweapons:guts_sword":1,"simplyswords:diamond_greathammer":1,"minecraft:diamond_boots":1,"paraglider:spirit_orb":43},"minecraft:picked_up":{"minecraft:wheat":1,"minecraft:clay_ball":4,"minecraft:gravel":1,"minecraft:dirt":163,"minecraft:rotten_flesh":3,"minecraft:arrow":1,"minecraft:wheat_seeds":2,"minecraft:cobblestone":35},"minecraft:killed":{"minecraft:skeleton":1},"minecraft:custom":{"minecraft:time_since_rest":16370,"lootr:looted_stat":15,"minecraft:sprint_one_cm":39287,"minecraft:damage_taken":29,"minecraft:walk_one_cm":80555,"minecraft:mob_kills":1,"minecraft:drop":6,"minecraft:damage_dealt":354,"minecraft:swim_one_cm":16451,"minecraft:fly_one_cm":118329,"minecraft:crouch_one_cm":317,"minecraft:play_time":16370,"minecraft:sneak_time":34,"minecraft:walk_under_water_one_cm":166,"minecraft:jump":310,"minecraft:walk_on_water_one_cm":1149,"minecraft:time_since_death":16370,"minecraft:climb_one_cm":1829,"minecraft:total_world_time":16370,"minecraft:fall_one_cm":70976},"minecraft:mined":{"minecraft:farmland":1,"minecraft:wheat":1,"minecraft:clay":1,"minecraft:grass":2,"minecraft:grass_block":25,"minecraft:gravel":1,"minecraft:dirt":139,"minecraft:stone":35,"minecraft:green_stained_glass_pane":2}},"DataVersion":3465}