{"stats":{"minecraft:crafted":{"minecraft:oak_planks":40,"minecraft:stone_axe":1,"minecraft:crafting_table":1,"minecraft:stick":4,"minecraft:wooden_pickaxe":1},"minecraft:picked_up":{"minecraft:wheat_seeds":1,"minecraft:torch":3,"minecraft:oak_log":10,"minecraft:cobblestone":3},"minecraft:used":{"minecraft:stone_axe":6,"minecraft:torch":1,"minecraft:crafting_table":1,"minecraft:wooden_pickaxe":6},"minecraft:mined":{"minecraft:grass":2,"minecraft:oak_log":11,"minecraft:tall_grass":3,"minecraft:stone":3,"minecraft:crafting_table":1,"minecraft:torch":1},"minecraft:killed":{"minecraft:pig":1},"minecraft:killed_by":{"minecraft:zombie":3},"minecraft:custom":{"minecraft:time_since_rest":449,"minecraft:damage_taken":755,"minecraft:play_time":8295,"minecraft:sprint_one_cm":20017,"minecraft:deaths":3,"minecraft:walk_one_cm":14315,"minecraft:mob_kills":1,"minecraft:jump":187,"minecraft:damage_dealt":496,"minecraft:leave_game":7,"minecraft:time_since_death":0,"minecraft:total_world_time":8295,"minecraft:climb_one_cm":58,"minecraft:interact_with_crafting_table":5,"minecraft:fall_one_cm":8234,"minecraft:fly_one_cm":59363}},"DataVersion":3465}