{"stats":{"minecraft:used":{"morebows:diamond_bow":79,"minecraft:ender_pearl":10,"minecraft:diamond_axe":1,"simplyswords:slumbering_lichblade":9,"minecraft:green_bed":1,"minecraft:golden_apple":38,"minecraft:dirt":154,"minecraft:diamond_pickaxe":95,"minecraft:diamond_shovel":169,"minecraft:cobblestone":23,"minecraft:golden_carrot":25,"minecraft:bow":10,"simplyswords:righteous_relic":347},"minecraft:dropped":{"minecraft:gravel":1,"minecraft:iron_ingot":3,"minecraft:bricks":2,"simplyswords:diamond_greataxe":1,"minecraft:wheat_seeds":2,"minecraft:iron_nugget":88,"minecraft:player_head":2,"minecraft:cooked_chicken":3,"minecraft:cooked_beef":1,"minecraft:wheat":1,"minecraft:iron_helmet":3,"minecraft:cobblestone":12,"minecraft:rotten_flesh":3,"minecraft:iron_boots":1,"minecraft:clay_ball":4,"simplyswords:diamond_warglaive":1,"minecells:putrid_sapling":1,"dungeonnowloading:spawner_fragment":207,"minecells:monster_cell":1,"paraglider:spirit_orb":43,"minecraft:stick":1,"minecraft:end_rod":1,"vanillatweaks:crafting_pad":1,"minecraft:dirt":9,"minecraft:cyan_wool":1,"minecraft:turtle_helmet":1,"soulsweapons:guts_sword":1,"minecells:explosive_bulb":1,"minecraft:golden_leggings":1,"minecraft:iron_leggings":2,"minecraft:gold_nugget":64,"minecells:guts":1,"simplyswords:diamond_greathammer":1,"minecraft:diamond_boots":1,"minecraft:cyan_concrete":3,"minecraft:crying_obsidian":1,"minecraft:brick_slab":1,"minecraft:bone":65,"minecraft:egg":1},"minecraft:crafted":{"minecraft:gold_block":47,"minecraft:diamond_block":9,"minecraft:iron_block":113,"minecraft:gold_ingot":34},"minecraft:picked_up":{"minecells:putrid_sapling":1,"minecraft:wheat":1,"minecraft:clay_ball":4,"minecraft:golden_leggings":1,"minecraft:enchanted_book":2,"paraglider:spirit_orb":76,"minecraft:smooth_sandstone_stairs":1,"vanillatweaks:crafting_pad":1,"minecraft:dirt":163,"minecraft:white_banner":1,"minecraft:name_tag":1,"minecraft:iron_leggings":2,"minecraft:bone":56,"dungeonnowloading:spawner_fragment":173,"minecraft:wheat_seeds":2,"bosses_of_mass_destruction:soul_star":1,"minecraft:rabbit_hide":1,"minecraft:iron_ingot":14,"minecraft:rabbit":1,"minecraft:cyan_wool":1,"minecraft:player_head":2,"minecraft:lectern":1,"minecraft:cyan_concrete":3,"minecraft:iron_boots":1,"minecraft:egg":1,"minecells:guts":1,"minecraft:stick":1,"minecells:monster_cell":1,"minecraft:green_bed":1,"minecraft:gravel":1,"minecraft:crying_obsidian":1,"minecraft:smooth_sandstone_slab":1,"minecraft:brick_slab":1,"minecraft:arrow":50,"minecraft:rotten_flesh":4,"minecells:explosive_bulb":1,"minecraft:iron_helmet":2,"minecraft:bricks":2,"minecraft:cobblestone":35},"minecraft:killed":{"minecraft:rabbit":2,"minecells:undead_archer":1,"majruszsdifficulty:cursed_armor":2,"minecraft:skeleton":63,"minecraft:pillager":21,"minecraft:zombie":1,"minecells:leaping_zombie":3,"minecells:grenadier":1},"minecraft:custom":{"lootr:looted_stat":180,"minecraft:mob_kills":102,"minecraft:bell_ring":6,"minecraft:leave_game":1,"minecraft:time_since_death":45353,"minecraft:sleep_in_bed":2,"minecraft:climb_one_cm":4023,"minecraft:time_since_rest":34018,"minecraft:sprint_one_cm":352353,"minecraft:walk_one_cm":463885,"minecraft:damage_taken":6937,"minecraft:damage_absorbed":1095,"minecraft:drop":49,"minecraft:damage_dealt":29497,"minecraft:swim_one_cm":24976,"minecraft:talked_to_villager":1,"minecraft:fly_one_cm":528458,"minecraft:open_chest":5,"minecraft:crouch_one_cm":2031,"minecraft:play_time":90410,"minecraft:deaths":1,"minecraft:sneak_time":702,"minecraft:walk_under_water_one_cm":351,"minecraft:jump":1057,"minecraft:walk_on_water_one_cm":1336,"minecraft:total_world_time":90410,"minecraft:fall_one_cm":320541},"minecraft:mined":{"minecraft:farmland":1,"minecraft:orange_terracotta":4,"minecraft:smooth_sandstone":1,"minecraft:clay":1,"minecraft:grass_block":25,"minecraft:dead_bush":1,"minecraft:lectern":1,"minecraft:yellow_concrete_powder":1,"minecraft:green_stained_glass_pane":2,"minecraft:bricks":2,"minecraft:smooth_sandstone_slab":1,"minecraft:spawner":38,"minecraft:cyan_wool":1,"minecraft:brick_slab":1,"minecraft:fire":9,"minecraft:wheat":1,"minecraft:grass":2,"minecraft:cyan_concrete":3,"minecraft:gravel":1,"minecraft:yellow_concrete":1,"minecraft:dirt":139,"minecraft:smooth_sandstone_stairs":1,"minecraft:terracotta":3,"minecraft:stone":35,"minecraft:green_bed":1},"minecraft:killed_by":{"minecraft:skeleton":1}},"DataVersion":3465}