{"stats":{"minecraft:crafted":{"minecraft:oak_planks":228,"minecraft:birch_boat":1,"minecraft:furnace":3,"soulsweapons:featherlight":1,"minecraft:bow":1,"minecraft:iron_boots":1,"minecraft:iron_axe":1,"minecraft:stone_pickaxe":1,"galosphere:silver_ingot":5,"minecraft:cooked_beef":55,"minecraft:cooked_porkchop":29,"minecraft:crafting_table":6,"minecraft:wooden_pickaxe":1,"minecraft:iron_helmet":1,"minecraft:bucket":1,"minecraft:birch_planks":12,"minecraft:stone_axe":1,"minecraft:air":0,"minecraft:iron_chestplate":1,"minecraft:diamond_pickaxe":1,"minecraft:gold_nugget":27,"minecraft:stick":8,"minecraft:iron_ingot":7,"minecraft:gold_ingot":2,"minecraft:iron_leggings":1},"minecraft:picked_up":{"minecraft:crafting_table":4,"minecraft:chicken":15,"minecraft:string":17,"minecraft:raw_copper":4,"minecraft:iron_shovel":1,"minecraft:cobbled_deepslate":65,"minecraft:beef":54,"minecraft:poppy":1,"minecraft:light_gray_wool":1,"minecraft:melon_slice":8,"minecraft:phantom_membrane":1,"minecraft:egg":1,"minecraft:furnace":2,"minecraft:raw_iron":37,"minecraft:torch":5,"minecraft:porkchop":15,"minecraft:cookie":6,"minecraft:carrot":12,"minecraft:redstone":10,"minecraft:rotten_flesh":12,"minecraft:arrow":10,"minecraft:tropical_fish":3,"minecraft:mutton":19,"minecraft:obsidian":7,"minecraft:cod":1,"minecraft:white_wool":3,"minecraft:cobblestone":53,"minecraft:birch_log":3,"minecraft:feather":5,"minecraft:birch_slab":1,"minecraft:glow_ink_sac":3,"minecraft:leather":27,"minecraft:potato":36,"minecraft:birch_planks":4,"minecraft:oak_log":57,"minecraft:dirt":2,"minecraft:lapis_lazuli":45,"minecraft:lantern":1,"minecraft:cooked_mutton":2,"minecraft:bone":20,"minecraft:apple":30,"minecraft:wheat_seeds":1,"minecraft:raw_gold":3,"minecraft:iron_ingot":33,"minecraft:stripped_oak_wood":2,"minecraft:rabbit":6,"galosphere:raw_silver":6,"minecraft:oak_planks":5,"immersive_weathering:tallow":19,"minecraft:oak_slab":1,"minecraft:cooked_porkchop":1,"minecraft:sweet_berries":2,"minecraft:gravel":1,"minecraft:amethyst_shard":3,"minecraft:spider_eye":3,"minecraft:bundle":1,"minecraft:spruce_fence_gate":1,"minecraft:diamond":7,"soulsweapons:verglas":4,"minecraft:bread":2,"minecraft:coal":90},"minecraft:dropped":{"minecraft:bread":2,"minecraft:iron_sword":2,"minecraft:birch_planks":7,"minecraft:glow_ink_sac":3,"minecraft:cooked_porkchop":2,"minecraft:cookie":9,"minecraft:feather":1,"minecraft:cobblestone":1,"minecraft:apple":45,"minecraft:tropical_fish":6,"minecraft:cod":2,"minecraft:stick":3,"minecraft:dirt":1,"minecraft:mutton":22,"minecraft:rabbit":9,"minecraft:melon_slice":12,"minecraft:potion":1,"minecraft:gold_nugget":27,"minecraft:amethyst_shard":1,"minecraft:iron_shovel":1,"minecraft:string":10,"minecraft:white_wool":3,"minecraft:redstone":4,"minecraft:stone_axe":1,"minecraft:sweet_berries":2,"minecraft:cobbled_deepslate":40,"minecraft:obsidian":8,"minecraft:chicken":18,"minecraft:rotten_flesh":12,"minecraft:cooked_mutton":3,"minecraft:honey_bottle":1,"minecraft:salmon":2,"minecraft:carrot":18,"minecraft:filled_map":1,"minecraft:poppy":1,"minecraft:potato":48,"minecraft:bundle":1,"minecraft:oak_sapling":1,"minecraft:spider_eye":3,"immersive_weathering:tallow":10,"minecraft:wooden_pickaxe":1,"minecraft:stone_pickaxe":1,"minecraft:raw_gold":1},"minecraft:used":{"minecraft:iron_sword":14,"minecraft:torch":4,"minecraft:dirt":1,"soulsweapons:featherlight":305,"minecraft:lava_bucket":1,"minecraft:lantern":1,"minecraft:iron_axe":70,"minecraft:iron_helmet":1,"minecraft:bow":12,"minecraft:furnace":5,"minecraft:cooked_beef":43,"minecraft:water_bucket":25,"minecraft:bundle":3,"minecraft:stone_pickaxe":32,"minecraft:oak_planks":190,"minecraft:birch_boat":1,"minecraft:wooden_pickaxe":43,"minecraft:spruce_fence_gate":1,"minecraft:golden_apple":1,"minecraft:oak_slab":1,"minecraft:crafting_table":10,"minecraft:diamond_pickaxe":38,"minecraft:map":1,"minecraft:iron_pickaxe":128,"minecraft:diamond_ore":1,"minecraft:stone_axe":54,"minecraft:cobblestone":22,"minecraft:porkchop":2,"minecraft:bucket":26,"minecraft:splash_potion":1},"minecraft:mined":{"minecraft:diamond_ore":1,"minecraft:tuff":1,"minecraft:deepslate_diamond_ore":7,"minecraft:gray_stained_glass_pane":6,"minecraft:obsidian":9,"minecraft:grass_block":1,"minecraft:birch_slab":1,"minecraft:spawner":7,"minecraft:furnace":2,"minecraft:iron_ore":9,"minecraft:cobbled_deepslate":1,"minecraft:deepslate_lapis_ore":6,"minecraft:deepslate_iron_ore":14,"minecraft:lantern":1,"immersive_weathering:ivy":1,"minecraft:stone":57,"minecraft:podzol":1,"minecraft:deepslate_redstone_ore":2,"minecraft:oak_slab":1,"soulsweapons:verglas_ore_deepslate":4,"galosphere:deepslate_silver_ore":6,"minecraft:crafting_table":5,"minecraft:torch":2,"minecraft:white_stained_glass_pane":1,"minecraft:cobblestone":1,"minecraft:tall_grass":6,"minecraft:lapis_ore":2,"minecraft:deepslate_gold_ore":4,"minecraft:oak_planks":5,"minecraft:birch_log":3,"minecraft:lilac":2,"minecraft:stripped_oak_wood":2,"minecraft:yellow_stained_glass_pane":1,"minecraft:grass":8,"minecraft:oak_log":59,"minecraft:coal_ore":48,"minecraft:gravel":1,"minecraft:dirt":1,"minecraft:cobweb":8,"minecraft:spruce_fence_gate":1,"minecraft:oak_leaves":1,"minecraft:deepslate":56,"minecraft:fern":1},"minecraft:killed":{"minecraft:cave_spider":3,"minecraft:spider":6,"minecraft:phantom":1,"minecraft:skeleton":12,"minecraft:chicken":3,"minecraft:piglin_brute":21,"minecraft:pig":9,"minecraft:zombie_villager":2,"minecraft:creeper":5,"minecraft:sheep":4,"minecraft:zombie":18,"minecraft:wither_skeleton":1,"minecraft:villager":1,"minecraft:cow":24},"minecraft:killed_by":{"minecraft:zombie":3},"minecraft:custom":{"lootr:looted_stat":50,"minecraft:mob_kills":115,"minecraft:interact_with_crafting_table":22,"minecraft:open_barrel":21,"minecraft:leave_game":8,"minecraft:time_since_death":43940,"minecraft:climb_one_cm":15139,"minecraft:sprint_one_cm":485238,"minecraft:walk_one_cm":373180,"minecraft:drop":74,"minecraft:talked_to_villager":13,"minecraft:play_time":138223,"minecraft:deaths":4,"minecraft:sneak_time":4770,"minecraft:walk_under_water_one_cm":22226,"minecraft:boat_one_cm":11426,"minecraft:jump":3138,"minecraft:walk_on_water_one_cm":39968,"minecraft:total_world_time":138223,"minecraft:interact_with_furnace":48,"minecraft:sleep_in_bed":1,"minecraft:time_since_rest":18565,"minecraft:damage_absorbed":40,"minecraft:damage_taken":4016,"minecraft:damage_dealt":21031,"minecraft:swim_one_cm":82805,"minecraft:fly_one_cm":709486,"minecraft:open_chest":8,"minecraft:crouch_one_cm":15669,"minecraft:interact_with_smoker":3,"minecraft:fall_one_cm":92559}},"DataVersion":3465}