{"stats":{"minecraft:used":{"minecraft:diamond_pickaxe":62,"minecraft:diamond_shovel":169,"morebows:diamond_bow":60,"minecraft:green_bed":1,"minecraft:golden_apple":26,"minecraft:golden_carrot":15,"minecraft:dirt":154,"minecraft:cobblestone":23,"simplyswords:righteous_relic":259},"minecraft:dropped":{"minecraft:iron_ingot":3,"minecraft:gravel":1,"minecraft:dirt":9,"minecraft:turtle_helmet":1,"minecraft:wheat_seeds":2,"soulsweapons:guts_sword":1,"minecells:explosive_bulb":1,"minecraft:wheat":1,"minecraft:golden_leggings":1,"minecraft:rotten_flesh":3,"minecraft:cobblestone":12,"minecells:guts":1,"minecraft:clay_ball":4,"simplyswords:diamond_greathammer":1,"minecraft:diamond_boots":1,"minecells:putrid_sapling":1,"minecells:monster_cell":1,"minecraft:stick":1,"paraglider:spirit_orb":43,"minecraft:end_rod":1,"minecraft:egg":1},"minecraft:picked_up":{"minecraft:stick":1,"minecells:putrid_sapling":1,"minecells:guts":1,"minecraft:wheat":1,"minecraft:clay_ball":4,"minecells:monster_cell":1,"minecraft:golden_leggings":1,"minecraft:green_bed":1,"minecraft:gravel":1,"paraglider:spirit_orb":48,"minecraft:dirt":163,"minecraft:bone":45,"dungeonnowloading:spawner_fragment":106,"minecraft:rotten_flesh":3,"minecraft:arrow":35,"minecells:explosive_bulb":1,"minecraft:wheat_seeds":2,"minecraft:player_head":1,"minecraft:cobblestone":35,"minecraft:egg":1},"minecraft:killed":{"minecraft:skeleton":48,"minecraft:pillager":12,"minecells:undead_archer":1,"minecells:leaping_zombie":3,"minecells:grenadier":1,"majruszsdifficulty:cursed_armor":2},"minecraft:custom":{"minecraft:time_since_rest":7385,"lootr:looted_stat":65,"minecraft:sprint_one_cm":209031,"minecraft:damage_absorbed":760,"minecraft:damage_taken":4739,"minecraft:walk_one_cm":282035,"minecraft:mob_kills":72,"minecraft:drop":22,"minecraft:damage_dealt":21024,"minecraft:deaths":1,"minecraft:swim_one_cm":24976,"minecraft:fly_one_cm":452779,"minecraft:crouch_one_cm":1108,"minecraft:play_time":52370,"minecraft:sneak_time":548,"minecraft:walk_under_water_one_cm":351,"minecraft:jump":861,"minecraft:sleep_in_bed":1,"minecraft:walk_on_water_one_cm":1336,"minecraft:time_since_death":7313,"minecraft:climb_one_cm":1829,"minecraft:total_world_time":52370,"minecraft:fall_one_cm":252450},"minecraft:mined":{"minecraft:farmland":1,"minecraft:wheat":1,"minecraft:clay":1,"minecraft:grass":2,"minecraft:grass_block":25,"minecraft:dead_bush":1,"minecraft:gravel":1,"minecraft:dirt":139,"minecraft:stone":35,"minecraft:green_stained_glass_pane":2,"minecraft:spawner":24,"minecraft:green_bed":1},"minecraft:killed_by":{"minecraft:skeleton":1}},"DataVersion":3465}