{"stats":{"minecraft:crafted":{"minecraft:cooked_beef":38,"minecraft:oak_planks":40,"minecraft:crafting_table":4,"minecraft:iron_helmet":1,"minecraft:wooden_pickaxe":1,"minecraft:furnace":1,"soulsweapons:featherlight":1,"minecraft:bucket":1,"minecraft:stone_axe":1,"minecraft:air":0,"minecraft:iron_chestplate":1,"minecraft:diamond_pickaxe":1,"minecraft:iron_axe":1,"minecraft:stick":8,"minecraft:stone_pickaxe":1,"minecraft:iron_leggings":1,"galosphere:silver_ingot":5},"minecraft:picked_up":{"minecraft:crafting_table":3,"minecraft:feather":1,"minecraft:chicken":13,"minecraft:glow_ink_sac":3,"minecraft:leather":21,"minecraft:potato":32,"minecraft:oak_log":10,"minecraft:lapis_lazuli":45,"minecraft:string":5,"minecraft:dirt":2,"minecraft:cooked_mutton":2,"minecraft:iron_shovel":1,"minecraft:apple":30,"minecraft:wheat_seeds":1,"minecraft:cobbled_deepslate":36,"minecraft:iron_ingot":13,"minecraft:beef":42,"minecraft:rabbit":6,"galosphere:raw_silver":6,"minecraft:melon_slice":8,"minecraft:oak_planks":4,"immersive_weathering:tallow":10,"minecraft:furnace":1,"minecraft:raw_iron":22,"minecraft:cooked_porkchop":1,"minecraft:torch":5,"minecraft:porkchop":7,"minecraft:amethyst_shard":3,"minecraft:cookie":6,"minecraft:carrot":12,"minecraft:redstone":10,"minecraft:spider_eye":1,"minecraft:bundle":1,"minecraft:spruce_fence_gate":1,"minecraft:rotten_flesh":3,"minecraft:diamond":5,"minecraft:tropical_fish":3,"soulsweapons:verglas":4,"minecraft:bread":2,"minecraft:obsidian":7,"minecraft:cod":1,"minecraft:mutton":17,"minecraft:coal":69,"minecraft:white_wool":3,"minecraft:cobblestone":51},"minecraft:dropped":{"minecraft:bread":2,"minecraft:iron_sword":1,"minecraft:stone_axe":1,"minecraft:cobbled_deepslate":1,"minecraft:cooked_porkchop":2,"minecraft:feather":1,"minecraft:chicken":18,"minecraft:cookie":9,"minecraft:rotten_flesh":3,"minecraft:apple":45,"minecraft:cooked_mutton":3,"minecraft:honey_bottle":1,"minecraft:tropical_fish":6,"minecraft:salmon":2,"minecraft:carrot":18,"minecraft:cod":2,"minecraft:filled_map":1,"minecraft:dirt":1,"minecraft:potato":48,"minecraft:bundle":1,"minecraft:mutton":22,"minecraft:melon_slice":12,"minecraft:rabbit":9,"minecraft:stone_pickaxe":1,"minecraft:wooden_pickaxe":1,"minecraft:iron_shovel":1,"minecraft:string":2,"minecraft:white_wool":3},"minecraft:mined":{"minecraft:deepslate_redstone_ore":2,"minecraft:diamond_ore":1,"minecraft:tuff":1,"minecraft:deepslate_diamond_ore":5,"soulsweapons:verglas_ore_deepslate":4,"galosphere:deepslate_silver_ore":6,"minecraft:obsidian":9,"minecraft:gray_stained_glass_pane":6,"minecraft:crafting_table":4,"minecraft:torch":2,"minecraft:grass_block":1,"minecraft:tall_grass":5,"minecraft:lapis_ore":2,"minecraft:oak_planks":4,"minecraft:furnace":1,"minecraft:cobbled_deepslate":1,"minecraft:iron_ore":9,"minecraft:deepslate_lapis_ore":6,"minecraft:grass":7,"minecraft:coal_ore":48,"minecraft:oak_log":11,"minecraft:deepslate_iron_ore":14,"minecraft:dirt":1,"minecraft:spruce_fence_gate":1,"minecraft:stone":56,"minecraft:deepslate":26},"minecraft:used":{"minecraft:water_bucket":4,"minecraft:bundle":3,"minecraft:stone_pickaxe":32,"minecraft:oak_planks":21,"minecraft:wooden_pickaxe":43,"minecraft:iron_sword":14,"minecraft:spruce_fence_gate":1,"minecraft:torch":4,"minecraft:dirt":1,"minecraft:crafting_table":6,"soulsweapons:featherlight":11,"minecraft:diamond_pickaxe":38,"minecraft:iron_axe":12,"minecraft:iron_pickaxe":81,"minecraft:map":1,"minecraft:iron_helmet":1,"minecraft:diamond_ore":1,"minecraft:stone_axe":54,"minecraft:cobblestone":7,"minecraft:furnace":2,"minecraft:porkchop":2,"minecraft:bucket":5,"minecraft:cooked_beef":9},"minecraft:killed":{"minecraft:cave_spider":2,"minecraft:pig":5,"minecraft:spider":2,"minecraft:creeper":4,"minecraft:sheep":3,"minecraft:zombie":2,"minecraft:chicken":1,"minecraft:cow":19},"minecraft:killed_by":{"minecraft:zombie":3},"minecraft:custom":{"lootr:looted_stat":28,"minecraft:interact_with_furnace":22,"minecraft:mob_kills":38,"minecraft:interact_with_crafting_table":14,"minecraft:open_barrel":11,"minecraft:leave_game":8,"minecraft:time_since_death":51837,"minecraft:climb_one_cm":222,"minecraft:time_since_rest":52377,"minecraft:sprint_one_cm":172670,"minecraft:walk_one_cm":149968,"minecraft:damage_taken":1167,"minecraft:drop":50,"minecraft:damage_dealt":5212,"minecraft:swim_one_cm":27580,"minecraft:talked_to_villager":5,"minecraft:fly_one_cm":247173,"minecraft:open_chest":1,"minecraft:crouch_one_cm":2522,"minecraft:play_time":60223,"minecraft:deaths":3,"minecraft:sneak_time":914,"minecraft:walk_under_water_one_cm":12670,"minecraft:jump":1057,"minecraft:walk_on_water_one_cm":9383,"minecraft:total_world_time":60223,"minecraft:fall_one_cm":30899}},"DataVersion":3465}