{"stats":{"minecraft:killed_by":{"minecraft:skeleton":2},"minecraft:picked_up":{"minecraft:netherite_boots":2,"minecraft:feather":1,"minecraft:chicken":1,"minecraft:rotten_flesh":2,"minecraft:netherite_helmet":2,"minecraft:netherite_sword":2,"minecraft:enchanted_golden_apple":128,"minecraft:netherite_chestplate":2,"minecraft:netherite_leggings":2,"minecraft:string":1},"minecraft:killed":{"minecraft:spider":1,"minecraft:skeleton":5,"minecraft:zombie":1,"minecraft:creeper":3,"minecraft:iron_golem":1},"minecraft:custom":{"minecraft:time_since_rest":9216,"minecraft:damage_taken":888,"minecraft:crouch_one_cm":138,"minecraft:walk_one_cm":36660,"minecraft:sprint_one_cm":23188,"minecraft:play_time":11616,"minecraft:damage_absorbed":929,"minecraft:deaths":2,"minecraft:sneak_time":64,"minecraft:damage_blocked_by_shield":602,"minecraft:walk_under_water_one_cm":1012,"minecraft:mob_kills":11,"minecraft:jump":100,"minecraft:damage_dealt":16132,"minecraft:leave_game":2,"minecraft:time_since_death":9157,"minecraft:walk_on_water_one_cm":2134,"minecraft:total_world_time":11616,"minecraft:climb_one_cm":582,"minecraft:damage_resisted":339,"minecraft:swim_one_cm":665,"minecraft:fall_one_cm":3386,"minecraft:fly_one_cm":33494},"minecraft:mined":{"minecraft:grass":1},"minecraft:used":{"minecraft:netherite_sword":14,"minecraft:shield":5,"minecraft:enchanted_golden_apple":9}},"DataVersion":3465}