{"stats":{"minecraft:killed":{"minecraft:spider":1,"minecraft:skeleton":6,"minecraft:zombie":3,"minecraft:zombie_villager":1,"minecraft:chicken":2,"minecraft:creeper":3,"minecraft:enderman":1,"minecraft:ghast":2,"minecraft:iron_golem":7},"minecraft:picked_up":{"minecraft:netherite_boots":2,"minecraft:feather":2,"minecraft:chicken":3,"minecraft:rotten_flesh":4,"minecraft:netherite_helmet":2,"minecraft:netherite_sword":2,"minecraft:enchanted_golden_apple":128,"minecraft:netherite_chestplate":2,"minecraft:netherite_leggings":2,"minecraft:string":1},"minecraft:mined":{"minecraft:grass":1},"minecraft:custom":{"minecraft:time_since_rest":24695,"minecraft:damage_taken":923,"minecraft:crouch_one_cm":818,"minecraft:walk_one_cm":73310,"minecraft:sprint_one_cm":36613,"minecraft:play_time":27095,"minecraft:damage_absorbed":973,"minecraft:deaths":2,"minecraft:sneak_time":715,"minecraft:damage_blocked_by_shield":602,"minecraft:walk_under_water_one_cm":5394,"minecraft:mob_kills":26,"minecraft:jump":189,"minecraft:damage_dealt":32232,"minecraft:leave_game":6,"minecraft:time_since_death":24636,"minecraft:walk_on_water_one_cm":4700,"minecraft:total_world_time":27095,"minecraft:climb_one_cm":582,"minecraft:damage_resisted":356,"minecraft:swim_one_cm":5035,"minecraft:fall_one_cm":5480,"minecraft:fly_one_cm":122078},"minecraft:used":{"minecraft:netherite_sword":29,"minecraft:stone":38,"minecraft:shield":5,"minecraft:enchanted_golden_apple":11},"minecraft:killed_by":{"minecraft:skeleton":2}},"DataVersion":3465}