{"stats":{"minecraft:picked_up":{"minecraft:bone":2,"minecraft:rotten_flesh":7,"minecraft:wheat_seeds":8,"minecraft:ink_sac":2,"minecraft:baked_potato":1,"minecraft:shield":1,"minecraft:paper":3},"minecraft:custom":{"minecraft:damage_blocked_by_shield":60,"minecraft:time_since_rest":41770,"minecraft:crouch_one_cm":158,"minecraft:play_time":41770,"minecraft:sprint_one_cm":54972,"minecraft:damage_taken":739,"minecraft:damage_absorbed":1337,"minecraft:walk_one_cm":81459,"minecraft:sneak_time":197,"minecraft:walk_under_water_one_cm":103,"minecraft:mob_kills":22,"minecraft:damage_dealt_resisted":5493,"minecraft:jump":518,"minecraft:damage_dealt":9851,"minecraft:leave_game":4,"minecraft:walk_on_water_one_cm":1057,"minecraft:time_since_death":41770,"minecraft:total_world_time":41770,"minecraft:damage_resisted":498,"minecraft:fall_one_cm":24690,"minecraft:fly_one_cm":150003},"minecraft:killed":{"minecraft:spider":1,"minecraft:iron_golem":3,"minecraft:sheep":1,"minecraft:skeleton":5,"minecraft:zombie":10,"minecraft:creeper":1},"minecraft:used":{"minecraft:netherite_sword":33,"minecraft:diamond_sword":176,"minecraft:bow":24,"minecraft:shield":2,"minecraft:enchanted_golden_apple":12},"minecraft:mined":{"minecraft:grass":8,"minecraft:tall_grass":4}},"DataVersion":3465}