{"stats":{"minecraft:killed":{"minecraft:sheep":1,"minecraft:spider":1,"minecraft:iron_golem":1,"minecraft:skeleton":4,"minecraft:zombie":7,"minecraft:creeper":1},"minecraft:custom":{"minecraft:time_since_rest":25869,"minecraft:crouch_one_cm":131,"minecraft:play_time":25869,"minecraft:sprint_one_cm":43395,"minecraft:damage_taken":319,"minecraft:damage_absorbed":452,"minecraft:walk_one_cm":52360,"minecraft:sneak_time":135,"minecraft:mob_kills":15,"minecraft:damage_dealt_resisted":5493,"minecraft:jump":416,"minecraft:damage_dealt":8155,"minecraft:leave_game":1,"minecraft:time_since_death":25869,"minecraft:total_world_time":25869,"minecraft:damage_resisted":174,"minecraft:fall_one_cm":18928,"minecraft:fly_one_cm":108104},"minecraft:picked_up":{"minecraft:bone":2,"minecraft:rotten_flesh":7,"minecraft:wheat_seeds":7,"minecraft:ink_sac":2,"minecraft:baked_potato":1,"minecraft:shield":1,"minecraft:paper":3},"minecraft:mined":{"minecraft:grass":5,"minecraft:tall_grass":4},"minecraft:used":{"minecraft:netherite_sword":33,"minecraft:diamond_sword":145,"minecraft:bow":8,"minecraft:enchanted_golden_apple":5}},"DataVersion":3465}