{"stats":{"minecraft:used":{"minecraft:wooden_axe":4,"minecraft:stone_pickaxe":12,"minecraft:wooden_pickaxe":13,"minecraft:stone_axe":1,"minecraft:crafting_table":2,"minecraft:furnace":1},"minecraft:killed":{"minecraft:cow":1},"minecraft:dropped":{"minecraft:wooden_axe":1,"minecraft:wooden_sword":1,"minecraft:wooden_pickaxe":1},"minecraft:custom":{"minecraft:time_since_rest":5551,"minecraft:interact_with_furnace":3,"minecraft:sprint_one_cm":42385,"minecraft:damage_taken":70,"minecraft:walk_one_cm":21305,"minecraft:mob_kills":1,"minecraft:drop":3,"minecraft:damage_dealt":100,"minecraft:interact_with_crafting_table":4,"minecraft:fly_one_cm":20661,"minecraft:play_time":5551,"minecraft:jump":77,"minecraft:walk_on_water_one_cm":481,"minecraft:time_since_death":5551,"minecraft:total_world_time":5551,"minecraft:fall_one_cm":1594},"minecraft:crafted":{"minecraft:cooked_beef":2,"minecraft:wooden_sword":1,"minecraft:crafting_table":1,"minecraft:stick":12,"minecraft:wooden_pickaxe":1,"minecraft:stone_pickaxe":1,"minecraft:wooden_axe":1,"minecraft:stone_sword":1,"minecraft:furnace":1,"minecraft:acacia_planks":28,"minecraft:stone_axe":1,"minecraft:air":0},"minecraft:picked_up":{"minecraft:crafting_table":2,"minecraft:leather":2,"minecraft:acacia_log":7,"minecraft:wooden_pickaxe":1,"minecraft:beef":2,"minecraft:coal":2,"minecraft:cobblestone":22,"minecraft:furnace":1},"minecraft:mined":{"minecraft:furnace":1,"minecraft:crafting_table":2,"minecraft:acacia_log":7,"minecraft:coal_ore":2,"minecraft:stone":22}},"DataVersion":3465}