{"stats":{"minecraft:custom":{"minecraft:time_since_rest":34968,"minecraft:crouch_one_cm":131,"minecraft:play_time":34968,"minecraft:sprint_one_cm":45289,"minecraft:damage_taken":319,"minecraft:damage_absorbed":452,"minecraft:walk_one_cm":54116,"minecraft:sneak_time":135,"minecraft:mob_kills":15,"minecraft:damage_dealt_resisted":5493,"minecraft:jump":419,"minecraft:damage_dealt":8293,"minecraft:leave_game":3,"minecraft:time_since_death":34968,"minecraft:total_world_time":34968,"minecraft:damage_resisted":174,"minecraft:fall_one_cm":18928,"minecraft:fly_one_cm":109256},"minecraft:picked_up":{"minecraft:bone":2,"minecraft:rotten_flesh":7,"minecraft:wheat_seeds":7,"minecraft:ink_sac":2,"minecraft:baked_potato":1,"minecraft:shield":1,"minecraft:paper":3},"minecraft:killed":{"minecraft:spider":1,"minecraft:iron_golem":1,"minecraft:sheep":1,"minecraft:skeleton":4,"minecraft:zombie":7,"minecraft:creeper":1},"minecraft:mined":{"minecraft:grass":5,"minecraft:tall_grass":4},"minecraft:used":{"minecraft:netherite_sword":33,"minecraft:diamond_sword":147,"minecraft:bow":8,"minecraft:enchanted_golden_apple":5}},"DataVersion":3465}