{"stats":{"minecraft:used":{"minecraft:carrot_on_a_stick":1,"minecraft:flower_pot":1,"minecraft:enchanted_golden_apple":1},"minecraft:custom":{"minecraft:jump":44,"minecraft:time_since_rest":9133,"minecraft:crouch_one_cm":2,"minecraft:damage_dealt":20,"minecraft:leave_game":1,"minecraft:sprint_one_cm":1696,"minecraft:play_time":9133,"minecraft:walk_one_cm":11232,"minecraft:time_since_death":9133,"minecraft:damage_absorbed":104,"minecraft:sneak_time":38,"minecraft:total_world_time":9133,"minecraft:damage_resisted":20,"minecraft:fall_one_cm":1656,"minecraft:fly_one_cm":6882}},"DataVersion":3465}