{"stats":{"minecraft:killed_by":{"minecraft:ghast":1,"minecraft:iron_golem":1,"minecraft:skeleton":2},"minecraft:used":{"minecraft:netherite_sword":32,"minecraft:carrot_on_a_stick":1,"minecraft:shield":7,"minecraft:stone":38,"minecraft:bow":5,"minecraft:enchanted_golden_apple":14},"minecraft:picked_up":{"minecraft:netherite_boots":2,"minecraft:feather":2,"minecraft:chicken":3,"minecraft:leather":1,"minecraft:netherite_leggings":2,"minecraft:string":2,"minecraft:rotten_flesh":8,"minecraft:netherite_helmet":2,"minecraft:netherite_sword":2,"minecraft:beef":2,"minecraft:netherite_chestplate":2,"minecraft:enchanted_golden_apple":128,"minecraft:cobblestone":1},"minecraft:mined":{"minecraft:grass":1},"minecraft:killed":{"minecraft:skeleton":7,"minecraft:zombie":5,"minecraft:bee":1,"minecraft:zombie_villager":1,"minecraft:chicken":2,"minecraft:ghast":2,"minecraft:spider":2,"minecraft:iron_golem":14,"minecraft:creeper":3,"minecraft:enderman":1,"minecraft:cow":1},"minecraft:custom":{"minecraft:time_since_rest":14305,"minecraft:damage_absorbed":1154,"minecraft:sprint_one_cm":65899,"minecraft:walk_one_cm":125197,"minecraft:damage_taken":2009,"minecraft:damage_blocked_by_shield":797,"minecraft:mob_kills":39,"minecraft:damage_dealt":57182,"minecraft:swim_one_cm":5278,"minecraft:fly_one_cm":257785,"minecraft:crouch_one_cm":1090,"minecraft:play_time":50128,"minecraft:deaths":4,"minecraft:sneak_time":1208,"minecraft:walk_under_water_one_cm":7018,"minecraft:jump":380,"minecraft:damage_dealt_resisted":60000,"minecraft:leave_game":9,"minecraft:walk_on_water_one_cm":5046,"minecraft:time_since_death":14274,"minecraft:damage_resisted":566,"minecraft:climb_one_cm":582,"minecraft:total_world_time":50128,"minecraft:fall_one_cm":18958}},"DataVersion":3465}