{"stats":{"minecraft:killed":{"minecraft:skeleton":1,"minecraft:zombie":3},"minecraft:mined":{"minecraft:acacia_log":3},"minecraft:used":{"minecraft:netherite_sword":5,"minecraft:wooden_hoe":12,"minecraft:flower_pot":1,"minecraft:bow":6,"minecraft:carrot_on_a_stick":1,"minecraft:enchanted_golden_apple":1,"minecraft:diamond_axe":3,"minecraft:experience_bottle":198},"minecraft:picked_up":{"minecraft:experience_bottle":134,"minecraft:acacia_log":1},"minecraft:custom":{"minecraft:time_since_rest":21133,"minecraft:damage_taken":18,"minecraft:crouch_one_cm":136,"minecraft:damage_absorbed":104,"minecraft:play_time":21133,"minecraft:sprint_one_cm":5634,"minecraft:walk_one_cm":25170,"minecraft:sneak_time":79,"minecraft:mob_kills":4,"minecraft:jump":87,"minecraft:damage_dealt":273,"minecraft:leave_game":1,"minecraft:time_since_death":21133,"minecraft:total_world_time":21133,"minecraft:damage_resisted":20,"minecraft:fall_one_cm":2132,"minecraft:fly_one_cm":8740}},"DataVersion":3465}