{"stats":{"minecraft:killed_by":{"minecraft:ghast":1,"minecraft:iron_golem":1,"minecraft:skeleton":2},"minecraft:used":{"minecraft:netherite_sword":64,"minecraft:carrot_on_a_stick":1,"minecraft:shield":7,"minecraft:stone":38,"minecraft:bow":5,"minecraft:enchanted_golden_apple":17},"minecraft:picked_up":{"minecraft:netherite_boots":2,"minecraft:chicken":3,"minecraft:feather":2,"minecraft:leather":1,"minecraft:netherite_leggings":2,"minecraft:string":2,"minecraft:dirt":1,"minecraft:rotten_flesh":14,"minecraft:netherite_helmet":2,"minecraft:netherite_sword":2,"minecraft:beef":2,"minecraft:enchanted_golden_apple":128,"minecraft:netherite_chestplate":2,"minecraft:cobblestone":1},"minecraft:mined":{"minecraft:acacia_leaves":3,"minecraft:fire":21,"minecraft:grass":4,"minecraft:grass_block":2,"minecraft:tall_grass":1},"minecraft:killed":{"minecraft:skeleton":7,"minecraft:zombie":11,"minecraft:bee":1,"minecraft:zombie_villager":1,"minecraft:chicken":2,"minecraft:ghast":2,"minecraft:spider":2,"minecraft:iron_golem":17,"minecraft:creeper":4,"minecraft:enderman":1,"minecraft:cow":1},"minecraft:custom":{"minecraft:time_since_rest":32530,"minecraft:damage_absorbed":1298,"minecraft:sprint_one_cm":82796,"minecraft:walk_one_cm":172021,"minecraft:damage_taken":2033,"minecraft:damage_blocked_by_shield":797,"minecraft:mob_kills":49,"minecraft:damage_dealt":62782,"minecraft:swim_one_cm":5278,"minecraft:fly_one_cm":279767,"minecraft:crouch_one_cm":4403,"minecraft:play_time":68353,"minecraft:deaths":4,"minecraft:sneak_time":1727,"minecraft:walk_under_water_one_cm":7018,"minecraft:jump":490,"minecraft:damage_dealt_resisted":60000,"minecraft:leave_game":11,"minecraft:walk_on_water_one_cm":5046,"minecraft:time_since_death":32499,"minecraft:climb_one_cm":582,"minecraft:total_world_time":68353,"minecraft:damage_resisted":647,"minecraft:fall_one_cm":24603}},"DataVersion":3465}