{"stats":{"minecraft:used":{"minecraft:cooked_mutton":6,"minecraft:wooden_axe":4,"minecraft:stone_sword":28,"minecraft:stone_pickaxe":107,"minecraft:iron_helmet":1,"minecraft:wooden_pickaxe":13,"minecraft:cooked_chicken":4,"minecraft:stone_axe":1,"minecraft:torch":1,"minecraft:cobblestone":13,"minecraft:crafting_table":3,"minecraft:furnace":3,"minecraft:white_bed":1,"minecraft:cooked_beef":2},"minecraft:killed":{"minecraft:sheep":6,"minecraft:zombie":1,"minecraft:chicken":6,"minecraft:cow":1},"minecraft:dropped":{"minecraft:wooden_axe":1,"minecraft:wooden_sword":1,"minecraft:wooden_pickaxe":1},"minecraft:custom":{"minecraft:time_since_rest":2766,"lootr:looted_stat":5,"minecraft:interact_with_furnace":8,"minecraft:sprint_one_cm":297867,"minecraft:damage_taken":322,"minecraft:walk_one_cm":96417,"minecraft:mob_kills":14,"minecraft:drop":3,"minecraft:damage_dealt":990,"minecraft:swim_one_cm":2118,"minecraft:interact_with_crafting_table":6,"minecraft:fly_one_cm":194421,"minecraft:crouch_one_cm":5051,"minecraft:play_time":29551,"minecraft:interact_with_campfire":6,"minecraft:bell_ring":2,"minecraft:sneak_time":618,"minecraft:walk_under_water_one_cm":643,"minecraft:jump":746,"minecraft:interact_with_blast_furnace":3,"minecraft:walk_on_water_one_cm":2615,"minecraft:time_since_death":29551,"minecraft:climb_one_cm":486,"minecraft:sleep_in_bed":2,"minecraft:total_world_time":29551,"minecraft:fall_one_cm":18084},"minecraft:crafted":{"minecraft:cooked_beef":2,"minecraft:wooden_sword":1,"minecraft:crafting_table":1,"minecraft:stick":12,"minecraft:iron_ingot":4,"minecraft:wooden_pickaxe":1,"minecraft:stone_pickaxe":1,"minecraft:wooden_axe":1,"minecraft:stone_sword":1,"minecraft:furnace":1,"minecraft:white_bed":1,"minecraft:acacia_planks":28,"minecraft:torch":4,"minecraft:stone_axe":1,"minecraft:cooked_mutton":6,"minecraft:air":0},"minecraft:picked_up":{"minecraft:raw_iron":38,"minecraft:crafting_table":2,"minecraft:feather":9,"minecraft:chicken":6,"minecraft:leather":2,"minecraft:acacia_log":7,"minecraft:wooden_pickaxe":1,"minecraft:orange_tulip":1,"minecraft:beef":2,"minecraft:cooked_chicken":6,"minecraft:rabbit":1,"minecraft:mutton":9,"minecraft:coal":36,"minecraft:white_wool":6,"minecraft:cobblestone":43,"minecraft:furnace":2},"minecraft:mined":{"minecraft:furnace":2,"minecraft:iron_ore":38,"minecraft:orange_tulip":1,"minecraft:crafting_table":2,"minecraft:grass":1,"minecraft:acacia_log":7,"minecraft:coal_ore":36,"minecraft:tall_grass":2,"minecraft:copper_ore":1,"minecraft:cobblestone":1,"minecraft:stone":42,"minecraft:fern":1}},"DataVersion":3465}