{"stats":{"minecraft:killed_by":{"minecraft:skeleton":2},"minecraft:picked_up":{"minecraft:netherite_boots":2,"minecraft:feather":2,"minecraft:chicken":3,"minecraft:rotten_flesh":2,"minecraft:netherite_helmet":2,"minecraft:netherite_sword":2,"minecraft:enchanted_golden_apple":128,"minecraft:netherite_chestplate":2,"minecraft:netherite_leggings":2,"minecraft:string":1},"minecraft:mined":{"minecraft:grass":1},"minecraft:custom":{"minecraft:time_since_rest":15761,"minecraft:damage_taken":923,"minecraft:crouch_one_cm":153,"minecraft:walk_one_cm":52496,"minecraft:sprint_one_cm":25749,"minecraft:play_time":18161,"minecraft:damage_absorbed":929,"minecraft:deaths":2,"minecraft:sneak_time":443,"minecraft:damage_blocked_by_shield":602,"minecraft:walk_under_water_one_cm":5394,"minecraft:mob_kills":18,"minecraft:jump":121,"minecraft:damage_dealt":21792,"minecraft:leave_game":4,"minecraft:time_since_death":15702,"minecraft:walk_on_water_one_cm":2230,"minecraft:total_world_time":18161,"minecraft:climb_one_cm":582,"minecraft:damage_resisted":348,"minecraft:swim_one_cm":5035,"minecraft:fall_one_cm":3862,"minecraft:fly_one_cm":69504},"minecraft:used":{"minecraft:netherite_sword":21,"minecraft:shield":5,"minecraft:enchanted_golden_apple":10},"minecraft:killed":{"minecraft:spider":1,"minecraft:skeleton":6,"minecraft:zombie":1,"minecraft:chicken":2,"minecraft:creeper":3,"minecraft:enderman":1,"minecraft:iron_golem":4}},"DataVersion":3465}