{"stats":{"minecraft:custom":{"minecraft:time_since_rest":5377,"minecraft:damage_absorbed":1154,"minecraft:sprint_one_cm":59624,"minecraft:walk_one_cm":108040,"minecraft:damage_taken":1984,"minecraft:damage_blocked_by_shield":797,"minecraft:mob_kills":34,"minecraft:damage_dealt":50082,"minecraft:swim_one_cm":5278,"minecraft:fly_one_cm":210027,"minecraft:crouch_one_cm":1062,"minecraft:play_time":41200,"minecraft:deaths":4,"minecraft:sneak_time":955,"minecraft:walk_under_water_one_cm":7018,"minecraft:jump":352,"minecraft:leave_game":8,"minecraft:walk_on_water_one_cm":5046,"minecraft:time_since_death":5346,"minecraft:damage_resisted":566,"minecraft:climb_one_cm":582,"minecraft:total_world_time":41200,"minecraft:fall_one_cm":18749},"minecraft:used":{"minecraft:netherite_sword":32,"minecraft:carrot_on_a_stick":1,"minecraft:shield":7,"minecraft:stone":38,"minecraft:enchanted_golden_apple":14},"minecraft:picked_up":{"minecraft:netherite_boots":2,"minecraft:feather":2,"minecraft:chicken":3,"minecraft:netherite_leggings":2,"minecraft:string":2,"minecraft:rotten_flesh":4,"minecraft:netherite_helmet":2,"minecraft:netherite_sword":2,"minecraft:netherite_chestplate":2,"minecraft:enchanted_golden_apple":128,"minecraft:cobblestone":1},"minecraft:mined":{"minecraft:grass":1},"minecraft:killed":{"minecraft:skeleton":6,"minecraft:zombie":4,"minecraft:bee":1,"minecraft:zombie_villager":1,"minecraft:chicken":2,"minecraft:ghast":2,"minecraft:spider":2,"minecraft:iron_golem":12,"minecraft:creeper":3,"minecraft:enderman":1},"minecraft:killed_by":{"minecraft:ghast":1,"minecraft:iron_golem":1,"minecraft:skeleton":2}},"DataVersion":3465}