{"stats":{"minecraft:used":{"minecraft:cooked_mutton":6,"epicfight:skillbook":1,"minecraft:stone_sword":36,"minecraft:stone_pickaxe":131,"minecraft:wooden_pickaxe":13,"minecraft:cooked_chicken":6,"minecraft:torch":1,"minecraft:crafting_table":3,"minecraft:white_bed":1,"minecraft:wooden_axe":4,"minecraft:bread":2,"minecraft:iron_pickaxe":12,"minecraft:iron_helmet":1,"minecraft:stone_axe":3,"minecraft:cobblestone":24,"minecraft:furnace":4,"minecraft:cooked_rabbit":1,"minecraft:andesite":1,"minecraft:cooked_beef":2,"minecraft:iron_leggings":1},"minecraft:killed":{"minecraft:sheep":6,"minecraft:skeleton":1,"minecraft:zombie":2,"minecraft:chicken":6,"minecraft:cow":1},"minecraft:dropped":{"minecraft:wooden_axe":1,"minecraft:oak_sapling":1,"minecraft:wooden_sword":1,"minecraft:wooden_pickaxe":1,"minecraft:dandelion":1},"minecraft:broken":{"minecraft:stone_pickaxe":1},"minecraft:custom":{"minecraft:interact_with_furnace":13,"lootr:looted_stat":7,"minecraft:mob_kills":16,"minecraft:interact_with_crafting_table":10,"minecraft:interact_with_campfire":7,"minecraft:bell_ring":2,"minecraft:time_since_death":41551,"minecraft:sleep_in_bed":2,"minecraft:climb_one_cm":726,"minecraft:time_since_rest":14766,"minecraft:sprint_one_cm":411102,"minecraft:damage_taken":470,"minecraft:walk_one_cm":131834,"minecraft:drop":5,"minecraft:damage_dealt":1269,"minecraft:swim_one_cm":24158,"minecraft:fly_one_cm":243788,"minecraft:crouch_one_cm":5768,"minecraft:play_time":41551,"minecraft:sneak_time":737,"minecraft:walk_under_water_one_cm":3739,"minecraft:jump":930,"minecraft:interact_with_blast_furnace":3,"minecraft:walk_on_water_one_cm":9465,"minecraft:total_world_time":41551,"minecraft:fall_one_cm":25907},"minecraft:crafted":{"minecraft:cooked_beef":2,"minecraft:wooden_sword":1,"minecraft:crafting_table":1,"minecraft:wooden_pickaxe":1,"minecraft:furnace":2,"minecraft:stone_axe":1,"minecraft:cooked_mutton":6,"minecraft:air":0,"minecraft:stick":16,"minecraft:iron_ingot":12,"minecraft:iron_pickaxe":1,"minecraft:stone_pickaxe":1,"minecraft:wooden_axe":1,"minecraft:stone_sword":1,"minecraft:iron_leggings":1,"minecraft:white_bed":1,"minecraft:acacia_planks":28,"minecraft:torch":4},"minecraft:picked_up":{"minecraft:crafting_table":2,"minecraft:feather":9,"minecraft:chicken":6,"minecraft:andesite":1,"minecraft:leather":2,"minecraft:wooden_pickaxe":1,"minecraft:cooked_rabbit":1,"minecraft:lapis_lazuli":9,"minecraft:orange_tulip":1,"minecraft:spruce_planks":1,"minecraft:beef":2,"minecraft:cooked_chicken":6,"minecraft:rabbit":1,"minecraft:furnace":2,"minecraft:oak_slab":1,"minecraft:raw_iron":58,"minecraft:dandelion":1,"minecraft:acacia_log":7,"minecraft:gravel":1,"epicfight:skillbook":1,"minecraft:arrow":1,"minecraft:rotten_flesh":2,"minecraft:oak_sapling":1,"minecraft:mutton":9,"minecraft:coal":37,"minecraft:white_wool":6,"minecraft:cobblestone":55},"minecraft:mined":{"minecraft:oak_slab":1,"minecraft:spruce_planks":1,"minecraft:crafting_table":2,"minecraft:acacia_log":7,"minecraft:copper_ore":1,"minecraft:tall_grass":3,"minecraft:cobblestone":1,"minecraft:lapis_ore":1,"minecraft:large_fern":1,"minecraft:furnace":2,"minecraft:iron_ore":58,"minecraft:andesite":1,"minecraft:orange_tulip":1,"minecraft:grass":1,"minecraft:coal_ore":37,"minecraft:gravel":1,"minecraft:stone":54,"minecraft:oak_leaves":16,"minecraft:fern":1}},"DataVersion":3465}