{"stats":{"minecraft:used":{"minecraft:cooked_mutton":6,"epicfight:skillbook":1,"minecraft:stone_sword":36,"minecraft:stone_pickaxe":131,"minecraft:chest":4,"minecraft:spruce_planks":1,"minecraft:wooden_pickaxe":13,"minecraft:iron_sword":5,"minecraft:cooked_chicken":6,"minecraft:torch":1,"minecraft:crafting_table":3,"minecraft:white_bed":1,"minecraft:wooden_axe":4,"minecraft:iron_axe":8,"minecraft:bread":5,"minecraft:iron_pickaxe":30,"minecraft:iron_helmet":1,"minecraft:stone_axe":3,"minecraft:cobblestone":24,"minecraft:furnace":4,"minecraft:cooked_rabbit":1,"minecraft:andesite":1,"minecraft:cooked_beef":2,"minecraft:iron_leggings":1},"minecraft:killed":{"minecraft:sheep":6,"minecraft:skeleton":1,"minecraft:zombie":3,"minecraft:chicken":6,"minecraft:cow":1},"minecraft:dropped":{"minecraft:wooden_axe":1,"minecraft:oak_sapling":1,"minecraft:wooden_sword":1,"minecraft:wooden_pickaxe":1,"minecraft:dandelion":1},"minecraft:broken":{"minecraft:stone_pickaxe":1},"minecraft:custom":{"minecraft:interact_with_furnace":21,"lootr:looted_stat":19,"minecraft:mob_kills":17,"minecraft:interact_with_crafting_table":14,"minecraft:open_barrel":6,"minecraft:interact_with_campfire":7,"minecraft:bell_ring":2,"minecraft:leave_game":1,"minecraft:time_since_death":56987,"minecraft:sleep_in_bed":2,"minecraft:climb_one_cm":1418,"minecraft:time_since_rest":30202,"minecraft:sprint_one_cm":487977,"minecraft:damage_taken":543,"minecraft:walk_one_cm":169145,"minecraft:drop":5,"minecraft:damage_dealt":1529,"minecraft:swim_one_cm":42197,"minecraft:fly_one_cm":487740,"minecraft:open_chest":6,"minecraft:crouch_one_cm":7593,"minecraft:play_time":56987,"minecraft:sneak_time":1496,"minecraft:walk_under_water_one_cm":6824,"minecraft:jump":1089,"minecraft:interact_with_blast_furnace":3,"minecraft:walk_on_water_one_cm":19384,"minecraft:total_world_time":56987,"minecraft:fall_one_cm":29845},"minecraft:crafted":{"minecraft:cooked_beef":2,"minecraft:wooden_sword":1,"minecraft:crafting_table":1,"minecraft:spruce_planks":24,"minecraft:wooden_pickaxe":1,"minecraft:iron_sword":1,"minecraft:furnace":2,"minecraft:stone_axe":1,"minecraft:cooked_mutton":9,"minecraft:air":0,"minecraft:iron_boots":1,"minecraft:iron_axe":1,"minecraft:stick":16,"minecraft:iron_ingot":46,"minecraft:iron_pickaxe":1,"minecraft:stone_pickaxe":1,"minecraft:wooden_axe":1,"minecraft:stone_sword":1,"minecraft:chest":3,"minecraft:iron_leggings":1,"minecraft:white_bed":1,"minecraft:acacia_planks":28,"minecraft:torch":4},"minecraft:picked_up":{"minecraft:crafting_table":2,"minecraft:feather":9,"minecraft:chicken":6,"minecraft:andesite":1,"minecraft:leather":2,"minecraft:wooden_pickaxe":1,"minecraft:cooked_rabbit":1,"minecraft:lapis_lazuli":9,"minecraft:orange_tulip":1,"minecraft:spruce_planks":1,"minecraft:beef":2,"minecraft:cooked_chicken":6,"minecraft:rabbit":1,"minecraft:chest":1,"minecraft:furnace":2,"minecraft:oak_slab":1,"minecraft:raw_iron":76,"minecraft:dandelion":2,"minecraft:acacia_log":7,"minecraft:gravel":1,"epicfight:skillbook":1,"minecraft:spruce_log":6,"minecraft:arrow":1,"minecraft:rotten_flesh":2,"minecraft:oak_sapling":1,"minecraft:mutton":9,"minecraft:coal":37,"minecraft:white_wool":6,"minecraft:cobblestone":55},"minecraft:mined":{"minecraft:oak_slab":1,"minecraft:spruce_planks":1,"minecraft:crafting_table":2,"minecraft:acacia_log":7,"minecraft:chest":1,"minecraft:copper_ore":1,"minecraft:tall_grass":3,"minecraft:cobblestone":1,"minecraft:spruce_leaves":1,"minecraft:lapis_ore":1,"minecraft:large_fern":1,"minecraft:furnace":2,"minecraft:iron_ore":76,"minecraft:spruce_log":6,"minecraft:andesite":1,"minecraft:orange_tulip":1,"minecraft:grass":1,"minecraft:coal_ore":37,"minecraft:gravel":1,"minecraft:stone":54,"minecraft:oak_leaves":16,"minecraft:fern":1}},"DataVersion":3465}