{"stats":{"minecraft:custom":{"minecraft:time_since_rest":48703,"minecraft:damage_absorbed":1807,"minecraft:sprint_one_cm":115246,"minecraft:walk_one_cm":214535,"minecraft:damage_taken":2207,"minecraft:damage_blocked_by_shield":797,"minecraft:mob_kills":62,"minecraft:damage_dealt":74861,"minecraft:swim_one_cm":5278,"minecraft:fly_one_cm":327990,"minecraft:crouch_one_cm":4530,"minecraft:play_time":84526,"minecraft:deaths":4,"minecraft:sneak_time":1796,"minecraft:walk_under_water_one_cm":7018,"minecraft:jump":652,"minecraft:damage_dealt_resisted":60000,"minecraft:leave_game":14,"minecraft:walk_on_water_one_cm":5046,"minecraft:time_since_death":48672,"minecraft:climb_one_cm":582,"minecraft:total_world_time":84526,"minecraft:damage_resisted":1108,"minecraft:fall_one_cm":39858},"minecraft:used":{"minecraft:netherite_sword":118,"minecraft:carrot_on_a_stick":3,"minecraft:shield":7,"minecraft:stone":38,"minecraft:bow":5,"minecraft:enchanted_golden_apple":24},"minecraft:picked_up":{"minecraft:netherite_boots":2,"minecraft:chicken":3,"minecraft:feather":2,"minecraft:leather":1,"minecraft:porkchop":3,"minecraft:netherite_leggings":2,"minecraft:string":2,"minecraft:dirt":1,"minecraft:bone":2,"minecraft:rotten_flesh":18,"minecraft:netherite_helmet":2,"minecraft:netherite_sword":2,"minecraft:beef":2,"minecraft:enchanted_golden_apple":128,"minecraft:netherite_chestplate":2,"minecraft:cobblestone":1},"minecraft:mined":{"minecraft:acacia_leaves":3,"minecraft:fire":53,"minecraft:grass":13,"minecraft:grass_block":2,"minecraft:tall_grass":2},"minecraft:killed":{"minecraft:skeleton":8,"minecraft:zombie":15,"minecraft:pig":1,"minecraft:bee":1,"minecraft:zombie_villager":1,"minecraft:chicken":2,"minecraft:ghast":4,"minecraft:spider":3,"minecraft:iron_golem":21,"minecraft:creeper":4,"minecraft:enderman":1,"minecraft:cow":1},"minecraft:killed_by":{"minecraft:ghast":1,"minecraft:iron_golem":1,"minecraft:skeleton":2}},"DataVersion":3465}