{"stats":{"minecraft:mined":{"minecraft:grass_block":1},"minecraft:custom":{"minecraft:jump":18,"minecraft:time_since_rest":3433,"minecraft:leave_game":1,"minecraft:walk_on_water_one_cm":242,"minecraft:crouch_one_cm":88,"minecraft:sprint_one_cm":3691,"minecraft:play_time":3433,"minecraft:damage_taken":230,"minecraft:time_since_death":3433,"minecraft:walk_one_cm":10249,"minecraft:sneak_time":40,"minecraft:total_world_time":3433,"minecraft:fall_one_cm":1680,"minecraft:fly_one_cm":22373},"minecraft:picked_up":{"minecraft:dirt":1}},"DataVersion":3465}