{"stats":{"minecraft:mined":{"minecraft:grass":5,"minecraft:tall_grass":4},"minecraft:picked_up":{"minecraft:bone":2,"minecraft:rotten_flesh":5,"minecraft:wheat_seeds":7,"minecraft:ink_sac":2,"minecraft:shield":1,"minecraft:baked_potato":1,"minecraft:paper":3},"minecraft:custom":{"minecraft:time_since_rest":19869,"minecraft:crouch_one_cm":131,"minecraft:damage_taken":277,"minecraft:play_time":19869,"minecraft:sprint_one_cm":33966,"minecraft:walk_one_cm":46281,"minecraft:damage_absorbed":452,"minecraft:sneak_time":135,"minecraft:mob_kills":11,"minecraft:damage_dealt_resisted":5493,"minecraft:jump":390,"minecraft:damage_dealt":7795,"minecraft:leave_game":1,"minecraft:time_since_death":19869,"minecraft:total_world_time":19869,"minecraft:damage_resisted":168,"minecraft:fall_one_cm":18315,"minecraft:fly_one_cm":103163},"minecraft:used":{"minecraft:netherite_sword":33,"minecraft:diamond_sword":140,"minecraft:enchanted_golden_apple":3},"minecraft:killed":{"minecraft:iron_golem":1,"minecraft:skeleton":3,"minecraft:zombie":6,"minecraft:creeper":1}},"DataVersion":3465}