{"stats":{"minecraft:custom":{"minecraft:jump":42,"minecraft:time_since_rest":22945,"minecraft:damage_taken":130,"minecraft:damage_blocked_by_shield":20,"minecraft:crouch_one_cm":1897,"minecraft:play_time":22945,"minecraft:leave_game":2,"minecraft:sprint_one_cm":14151,"minecraft:walk_on_water_one_cm":126,"minecraft:time_since_death":22945,"minecraft:walk_one_cm":34125,"minecraft:sneak_time":858,"minecraft:total_world_time":22945,"minecraft:fly_one_cm":221619},"minecraft:used":{"minecraft:shield":1,"minecraft:black_concrete":2,"minecraft:sculk":6,"minecraft:black_stained_glass":7,"minecraft:snow_block":11,"minecraft:warped_hyphae":1},"minecraft:picked_up":{"minecraft:stick":2}},"DataVersion":3465}