{
    "weather": "ANY",
    "group": "NORMAL",
    "timeBlock": {
        "startHour": 18,
        "endHour": 6
    },
    "maximumRate": {
        "amount": 5,
        "per": {"minutes": 1}
    },
    "maxEntitiesPerChunk": 4,
    "spawns": [
    {
        "entity": "standard/passive/allay",
        "maxSpawns": 2,
        "minSpawns": 1,
        "rarity": 4
    },
    {
        "entity": "standard/neutral/irongolem",
        "maxSpawns": 1,
        "minSpawns": 1,
        "rarity": 4
    }
    ]
}
