{
    "abomination.bubo_explode": {
        "sounds": [
            "littleroom_parasitic_abomination:bubo_explode"
        ]
    },
    "abomination.death_poof": {
        "sounds": [
            "littleroom_parasitic_abomination:death_poof"
        ]
    },
    "abomination.death_rattle": {
        "sounds": [
            "littleroom_parasitic_abomination:death_rattle"
        ]
    },
    "abomination.growl": {
        "sounds": [
            "littleroom_parasitic_abomination:growl_1",
            "littleroom_parasitic_abomination:growl_2",
            "littleroom_parasitic_abomination:growl_3",
            "littleroom_parasitic_abomination:growl_4"
        ]
    },
    "abomination.land": {
        "sounds": [
            "littleroom_parasitic_abomination:land"
        ]
    },
    "abomination.spread_blight": {
        "sounds": [
            "littleroom_parasitic_abomination:spread_blight"
        ]
    },
    "abomination.swing": {
        "sounds": [
            "littleroom_parasitic_abomination:swing_1",
            "littleroom_parasitic_abomination:swing_2"
        ]
    },
    "abomination.swing_claw": {
        "sounds": [
            "littleroom_parasitic_abomination:swing_claw_1",
            "littleroom_parasitic_abomination:swing_claw_2",
            "littleroom_parasitic_abomination:swing_claw_3",
            "littleroom_parasitic_abomination:swing_claw_4"
        ]
    },
    "abomination.tongue_hit": {
        "sounds": [
            "littleroom_parasitic_abomination:tongue_hit_1",
            "littleroom_parasitic_abomination:tongue_hit_2",
            "littleroom_parasitic_abomination:tongue_hit_3"
        ]
    },
    "abomination.scream": {
        "sounds": [
            "littleroom_parasitic_abomination:scream"
        ]
    }
}