{
    "worm": {
        "xStyle": {
            "min": -12,
            "max": 12,
            "generator": {
                "zoom": 0.12,
                "style": "NOWHERE"
            }
        },
        "zStyle": {
            "min": -12,
            "max": 12,
            "generator": {
                "zoom": 0.12,
                "style": "NOWHERE"
            }
        },
        "yStyle": {
            "min": -12,
            "max": 12,
            "generator": {
                "zoom": 3,
                "style": "PERLIN"
            }
        },
        "girth": {
            "max": 6,
            "min": 6
        },
        "maxDistance": 32,
        "maxIterations": 32
    },
    "nodeThreshold": 8,
    "depthStyle": {
        "generator": {"style": "PERLIN"},
        "max": 13,
        "min": 7
    },
    "angle": 90,
    "topAngle": 90,
    "ribThickness": 5,
    "baseWidthStyle": {
        "generator": {"style": "FLAT"},
        "max": 1,
        "min": 1
    }
}
