{"textures":{"0":"modelengine:entity/ghastling_2"},"elements":[{"from":[0.0,7.0,-8.0],"to":[16.0,15.0,-8.0],"faces":{"south":{"uv":[6.0,0.0,8.0,1.0],"tintindex":0,"rotation":0,"texture":"#0"},"north":{"uv":[2.0,5.25,4.0,6.25],"tintindex":0,"rotation":0,"texture":"#0"}}},{"from":[16.0,7.0,-8.0],"to":[16.0,15.0,8.0],"faces":{"east":{"uv":[6.0,3.0,8.0,4.0],"tintindex":0,"rotation":0,"texture":"#0"},"west":{"uv":[6.0,4.0,8.0,5.0],"tintindex":0,"rotation":0,"texture":"#0"}}},{"from":[0.0,7.0,-8.0],"to":[0.0,15.0,8.0],"faces":{"east":{"uv":[6.0,5.0,8.0,6.0],"tintindex":0,"rotation":0,"texture":"#0"},"west":{"uv":[6.0,6.0,8.0,7.0],"tintindex":0,"rotation":0,"texture":"#0"}}},{"from":[0.0,7.0,8.0],"to":[16.0,15.0,8.0],"faces":{"south":{"uv":[6.0,2.0,8.0,3.0],"tintindex":0,"rotation":0,"texture":"#0"},"north":{"uv":[6.0,1.0,8.0,2.0],"tintindex":0,"rotation":0,"texture":"#0"}}},{"from":[0.0,11.0,-8.0],"to":[16.0,15.0,8.0],"faces":{"east":{"uv":[14.0,2.125,16.0,2.5],"tintindex":0,"rotation":0,"texture":"#0"},"south":{"uv":[9.0,1.625,11.0,2.125],"tintindex":0,"rotation":0,"texture":"#0"},"north":{"uv":[8.625,0.0,10.625,0.5],"tintindex":0,"rotation":0,"texture":"#0"},"west":{"uv":[8.625,0.0,10.625,0.5],"tintindex":0,"rotation":0,"texture":"#0"},"up":{"uv":[4.0,2.0,2.0,0.0],"tintindex":0,"rotation":0,"texture":"#0"},"down":{"uv":[4.0,2.0,2.0,4.0],"tintindex":0,"rotation":0,"texture":"#0"}}}],"display":{"gui":{"rotation":[30,225,0]}}}