{"textures":{"0":"modelengine:entity/eldric_body"},"elements":[{"from":[8.0,6.5,8.0],"to":[14.0,9.5,11.0],"faces":{"east":{"uv":[9.625,8.125,9.4375,8.3125],"tintindex":0,"rotation":0,"texture":"#0"},"south":{"uv":[9.5625,8.4375,9.1875,8.625],"tintindex":0,"rotation":0,"texture":"#0"},"north":{"uv":[6.5625,2.875,6.1875,3.0625],"tintindex":0,"rotation":0,"texture":"#0"},"west":{"uv":[9.625,7.9375,9.4375,8.125],"tintindex":0,"rotation":0,"texture":"#0"},"up":{"uv":[9.3125,9.1875,9.6875,9.0],"tintindex":0,"rotation":0,"texture":"#0"},"down":{"uv":[9.3125,9.1875,9.6875,9.375],"tintindex":0,"rotation":0,"texture":"#0"}}}],"display":{"gui":{"rotation":[30,225,0]}}}