{"textures":{"0":"modelengine:entity/eldric_body"},"elements":[{"from":[3.0,-2.0,1.0],"to":[8.0,8.0,6.0],"faces":{"east":{"uv":[8.125,9.125,7.8125,9.75],"tintindex":0,"rotation":0,"texture":"#0"},"south":{"uv":[7.8125,9.125,7.5,9.75],"tintindex":0,"rotation":0,"texture":"#0"},"north":{"uv":[6.4375,9.0,6.125,9.625],"tintindex":0,"rotation":0,"texture":"#0"},"west":{"uv":[9.375,1.625,9.0625,2.25],"tintindex":0,"rotation":0,"texture":"#0"},"up":{"uv":[5.0,3.375,5.3125,3.0625],"tintindex":0,"rotation":0,"texture":"#0"},"down":{"uv":[9.3125,2.8125,9.625,3.125],"tintindex":0,"rotation":0,"texture":"#0"}}},{"from":[-1.0,-2.0,1.0],"to":[3.0,3.0,6.0],"faces":{"east":{"uv":[4.125,9.3125,3.8125,9.625],"tintindex":0,"rotation":0,"texture":"#0"},"south":{"uv":[4.75,9.3125,4.5,9.625],"tintindex":0,"rotation":0,"texture":"#0"},"north":{"uv":[1.125,6.875,0.875,7.1875],"tintindex":0,"rotation":0,"texture":"#0"},"west":{"uv":[9.625,3.125,9.3125,3.4375],"tintindex":0,"rotation":0,"texture":"#0"},"up":{"uv":[9.3125,5.1875,9.5625,4.875],"tintindex":0,"rotation":0,"texture":"#0"},"down":{"uv":[9.3125,5.1875,9.5625,5.5],"tintindex":0,"rotation":0,"texture":"#0"}}},{"from":[0.0,0.0,6.0],"to":[8.0,8.0,15.0],"faces":{"east":{"uv":[9.375,1.125,8.8125,1.625],"tintindex":0,"rotation":0,"texture":"#0"},"south":{"uv":[5.4375,8.9375,4.9375,9.4375],"tintindex":0,"rotation":0,"texture":"#0"},"north":{"uv":[1.3125,8.9375,0.8125,9.4375],"tintindex":0,"rotation":0,"texture":"#0"},"west":{"uv":[9.375,0.625,8.8125,1.125],"tintindex":0,"rotation":0,"texture":"#0"},"up":{"uv":[8.8125,2.9375,9.3125,2.375],"tintindex":0,"rotation":0,"texture":"#0"},"down":{"uv":[8.8125,2.9375,9.3125,3.5],"tintindex":0,"rotation":0,"texture":"#0"}}}],"display":{"gui":{"rotation":[30,225,0]}}}