{"textures":{"0":"modelengine:entity/eldric_body"},"elements":[{"from":[8.0,-2.0,1.0],"to":[13.0,8.0,6.0],"faces":{"east":{"uv":[9.0625,1.625,9.375,2.25],"tintindex":0,"rotation":0,"texture":"#0"},"south":{"uv":[7.5,9.125,7.8125,9.75],"tintindex":0,"rotation":0,"texture":"#0"},"north":{"uv":[6.125,9.0,6.4375,9.625],"tintindex":0,"rotation":0,"texture":"#0"},"west":{"uv":[7.8125,9.125,8.125,9.75],"tintindex":0,"rotation":0,"texture":"#0"},"up":{"uv":[5.3125,3.375,5.0,3.0625],"tintindex":0,"rotation":0,"texture":"#0"},"down":{"uv":[9.625,2.8125,9.3125,3.125],"tintindex":0,"rotation":0,"texture":"#0"}}},{"from":[13.0,-2.0,1.0],"to":[17.0,3.0,6.0],"faces":{"east":{"uv":[9.3125,3.125,9.625,3.4375],"tintindex":0,"rotation":0,"texture":"#0"},"south":{"uv":[4.5,9.3125,4.75,9.625],"tintindex":0,"rotation":0,"texture":"#0"},"north":{"uv":[0.875,6.875,1.125,7.1875],"tintindex":0,"rotation":0,"texture":"#0"},"west":{"uv":[3.8125,9.3125,4.125,9.625],"tintindex":0,"rotation":0,"texture":"#0"},"up":{"uv":[9.5625,5.1875,9.3125,4.875],"tintindex":0,"rotation":0,"texture":"#0"},"down":{"uv":[9.5625,5.1875,9.3125,5.5],"tintindex":0,"rotation":0,"texture":"#0"}}},{"from":[8.0,0.0,6.0],"to":[16.0,8.0,15.0],"faces":{"east":{"uv":[8.8125,0.625,9.375,1.125],"tintindex":0,"rotation":0,"texture":"#0"},"south":{"uv":[4.9375,8.9375,5.4375,9.4375],"tintindex":0,"rotation":0,"texture":"#0"},"north":{"uv":[0.8125,8.9375,1.3125,9.4375],"tintindex":0,"rotation":0,"texture":"#0"},"west":{"uv":[8.8125,1.125,9.375,1.625],"tintindex":0,"rotation":0,"texture":"#0"},"up":{"uv":[9.3125,2.9375,8.8125,2.375],"tintindex":0,"rotation":0,"texture":"#0"},"down":{"uv":[9.3125,2.9375,8.8125,3.5],"tintindex":0,"rotation":0,"texture":"#0"}}}],"display":{"gui":{"rotation":[30,225,0]}}}