{"textures":{"0":"modelengine:entity/eldric_body"},"elements":[{"from":[1.833333,-8.621742,8.142514],"to":[14.833333,8.378257,20.142513],"faces":{"east":{"uv":[4.3125,6.5,3.5625,7.5625],"tintindex":0,"rotation":0,"texture":"#0"},"south":{"uv":[1.9375,6.125,1.125,7.1875],"tintindex":0,"rotation":0,"texture":"#0"},"north":{"uv":[6.8125,6.0625,6.0,7.125],"tintindex":0,"rotation":0,"texture":"#0"},"west":{"uv":[7.25,1.0625,6.5,2.125],"tintindex":0,"rotation":0,"texture":"#0"},"up":{"uv":[7.0625,2.875,7.875,2.125],"tintindex":0,"rotation":0,"texture":"#0"},"down":{"uv":[7.25,0.0,8.0625,0.75],"tintindex":0,"rotation":0,"texture":"#0"}}},{"from":[7.833333,-8.621742,6.142514],"to":[15.833333,2.3782568,11.142514],"faces":{"east":{"uv":[6.125,9.0,5.8125,9.6875],"tintindex":0,"rotation":0,"texture":"#0"},"south":{"uv":[7.5,8.5,7.0,9.1875],"tintindex":0,"rotation":0,"texture":"#0"},"north":{"uv":[7.0,8.5,6.5,9.1875],"tintindex":0,"rotation":0,"texture":"#0"},"west":{"uv":[9.3125,4.875,9.0,5.5625],"tintindex":0,"rotation":0,"texture":"#0"},"up":{"uv":[9.1875,5.875,9.6875,5.5625],"tintindex":0,"rotation":0,"texture":"#0"},"down":{"uv":[9.1875,7.625,9.6875,7.9375],"tintindex":0,"rotation":0,"texture":"#0"}}},{"from":[5.833333,4.108713,6.787429],"to":[11.833333,12.108714,9.787429],"faces":{"east":{"uv":[4.5,9.3125,4.3125,9.8125],"tintindex":0,"rotation":0,"texture":"#0"},"south":{"uv":[7.1875,9.1875,6.8125,9.6875],"tintindex":0,"rotation":0,"texture":"#0"},"north":{"uv":[6.8125,9.1875,6.4375,9.6875],"tintindex":0,"rotation":0,"texture":"#0"},"west":{"uv":[4.3125,9.3125,4.125,9.8125],"tintindex":0,"rotation":0,"texture":"#0"},"up":{"uv":[9.375,0.8125,9.75,0.625],"tintindex":0,"rotation":0,"texture":"#0"},"down":{"uv":[9.375,0.8125,9.75,1.0],"tintindex":0,"rotation":0,"texture":"#0"}},"rotation":{"origin":[4.833333,8.108713,8.287429],"angle":-22.5,"axis":"x"}},{"from":[0.833333,-0.6217432,9.142514],"to":[4.833333,9.378257,17.142513],"faces":{"east":{"uv":[3.0,8.75,2.5,9.375],"tintindex":0,"rotation":0,"texture":"#0"},"south":{"uv":[1.125,6.25,0.875,6.875],"tintindex":0,"rotation":0,"texture":"#0"},"north":{"uv":[1.9375,4.5,1.6875,5.125],"tintindex":0,"rotation":0,"texture":"#0"},"west":{"uv":[2.5,8.6875,2.0,9.3125],"tintindex":0,"rotation":0,"texture":"#0"},"up":{"uv":[7.375,4.875,7.625,4.375],"tintindex":0,"rotation":0,"texture":"#0"},"down":{"uv":[9.1875,7.9375,9.4375,8.4375],"tintindex":0,"rotation":0,"texture":"#0"}}},{"from":[3.833333,-8.621742,5.142514],"to":[12.833333,-2.6217432,8.142514],"faces":{"east":{"uv":[9.5625,1.375,9.375,1.75],"tintindex":0,"rotation":0,"texture":"#0"},"south":{"uv":[9.3125,9.0,8.75,9.375],"tintindex":0,"rotation":0,"texture":"#0"},"north":{"uv":[9.5625,7.25,9.0,7.625],"tintindex":0,"rotation":0,"texture":"#0"},"west":{"uv":[9.5625,1.0,9.375,1.375],"tintindex":0,"rotation":0,"texture":"#0"},"up":{"uv":[5.625,3.0625,6.1875,2.875],"tintindex":0,"rotation":0,"texture":"#0"},"down":{"uv":[9.125,3.875,9.6875,4.0625],"tintindex":0,"rotation":0,"texture":"#0"}}},{"from":[3.833333,-8.621742,20.142513],"to":[11.833333,1.3782568,22.142513],"faces":{"east":{"uv":[4.875,9.3125,4.75,9.9375],"tintindex":0,"rotation":0,"texture":"#0"},"south":{"uv":[2.0,8.6875,1.5,9.3125],"tintindex":0,"rotation":0,"texture":"#0"},"north":{"uv":[9.1875,0.0,8.6875,0.625],"tintindex":0,"rotation":0,"texture":"#0"},"west":{"uv":[2.5,9.3125,2.375,9.9375],"tintindex":0,"rotation":0,"texture":"#0"},"up":{"uv":[9.375,6.5,9.875,6.375],"tintindex":0,"rotation":0,"texture":"#0"},"down":{"uv":[8.75,9.375,9.25,9.5],"tintindex":0,"rotation":0,"texture":"#0"}}}],"display":{"gui":{"rotation":[30,225,0]}}}