{"textures":{"0":"modelengine:entity/eldric_body"},"elements":[{"from":[4.5,7.7806835,9.529977],"to":[11.5,9.2806835,9.529977],"faces":{"south":{"uv":[10.0,3.5,10.875,3.6875],"tintindex":0,"rotation":0,"texture":"#0"},"north":{"uv":[10.875,3.5,10.0,3.6875],"tintindex":0,"rotation":0,"texture":"#0"}},"rotation":{"origin":[8.0,8.5306835,9.529977],"angle":45.0,"axis":"x"}},{"from":[3.8879147,4.077161,1.5],"to":[5.3879147,8.577162,7.5],"faces":{"east":{"uv":[8.25,7.0625,9.0,7.625],"tintindex":0,"rotation":0,"texture":"#0"},"south":{"uv":[9.3125,2.25,9.5,2.8125],"tintindex":0,"rotation":0,"texture":"#0"},"north":{"uv":[2.1875,9.3125,2.375,9.875],"tintindex":0,"rotation":0,"texture":"#0"},"west":{"uv":[8.375,3.5,9.125,4.0625],"tintindex":0,"rotation":0,"texture":"#0"},"up":{"uv":[7.375,9.9375,7.1875,9.1875],"tintindex":0,"rotation":0,"texture":"#0"},"down":{"uv":[1.6875,9.3125,1.5,10.0625],"tintindex":0,"rotation":0,"texture":"#0"}},"rotation":{"origin":[4.3879147,5.577161,4.75],"angle":22.5,"axis":"z"}},{"from":[4.0,1.5,2.0],"to":[5.0,5.5,7.0],"faces":{"east":{"uv":[7.5,8.625,8.125,9.125],"tintindex":0,"rotation":0,"texture":"#0"},"south":{"uv":[9.375,1.75,9.5,2.25],"tintindex":0,"rotation":0,"texture":"#0"},"north":{"uv":[5.8125,7.5,5.9375,8.0],"tintindex":0,"rotation":0,"texture":"#0"},"west":{"uv":[8.125,8.625,8.75,9.125],"tintindex":0,"rotation":0,"texture":"#0"},"up":{"uv":[7.8125,7.5625,7.6875,6.9375],"tintindex":0,"rotation":0,"texture":"#0"},"down":{"uv":[7.5,9.1875,7.375,9.8125],"tintindex":0,"rotation":0,"texture":"#0"}}},{"from":[8.75,-5.0,0.5],"to":[11.25,0.0,3.5],"faces":{"east":{"uv":[5.4375,8.9375,5.8125,9.5625],"tintindex":0,"rotation":0,"texture":"#0"},"south":{"uv":[8.4375,9.125,8.75,9.75],"tintindex":0,"rotation":0,"texture":"#0"},"north":{"uv":[8.125,9.125,8.4375,9.75],"tintindex":0,"rotation":0,"texture":"#0"},"west":{"uv":[3.4375,9.0,3.8125,9.625],"tintindex":0,"rotation":0,"texture":"#0"},"up":{"uv":[3.5,8.4375,3.1875,8.0625],"tintindex":0,"rotation":0,"texture":"#0"},"down":{"uv":[8.4375,4.9375,8.125,5.3125],"tintindex":0,"rotation":0,"texture":"#0"}},"rotation":{"origin":[10.0,-2.5,2.0],"angle":22.5,"axis":"x"}},{"from":[3.5,-3.0,0.5],"to":[7.5,1.5,8.5],"faces":{"east":{"uv":[7.375,3.8125,8.375,4.375],"tintindex":0,"rotation":0,"texture":"#0"},"south":{"uv":[0.0,8.9375,0.5,9.5],"tintindex":0,"rotation":0,"texture":"#0"},"north":{"uv":[8.875,4.3125,9.375,4.875],"tintindex":0,"rotation":0,"texture":"#0"},"west":{"uv":[7.4375,5.375,8.4375,5.9375],"tintindex":0,"rotation":0,"texture":"#0"},"up":{"uv":[8.125,5.375,7.625,4.375],"tintindex":0,"rotation":0,"texture":"#0"},"down":{"uv":[8.1875,5.9375,7.6875,6.9375],"tintindex":0,"rotation":0,"texture":"#0"}}},{"from":[4.5,4.0,0.0],"to":[11.5,8.0,9.0],"faces":{"east":{"uv":[5.375,4.0,6.5,4.5],"tintindex":0,"rotation":0,"texture":"#0"},"south":{"uv":[5.8125,8.0,6.6875,8.5],"tintindex":0,"rotation":0,"texture":"#0"},"north":{"uv":[4.1875,8.0,5.0625,8.5],"tintindex":0,"rotation":0,"texture":"#0"},"west":{"uv":[6.5,4.875,7.625,5.375],"tintindex":0,"rotation":0,"texture":"#0"},"up":{"uv":[6.5,1.125,5.625,0.0],"tintindex":0,"rotation":0,"texture":"#0"},"down":{"uv":[6.5,1.125,5.625,2.25],"tintindex":0,"rotation":0,"texture":"#0"}}},{"from":[5.0,-3.0,1.0],"to":[11.0,4.0,8.0],"faces":{"east":{"uv":[6.5,4.0,7.375,4.875],"tintindex":0,"rotation":0,"texture":"#0"},"south":{"uv":[5.9375,7.125,6.6875,8.0],"tintindex":0,"rotation":0,"texture":"#0"},"north":{"uv":[1.9375,7.0625,2.6875,7.9375],"tintindex":0,"rotation":0,"texture":"#0"},"west":{"uv":[4.3125,6.5,5.1875,7.375],"tintindex":0,"rotation":0,"texture":"#0"},"up":{"uv":[0.75,8.0625,0.0,7.1875],"tintindex":0,"rotation":0,"texture":"#0"},"down":{"uv":[1.5,7.1875,0.75,8.0625],"tintindex":0,"rotation":0,"texture":"#0"}}},{"from":[4.5,7.7803307,-0.5303297],"to":[11.5,9.280331,-0.5303297],"faces":{"south":{"uv":[10.0,3.5,10.875,3.6875],"tintindex":0,"rotation":0,"texture":"#0"},"north":{"uv":[10.875,3.5,10.0,3.6875],"tintindex":0,"rotation":0,"texture":"#0"}},"rotation":{"origin":[8.0,8.530331,-0.5303297],"angle":-45.0,"axis":"x"}},{"from":[4.5,-1.75,-0.5],"to":[6.5,0.25,0.5],"faces":{"east":{"uv":[4.1875,7.5625,4.3125,7.8125],"tintindex":0,"rotation":0,"texture":"#0"},"south":{"uv":[2.75,9.375,3.0,9.625],"tintindex":0,"rotation":0,"texture":"#0"},"north":{"uv":[2.5,9.375,2.75,9.625],"tintindex":0,"rotation":0,"texture":"#0"},"west":{"uv":[5.0625,8.0,5.1875,8.25],"tintindex":0,"rotation":0,"texture":"#0"},"up":{"uv":[7.375,4.0,7.125,3.875],"tintindex":0,"rotation":0,"texture":"#0"},"down":{"uv":[7.6875,5.9375,7.4375,6.0625],"tintindex":0,"rotation":0,"texture":"#0"}},"rotation":{"origin":[5.5,-0.75,0.0],"angle":45.0,"axis":"z"}},{"from":[4.5,-1.75,8.5],"to":[6.5,0.25,9.5],"faces":{"east":{"uv":[4.3125,7.5625,4.1875,7.8125],"tintindex":0,"rotation":0,"texture":"#0"},"south":{"uv":[2.75,9.375,2.5,9.625],"tintindex":0,"rotation":0,"texture":"#0"},"north":{"uv":[3.0,9.375,2.75,9.625],"tintindex":0,"rotation":0,"texture":"#0"},"west":{"uv":[5.1875,8.0,5.0625,8.25],"tintindex":0,"rotation":0,"texture":"#0"},"up":{"uv":[7.375,3.875,7.125,4.0],"tintindex":0,"rotation":0,"texture":"#0"},"down":{"uv":[7.6875,6.0625,7.4375,5.9375],"tintindex":0,"rotation":0,"texture":"#0"}},"rotation":{"origin":[5.5,-0.75,-21.0],"angle":45.0,"axis":"z"}}],"display":{"gui":{"rotation":[30,225,0]}}}