{"textures":{"0":"modelengine:entity/eldric_body"},"elements":[{"from":[2.8284273,8.0,-0.8284273],"to":[12.828427,16.0,10.171573],"faces":{"east":{"uv":[3.9375,8.5,4.625,9.0],"tintindex":0,"rotation":0,"texture":"#0"},"south":{"uv":[8.5625,8.125,9.1875,8.625],"tintindex":0,"rotation":0,"texture":"#0"},"north":{"uv":[8.5625,7.625,9.1875,8.125],"tintindex":0,"rotation":0,"texture":"#0"},"west":{"uv":[4.625,8.5,3.9375,9.0],"tintindex":0,"rotation":0,"texture":"#0"},"up":{"uv":[8.6875,0.6875,8.0625,0.0],"tintindex":0,"rotation":0,"texture":"#0"},"down":{"uv":[3.1875,8.0625,2.5625,8.75],"tintindex":0,"rotation":0,"texture":"#0"}}},{"from":[0.0,8.0,4.0],"to":[0.0,14.0,12.0],"faces":{"east":{"uv":[9.125,3.5,9.625,3.875],"tintindex":0,"rotation":0,"texture":"#0"},"west":{"uv":[9.1875,0.0,9.6875,0.375],"tintindex":0,"rotation":0,"texture":"#0"}},"rotation":{"origin":[0.0,11.0,8.0],"angle":-45.0,"axis":"y"}},{"from":[12.638126,2.0,5.1282816],"to":[17.638126,15.0,5.1282816],"faces":{"south":{"uv":[0.8125,8.9375,0.5,9.75],"tintindex":0,"rotation":0,"texture":"#0"},"north":{"uv":[4.9375,8.5,4.625,9.3125],"tintindex":0,"rotation":0,"texture":"#0"}},"rotation":{"origin":[15.138126,8.5,5.1282816],"angle":-22.5,"axis":"y"}},{"from":[15.656855,8.0,4.0],"to":[15.656855,14.0,12.0],"faces":{"east":{"uv":[9.6875,0.0,9.1875,0.375],"tintindex":0,"rotation":0,"texture":"#0"},"west":{"uv":[9.625,3.5,9.125,3.875],"tintindex":0,"rotation":0,"texture":"#0"}},"rotation":{"origin":[15.656855,11.0,8.0],"angle":45.0,"axis":"y"}},{"from":[6.3284273,8.268501,-2.1782818],"to":[9.328427,11.268501,-0.17828178],"faces":{"east":{"uv":[4.1875,7.8125,4.3125,8.0],"tintindex":0,"rotation":0,"texture":"#0"},"south":{"uv":[1.0,9.4375,1.1875,9.625],"tintindex":0,"rotation":0,"texture":"#0"},"north":{"uv":[3.0,8.75,3.1875,8.9375],"tintindex":0,"rotation":0,"texture":"#0"},"west":{"uv":[1.8125,8.3125,1.9375,8.5],"tintindex":0,"rotation":0,"texture":"#0"},"up":{"uv":[9.0,1.75,8.8125,1.625],"tintindex":0,"rotation":0,"texture":"#0"},"down":{"uv":[9.25,2.25,9.0625,2.375],"tintindex":0,"rotation":0,"texture":"#0"}},"rotation":{"origin":[7.8284273,9.768501,-1.1782818],"angle":22.5,"axis":"x"}},{"from":[-1.9812717,2.0,5.1282816],"to":[3.0187283,15.0,5.1282816],"faces":{"south":{"uv":[0.5,8.9375,0.8125,9.75],"tintindex":0,"rotation":0,"texture":"#0"},"north":{"uv":[4.625,8.5,4.9375,9.3125],"tintindex":0,"rotation":0,"texture":"#0"}},"rotation":{"origin":[0.51872826,8.5,5.1282816],"angle":22.5,"axis":"y"}}],"display":{"gui":{"rotation":[30,225,0]}}}