{"textures":{"0":"modelengine:entity/tower_skeleton_body"},"elements":[{"from":[5.0,14.994396,8.086582],"to":[6.5,17.494396,8.086582],"faces":{"south":{"uv":[9.875,0.59375,9.96875,0.75],"tintindex":0,"rotation":0,"texture":"#0"},"north":{"uv":[9.875,0.4375,9.96875,0.59375],"tintindex":0,"rotation":0,"texture":"#0"}}},{"from":[5.0,7.994396,8.086582],"to":[6.5,10.494396,8.086582],"faces":{"south":{"uv":[6.96875,8.0625,7.0625,8.21875],"tintindex":0,"rotation":0,"texture":"#0"},"north":{"uv":[6.96875,7.90625,7.0625,8.0625],"tintindex":0,"rotation":0,"texture":"#0"}}},{"from":[15.5,20.5,8.0],"to":[0.5,11.5,-0.5],"faces":{"east":{"uv":[5.71875,5.46875,6.25,6.03125],"tintindex":0,"rotation":0,"texture":"#0"},"south":{"uv":[0.0,2.84375,0.9375,3.40625],"tintindex":0,"rotation":0,"texture":"#0"},"north":{"uv":[2.125,2.78125,3.0625,3.34375],"tintindex":0,"rotation":0,"texture":"#0"},"west":{"uv":[2.875,5.78125,3.40625,6.34375],"tintindex":0,"rotation":0,"texture":"#0"},"up":{"uv":[0.9375,3.9375,0.0,3.40625],"tintindex":0,"rotation":0,"texture":"#0"},"down":{"uv":[4.4375,0.5625,3.5,1.09375],"tintindex":0,"rotation":0,"texture":"#0"}}},{"from":[2.0,9.0,0.5],"to":[14.0,11.5,8.0],"faces":{"east":{"uv":[1.4375,2.0625,1.90625,2.21875],"tintindex":0,"rotation":0,"texture":"#0"},"south":{"uv":[8.375,4.59375,9.125,4.75],"tintindex":0,"rotation":0,"texture":"#0"},"north":{"uv":[8.375,4.4375,9.125,4.59375],"tintindex":0,"rotation":0,"texture":"#0"},"west":{"uv":[0.9375,2.84375,1.40625,3.0],"tintindex":0,"rotation":0,"texture":"#0"},"up":{"uv":[5.1875,0.90625,4.4375,0.4375],"tintindex":0,"rotation":0,"texture":"#0"},"down":{"uv":[5.1875,3.84375,4.4375,4.3125],"tintindex":0,"rotation":0,"texture":"#0"}}},{"from":[9.5,17.994396,8.086582],"to":[11.0,20.494396,8.086582],"faces":{"south":{"uv":[9.875,1.125,9.96875,1.28125],"tintindex":0,"rotation":0,"texture":"#0"},"north":{"uv":[1.0625,9.875,1.15625,10.03125],"tintindex":0,"rotation":0,"texture":"#0"}}},{"from":[9.5,11.494396,8.086582],"to":[11.0,13.994396,8.086582],"faces":{"south":{"uv":[5.78125,8.375,5.875,8.53125],"tintindex":0,"rotation":0,"texture":"#0"},"north":{"uv":[0.78125,8.3125,0.875,8.46875],"tintindex":0,"rotation":0,"texture":"#0"}}},{"from":[1.5,13.5,0.5],"to":[14.5,20.5,7.0],"faces":{"east":{"uv":[2.25,7.25,2.65625,7.6875],"tintindex":0,"rotation":0,"texture":"#0"},"south":{"uv":[4.4375,0.0,5.25,0.4375],"tintindex":0,"rotation":0,"texture":"#0"},"north":{"uv":[4.25,3.40625,5.0625,3.84375],"tintindex":0,"rotation":0,"texture":"#0"},"west":{"uv":[2.65625,7.3125,3.0625,7.75],"tintindex":0,"rotation":0,"texture":"#0"},"up":{"uv":[2.25,5.09375,1.4375,4.6875],"tintindex":0,"rotation":0,"texture":"#0"},"down":{"uv":[3.0625,4.75,2.25,5.15625],"tintindex":0,"rotation":0,"texture":"#0"}}},{"from":[14.0,11.5,8.0],"to":[2.0,9.0,0.5],"faces":{"east":{"uv":[4.5625,2.8125,5.03125,2.96875],"tintindex":0,"rotation":0,"texture":"#0"},"south":{"uv":[8.40625,0.15625,9.15625,0.3125],"tintindex":0,"rotation":0,"texture":"#0"},"north":{"uv":[8.40625,0.0,9.15625,0.15625],"tintindex":0,"rotation":0,"texture":"#0"},"west":{"uv":[8.9375,6.5,9.40625,6.65625],"tintindex":0,"rotation":0,"texture":"#0"},"up":{"uv":[5.1875,4.78125,4.4375,4.3125],"tintindex":0,"rotation":0,"texture":"#0"},"down":{"uv":[5.21875,0.90625,4.46875,1.375],"tintindex":0,"rotation":0,"texture":"#0"}}},{"from":[0.5,11.5,-0.5],"to":[15.5,20.5,8.0],"faces":{"east":{"uv":[5.71875,4.34375,6.25,4.90625],"tintindex":0,"rotation":0,"texture":"#0"},"south":{"uv":[2.65625,0.0,3.59375,0.5625],"tintindex":0,"rotation":0,"texture":"#0"},"north":{"uv":[2.125,2.21875,3.0625,2.78125],"tintindex":0,"rotation":0,"texture":"#0"},"west":{"uv":[5.71875,4.90625,6.25,5.46875],"tintindex":0,"rotation":0,"texture":"#0"},"up":{"uv":[4.0,3.53125,3.0625,3.0],"tintindex":0,"rotation":0,"texture":"#0"},"down":{"uv":[2.5,3.34375,1.5625,3.875],"tintindex":0,"rotation":0,"texture":"#0"}}},{"from":[6.5,7.994396,7.0865827],"to":[9.5,10.494396,8.586582],"faces":{"east":{"uv":[3.3125,6.34375,3.40625,6.5],"tintindex":0,"rotation":0,"texture":"#0"},"south":{"uv":[4.25,3.84375,4.4375,4.0],"tintindex":0,"rotation":0,"texture":"#0"},"north":{"uv":[3.5,2.03125,3.6875,2.1875],"tintindex":0,"rotation":0,"texture":"#0"},"west":{"uv":[7.65625,1.90625,7.75,2.0625],"tintindex":0,"rotation":0,"texture":"#0"},"up":{"uv":[2.4375,6.84375,2.25,6.75],"tintindex":0,"rotation":0,"texture":"#0"},"down":{"uv":[8.03125,3.125,7.84375,3.21875],"tintindex":0,"rotation":0,"texture":"#0"}}},{"from":[8.0,7.994396,8.586582],"to":[8.0,10.494396,9.586583],"faces":{"east":{"uv":[2.4375,3.875,2.5,4.03125],"tintindex":0,"rotation":0,"texture":"#0"},"west":{"uv":[3.25,6.90625,3.3125,7.0625],"tintindex":0,"rotation":0,"texture":"#0"}}},{"from":[4.5,8.0,2.0],"to":[11.5,13.5,7.0],"faces":{"east":{"uv":[0.0,8.5625,0.3125,8.90625],"tintindex":0,"rotation":0,"texture":"#0"},"south":{"uv":[3.59375,7.84375,4.03125,8.1875],"tintindex":0,"rotation":0,"texture":"#0"},"north":{"uv":[3.15625,7.84375,3.59375,8.1875],"tintindex":0,"rotation":0,"texture":"#0"},"west":{"uv":[2.1875,8.5625,2.5,8.90625],"tintindex":0,"rotation":0,"texture":"#0"},"up":{"uv":[8.6875,0.875,8.25,0.5625],"tintindex":0,"rotation":0,"texture":"#0"},"down":{"uv":[2.625,8.25,2.1875,8.5625],"tintindex":0,"rotation":0,"texture":"#0"}}},{"from":[5.0,17.994396,8.086582],"to":[6.5,20.494396,8.086582],"faces":{"south":{"uv":[9.875,0.28125,9.96875,0.4375],"tintindex":0,"rotation":0,"texture":"#0"},"north":{"uv":[9.875,0.125,9.96875,0.28125],"tintindex":0,"rotation":0,"texture":"#0"}}},{"from":[8.0,11.494396,8.586582],"to":[8.0,13.994396,9.586583],"faces":{"east":{"uv":[2.1875,7.78125,2.25,7.9375],"tintindex":0,"rotation":0,"texture":"#0"},"west":{"uv":[2.1875,7.9375,2.25,8.09375],"tintindex":0,"rotation":0,"texture":"#0"}}},{"from":[5.0,11.494396,8.086582],"to":[6.5,13.994396,8.086582],"faces":{"south":{"uv":[2.78125,9.46875,2.875,9.625],"tintindex":0,"rotation":0,"texture":"#0"},"north":{"uv":[5.5625,8.96875,5.65625,9.125],"tintindex":0,"rotation":0,"texture":"#0"}}},{"from":[9.5,14.994396,8.086582],"to":[11.0,17.494396,8.086582],"faces":{"south":{"uv":[0.96875,9.875,1.0625,10.03125],"tintindex":0,"rotation":0,"texture":"#0"},"north":{"uv":[9.875,0.75,9.96875,0.90625],"tintindex":0,"rotation":0,"texture":"#0"}}},{"from":[6.5,17.994396,7.0865827],"to":[9.5,20.494396,8.586582],"faces":{"east":{"uv":[2.5625,9.84375,2.65625,10.0],"tintindex":0,"rotation":0,"texture":"#0"},"south":{"uv":[7.8125,4.4375,8.0,4.59375],"tintindex":0,"rotation":0,"texture":"#0"},"north":{"uv":[3.0625,7.3125,3.25,7.46875],"tintindex":0,"rotation":0,"texture":"#0"},"west":{"uv":[8.84375,9.84375,8.9375,10.0],"tintindex":0,"rotation":0,"texture":"#0"},"up":{"uv":[9.9375,2.5625,9.75,2.46875],"tintindex":0,"rotation":0,"texture":"#0"},"down":{"uv":[9.9375,2.5625,9.75,2.65625],"tintindex":0,"rotation":0,"texture":"#0"}}},{"from":[8.0,14.994396,8.586582],"to":[8.0,17.494396,9.586583],"faces":{"east":{"uv":[2.1875,8.09375,2.25,8.25],"tintindex":0,"rotation":0,"texture":"#0"},"west":{"uv":[8.375,7.3125,8.4375,7.46875],"tintindex":0,"rotation":0,"texture":"#0"}}},{"from":[9.5,7.994396,8.086582],"to":[11.0,10.494396,8.086582],"faces":{"south":{"uv":[4.53125,8.25,4.625,8.40625],"tintindex":0,"rotation":0,"texture":"#0"},"north":{"uv":[5.78125,8.21875,5.875,8.375],"tintindex":0,"rotation":0,"texture":"#0"}}},{"from":[6.5,11.494396,7.0865827],"to":[9.5,13.994396,8.586582],"faces":{"east":{"uv":[4.53125,8.40625,4.625,8.5625],"tintindex":0,"rotation":0,"texture":"#0"},"south":{"uv":[2.875,5.59375,3.0625,5.75],"tintindex":0,"rotation":0,"texture":"#0"},"north":{"uv":[0.3125,5.1875,0.5,5.34375],"tintindex":0,"rotation":0,"texture":"#0"},"west":{"uv":[1.125,8.78125,1.21875,8.9375],"tintindex":0,"rotation":0,"texture":"#0"},"up":{"uv":[9.9375,2.1875,9.75,2.09375],"tintindex":0,"rotation":0,"texture":"#0"},"down":{"uv":[9.9375,2.1875,9.75,2.28125],"tintindex":0,"rotation":0,"texture":"#0"}}},{"from":[6.5,14.994396,7.0865827],"to":[9.5,17.494396,8.586582],"faces":{"east":{"uv":[7.78125,9.5625,7.875,9.71875],"tintindex":0,"rotation":0,"texture":"#0"},"south":{"uv":[7.03125,2.65625,7.21875,2.8125],"tintindex":0,"rotation":0,"texture":"#0"},"north":{"uv":[5.40625,6.5,5.59375,6.65625],"tintindex":0,"rotation":0,"texture":"#0"},"west":{"uv":[1.84375,9.84375,1.9375,10.0],"tintindex":0,"rotation":0,"texture":"#0"},"up":{"uv":[9.9375,2.375,9.75,2.28125],"tintindex":0,"rotation":0,"texture":"#0"},"down":{"uv":[9.9375,2.375,9.75,2.46875],"tintindex":0,"rotation":0,"texture":"#0"}}},{"from":[8.0,17.994396,8.586582],"to":[8.0,20.494396,9.586583],"faces":{"east":{"uv":[8.375,7.46875,8.4375,7.625],"tintindex":0,"rotation":0,"texture":"#0"},"west":{"uv":[1.15625,8.46875,1.21875,8.625],"tintindex":0,"rotation":0,"texture":"#0"}}}],"display":{"gui":{"rotation":[30,225,0]}}}