{"textures":{"0":"modelengine:entity/tower_skeleton_body"},"elements":[{"from":[2.5,17.0,3.0],"to":[4.5,21.5,11.0],"faces":{"east":{"uv":[7.90625,0.0,8.40625,0.28125],"tintindex":0,"rotation":0,"texture":"#0"},"south":{"uv":[6.90625,1.625,7.03125,1.90625],"tintindex":0,"rotation":0,"texture":"#0"},"north":{"uv":[6.34375,1.9375,6.46875,2.21875],"tintindex":0,"rotation":0,"texture":"#0"},"west":{"uv":[7.90625,0.28125,8.40625,0.5625],"tintindex":0,"rotation":0,"texture":"#0"},"up":{"uv":[5.1875,3.75,5.0625,3.25],"tintindex":0,"rotation":0,"texture":"#0"},"down":{"uv":[5.65625,2.71875,5.53125,3.21875],"tintindex":0,"rotation":0,"texture":"#0"}}},{"from":[2.0,18.0,4.5],"to":[2.5,20.0,6.5],"faces":{"east":{"uv":[0.65625,8.65625,0.78125,8.78125],"tintindex":0,"rotation":0,"texture":"#0"},"south":{"uv":[1.125,1.5625,1.15625,1.6875],"tintindex":0,"rotation":0,"texture":"#0"},"north":{"uv":[1.125,1.4375,1.15625,1.5625],"tintindex":0,"rotation":0,"texture":"#0"},"west":{"uv":[8.75,1.375,8.875,1.5],"tintindex":0,"rotation":0,"texture":"#0"},"up":{"uv":[1.15625,1.8125,1.125,1.6875],"tintindex":0,"rotation":0,"texture":"#0"},"down":{"uv":[1.15625,1.8125,1.125,1.9375],"tintindex":0,"rotation":0,"texture":"#0"}}},{"from":[-1.5,11.5,1.0],"to":[17.0,15.5,12.5],"faces":{"east":{"uv":[7.28125,4.625,8.0,4.875],"tintindex":0,"rotation":0,"texture":"#0"},"south":{"uv":[3.40625,5.8125,4.5625,6.0625],"tintindex":0,"rotation":0,"texture":"#0"},"north":{"uv":[5.6875,0.8125,6.84375,1.0625],"tintindex":0,"rotation":0,"texture":"#0"},"west":{"uv":[7.28125,4.875,8.0,5.125],"tintindex":0,"rotation":0,"texture":"#0"},"up":{"uv":[1.15625,0.71875,0.0,0.0],"tintindex":0,"rotation":0,"texture":"#0"},"down":{"uv":[1.15625,0.71875,0.0,1.4375],"tintindex":0,"rotation":0,"texture":"#0"}},"rotation":{"origin":[4.25,13.75,0.75],"angle":-22.5,"axis":"z"}},{"from":[-1.0,17.75,5.5],"to":[2.0,20.25,5.5],"faces":{"south":{"uv":[2.0,8.9375,2.1875,9.09375],"tintindex":0,"rotation":0,"texture":"#0"},"north":{"uv":[2.65625,8.875,2.84375,9.03125],"tintindex":0,"rotation":0,"texture":"#0"}}},{"from":[0.0,9.5,1.5],"to":[15.5,17.0,11.0],"faces":{"east":{"uv":[1.90625,5.8125,2.5,6.28125],"tintindex":0,"rotation":0,"texture":"#0"},"south":{"uv":[3.5,1.5625,4.46875,2.03125],"tintindex":0,"rotation":0,"texture":"#0"},"north":{"uv":[3.5,1.09375,4.46875,1.5625],"tintindex":0,"rotation":0,"texture":"#0"},"west":{"uv":[4.5625,5.8125,5.15625,6.28125],"tintindex":0,"rotation":0,"texture":"#0"},"up":{"uv":[2.875,1.625,1.90625,1.03125],"tintindex":0,"rotation":0,"texture":"#0"},"down":{"uv":[2.875,1.625,1.90625,2.21875],"tintindex":0,"rotation":0,"texture":"#0"}}},{"from":[1.0,5.633213,1.8303041],"to":[14.5,10.133213,1.8303041],"faces":{"south":{"uv":[6.46875,5.90625,7.3125,6.1875],"tintindex":0,"rotation":0,"texture":"#0"},"north":{"uv":[6.25,5.625,7.09375,5.90625],"tintindex":0,"rotation":0,"texture":"#0"}},"rotation":{"origin":[7.75,8.383213,1.8303041],"angle":22.5,"axis":"x"}},{"from":[6.0,12.5,0.5],"to":[17.0,18.0,13.0],"faces":{"east":{"uv":[6.0625,0.0,6.84375,0.34375],"tintindex":0,"rotation":0,"texture":"#0"},"south":{"uv":[6.46875,6.1875,7.15625,6.53125],"tintindex":0,"rotation":0,"texture":"#0"},"north":{"uv":[0.0,2.46875,0.6875,2.8125],"tintindex":0,"rotation":0,"texture":"#0"},"west":{"uv":[6.0625,0.34375,6.84375,0.6875],"tintindex":0,"rotation":0,"texture":"#0"},"up":{"uv":[1.4375,2.84375,0.75,2.0625],"tintindex":0,"rotation":0,"texture":"#0"},"down":{"uv":[2.125,2.21875,1.4375,3.0],"tintindex":0,"rotation":0,"texture":"#0"}},"rotation":{"origin":[12.25,14.0,7.0],"angle":22.5,"axis":"z"}},{"from":[-2.5268488,18.450748,1.0],"to":[-0.026848793,18.450748,13.0],"faces":{"up":{"uv":[8.03125,9.1875,7.875,8.4375],"tintindex":0,"rotation":0,"texture":"#0"},"down":{"uv":[8.1875,8.4375,8.03125,9.1875],"tintindex":0,"rotation":0,"texture":"#0"}},"rotation":{"origin":[-1.2768488,18.450748,7.0],"angle":-45.0,"axis":"z"}},{"from":[14.668708,20.573574,0.5],"to":[17.668709,20.573574,13.5],"faces":{"up":{"uv":[6.375,8.34375,6.1875,7.53125],"tintindex":0,"rotation":0,"texture":"#0"},"down":{"uv":[4.8125,7.78125,4.625,8.59375],"tintindex":0,"rotation":0,"texture":"#0"}},"rotation":{"origin":[16.168709,20.573574,7.0],"angle":45.0,"axis":"z"}},{"from":[1.0,8.0,2.5],"to":[14.5,9.5,10.5],"faces":{"east":{"uv":[9.3125,3.375,9.8125,3.46875],"tintindex":0,"rotation":0,"texture":"#0"},"south":{"uv":[8.875,2.0,9.71875,2.09375],"tintindex":0,"rotation":0,"texture":"#0"},"north":{"uv":[8.84375,7.71875,9.6875,7.8125],"tintindex":0,"rotation":0,"texture":"#0"},"west":{"uv":[9.3125,3.46875,9.8125,3.5625],"tintindex":0,"rotation":0,"texture":"#0"},"up":{"uv":[4.4375,0.5,3.59375,0.0],"tintindex":0,"rotation":0,"texture":"#0"},"down":{"uv":[4.53125,2.03125,3.6875,2.53125],"tintindex":0,"rotation":0,"texture":"#0"}}},{"from":[17.0,11.5,1.0],"to":[19.0,15.5,1.0],"faces":{"south":{"uv":[4.125,7.0625,4.25,7.3125],"tintindex":0,"rotation":0,"texture":"#0"},"north":{"uv":[4.8125,6.75,4.9375,7.0],"tintindex":0,"rotation":0,"texture":"#0"}},"rotation":{"origin":[4.25,13.75,0.75],"angle":-22.5,"axis":"z"}},{"from":[2.0,18.0,8.0],"to":[2.5,20.0,10.0],"faces":{"east":{"uv":[9.53125,8.5,9.65625,8.625],"tintindex":0,"rotation":0,"texture":"#0"},"south":{"uv":[2.84375,0.90625,2.875,1.03125],"tintindex":0,"rotation":0,"texture":"#0"},"north":{"uv":[1.125,1.9375,1.15625,2.0625],"tintindex":0,"rotation":0,"texture":"#0"},"west":{"uv":[9.5625,6.0,9.6875,6.125],"tintindex":0,"rotation":0,"texture":"#0"},"up":{"uv":[1.4375,2.96875,1.40625,2.84375],"tintindex":0,"rotation":0,"texture":"#0"},"down":{"uv":[4.46875,0.90625,4.4375,1.03125],"tintindex":0,"rotation":0,"texture":"#0"}}},{"from":[4.5,16.851429,4.225746],"to":[11.5,19.351429,9.725746],"faces":{"east":{"uv":[0.4375,6.0,0.78125,6.15625],"tintindex":0,"rotation":0,"texture":"#0"},"south":{"uv":[9.03125,6.65625,9.46875,6.8125],"tintindex":0,"rotation":0,"texture":"#0"},"north":{"uv":[8.9375,8.5,9.375,8.65625],"tintindex":0,"rotation":0,"texture":"#0"},"west":{"uv":[9.25,3.21875,9.59375,3.375],"tintindex":0,"rotation":0,"texture":"#0"},"up":{"uv":[8.3125,1.34375,7.875,1.0],"tintindex":0,"rotation":0,"texture":"#0"},"down":{"uv":[7.5,7.875,7.0625,8.21875],"tintindex":0,"rotation":0,"texture":"#0"}},"rotation":{"origin":[8.0,18.101429,6.475746],"angle":-22.5,"axis":"x"}},{"from":[1.5,9.5,0.0],"to":[8.5,16.5,2.5],"faces":{"east":{"uv":[0.3125,4.75,0.46875,5.1875],"tintindex":0,"rotation":0,"texture":"#0"},"south":{"uv":[3.25,7.0625,3.6875,7.5],"tintindex":0,"rotation":0,"texture":"#0"},"north":{"uv":[5.25,0.0,5.6875,0.4375],"tintindex":0,"rotation":0,"texture":"#0"},"west":{"uv":[4.875,2.96875,5.03125,3.40625],"tintindex":0,"rotation":0,"texture":"#0"},"up":{"uv":[9.28125,9.1875,8.84375,9.03125],"tintindex":0,"rotation":0,"texture":"#0"},"down":{"uv":[1.5625,9.0625,1.125,9.21875],"tintindex":0,"rotation":0,"texture":"#0"}},"rotation":{"origin":[4.25,13.75,0.75],"angle":-22.5,"axis":"z"}},{"from":[-1.0,17.75,5.5],"to":[2.0,20.25,5.5],"faces":{"south":{"uv":[9.46875,2.875,9.65625,3.03125],"tintindex":0,"rotation":0,"texture":"#0"},"north":{"uv":[9.46875,1.125,9.65625,1.28125],"tintindex":0,"rotation":0,"texture":"#0"}},"rotation":{"origin":[0.5,19.0,5.5],"angle":-45.0,"axis":"x"}},{"from":[-1.0,17.75,9.0],"to":[2.0,20.25,9.0],"faces":{"south":{"uv":[9.5,4.6875,9.6875,4.84375],"tintindex":0,"rotation":0,"texture":"#0"},"north":{"uv":[9.46875,6.875,9.65625,7.03125],"tintindex":0,"rotation":0,"texture":"#0"}},"rotation":{"origin":[0.5,19.0,9.0],"angle":-45.0,"axis":"x"}},{"from":[-1.0,17.75,9.0],"to":[2.0,20.25,9.0],"faces":{"south":{"uv":[9.5,8.625,9.6875,8.78125],"tintindex":0,"rotation":0,"texture":"#0"},"north":{"uv":[9.5,5.09375,9.6875,5.25],"tintindex":0,"rotation":0,"texture":"#0"}}},{"from":[11.5,17.0,3.0],"to":[13.5,21.5,11.0],"faces":{"east":{"uv":[0.0,7.9375,0.5,8.21875],"tintindex":0,"rotation":0,"texture":"#0"},"south":{"uv":[2.5,8.5625,2.625,8.84375],"tintindex":0,"rotation":0,"texture":"#0"},"north":{"uv":[7.375,8.21875,7.5,8.5],"tintindex":0,"rotation":0,"texture":"#0"},"west":{"uv":[5.375,7.9375,5.875,8.21875],"tintindex":0,"rotation":0,"texture":"#0"},"up":{"uv":[5.15625,9.5625,5.03125,9.0625],"tintindex":0,"rotation":0,"texture":"#0"},"down":{"uv":[5.6875,9.125,5.5625,9.625],"tintindex":0,"rotation":0,"texture":"#0"}}},{"from":[1.5,9.5,11.0],"to":[8.5,16.5,13.5],"faces":{"east":{"uv":[2.875,5.15625,3.03125,5.59375],"tintindex":0,"rotation":0,"texture":"#0"},"south":{"uv":[7.09375,5.3125,7.53125,5.75],"tintindex":0,"rotation":0,"texture":"#0"},"north":{"uv":[3.6875,7.0625,4.125,7.5],"tintindex":0,"rotation":0,"texture":"#0"},"west":{"uv":[6.25,7.09375,6.40625,7.53125],"tintindex":0,"rotation":0,"texture":"#0"},"up":{"uv":[9.5,4.90625,9.0625,4.75],"tintindex":0,"rotation":0,"texture":"#0"},"down":{"uv":[9.5,5.15625,9.0625,5.3125],"tintindex":0,"rotation":0,"texture":"#0"}},"rotation":{"origin":[4.25,13.75,12.75],"angle":-22.5,"axis":"z"}},{"from":[17.211952,11.431927,0.5],"to":[17.211952,14.431927,13.5],"faces":{"east":{"uv":[7.78125,5.9375,8.59375,6.125],"tintindex":0,"rotation":0,"texture":"#0"},"west":{"uv":[7.8125,4.25,8.625,4.4375],"tintindex":0,"rotation":0,"texture":"#0"}}},{"from":[4.5,17.0,9.0],"to":[11.5,21.5,11.0],"faces":{"east":{"uv":[9.4375,9.21875,9.5625,9.5],"tintindex":0,"rotation":0,"texture":"#0"},"south":{"uv":[8.3125,1.21875,8.75,1.5],"tintindex":0,"rotation":0,"texture":"#0"},"north":{"uv":[8.25,6.125,8.6875,6.40625],"tintindex":0,"rotation":0,"texture":"#0"},"west":{"uv":[9.46875,2.09375,9.59375,2.375],"tintindex":0,"rotation":0,"texture":"#0"},"up":{"uv":[6.5,0.8125,6.0625,0.6875],"tintindex":0,"rotation":0,"texture":"#0"},"down":{"uv":[9.53125,6.15625,9.09375,6.28125],"tintindex":0,"rotation":0,"texture":"#0"}}}],"display":{"gui":{"rotation":[30,225,0]}}}