{"textures":{"2":"modelengine:entity/tower_skeleton_sword"},"elements":[{"from":[7.6,4.806816,-11.861317],"to":[7.6,11.556816,2.6386824],"faces":{"east":{"uv":[3.625,1.6875,0.0,3.375],"tintindex":0,"rotation":0,"texture":"#2"},"west":{"uv":[3.625,0.0,0.0,1.6875],"tintindex":0,"rotation":0,"texture":"#2"}}},{"from":[8.875,4.306816,3.8886824],"to":[9.375,5.806816,5.3886824],"faces":{"east":{"uv":[8.1875,1.0,8.5625,1.375],"tintindex":0,"rotation":0,"texture":"#2"},"south":{"uv":[3.125,8.125,3.25,8.5],"tintindex":0,"rotation":0,"texture":"#2"},"north":{"uv":[2.125,8.125,2.25,8.5],"tintindex":0,"rotation":0,"texture":"#2"},"west":{"uv":[8.1875,6.6875,8.5625,7.0625],"tintindex":0,"rotation":0,"texture":"#2"},"up":{"uv":[1.0,8.625,0.875,8.25],"tintindex":0,"rotation":0,"texture":"#2"},"down":{"uv":[5.8125,8.25,5.6875,8.625],"tintindex":0,"rotation":0,"texture":"#2"}}},{"from":[6.625,10.306816,3.8886824],"to":[7.125,11.806816,5.3886824],"faces":{"east":{"uv":[4.375,3.0,4.0,3.375],"tintindex":0,"rotation":0,"texture":"#2"},"south":{"uv":[4.125,7.5,4.0,7.875],"tintindex":0,"rotation":0,"texture":"#2"},"north":{"uv":[2.25,7.375,2.125,7.75],"tintindex":0,"rotation":0,"texture":"#2"},"west":{"uv":[4.0,3.0,3.625,3.375],"tintindex":0,"rotation":0,"texture":"#2"},"up":{"uv":[2.125,8.125,2.25,7.75],"tintindex":0,"rotation":0,"texture":"#2"},"down":{"uv":[7.6875,7.875,7.8125,8.25],"tintindex":0,"rotation":0,"texture":"#2"}}},{"from":[7.625,4.806816,-6.1113176],"to":[8.375,11.556816,2.6386824],"faces":{"east":{"uv":[0.0,3.375,2.1875,5.0625],"tintindex":0,"rotation":0,"texture":"#2"},"south":{"uv":[7.8125,7.3125,8.0,9.0],"tintindex":0,"rotation":0,"texture":"#2"},"north":{"uv":[6.375,7.5,6.5625,9.1875],"tintindex":0,"rotation":0,"texture":"#2"},"west":{"uv":[2.1875,3.375,4.375,5.0625],"tintindex":0,"rotation":0,"texture":"#2"},"up":{"uv":[2.75,8.875,2.5625,6.6875],"tintindex":0,"rotation":0,"texture":"#2"},"down":{"uv":[5.1875,7.4375,5.0,9.625],"tintindex":0,"rotation":0,"texture":"#2"}}},{"from":[6.875,7.056816,4.6386824],"to":[9.125,9.306816,9.388682],"faces":{"east":{"uv":[6.875,5.8125,8.0625,6.375],"tintindex":0,"rotation":0,"texture":"#2"},"south":{"uv":[7.625,1.0,8.1875,1.5625],"tintindex":0,"rotation":0,"texture":"#2"},"north":{"uv":[5.8125,7.5,6.375,8.0625],"tintindex":0,"rotation":0,"texture":"#2"},"west":{"uv":[8.0625,5.8125,6.875,6.375],"tintindex":0,"rotation":0,"texture":"#2"},"up":{"uv":[1.5625,8.5625,1.0,7.375],"tintindex":0,"rotation":0,"texture":"#2"},"down":{"uv":[1.0,7.375,1.5625,8.5625],"tintindex":0,"rotation":0,"texture":"#2"}}},{"from":[7.125,7.306816,11.138682],"to":[8.875,9.056816,13.138682],"faces":{"east":{"uv":[7.625,4.9375,8.125,5.375],"tintindex":0,"rotation":0,"texture":"#2"},"south":{"uv":[8.0625,5.8125,8.5,6.25],"tintindex":0,"rotation":0,"texture":"#2"},"north":{"uv":[7.625,6.375,8.0625,6.8125],"tintindex":0,"rotation":0,"texture":"#2"},"west":{"uv":[8.125,4.9375,7.625,5.375],"tintindex":0,"rotation":0,"texture":"#2"},"up":{"uv":[3.6875,8.4375,3.25,7.9375],"tintindex":0,"rotation":0,"texture":"#2"},"down":{"uv":[3.25,7.9375,3.6875,8.4375],"tintindex":0,"rotation":0,"texture":"#2"}}},{"from":[7.625,4.806816,-11.861317],"to":[8.375,6.806816,-6.1113176],"faces":{"east":{"uv":[6.875,3.3125,8.3125,3.8125],"tintindex":0,"rotation":0,"texture":"#2"},"south":{"uv":[8.3125,3.3125,8.5,3.8125],"tintindex":0,"rotation":0,"texture":"#2"},"north":{"uv":[8.3125,2.0,8.5,2.5],"tintindex":0,"rotation":0,"texture":"#2"},"west":{"uv":[6.875,3.8125,8.3125,4.3125],"tintindex":0,"rotation":0,"texture":"#2"},"up":{"uv":[7.5,9.3125,7.3125,7.875],"tintindex":0,"rotation":0,"texture":"#2"},"down":{"uv":[7.6875,7.875,7.5,9.3125],"tintindex":0,"rotation":0,"texture":"#2"}}},{"from":[8.125,8.306816,21.388683],"to":[8.875,9.056816,22.138683],"faces":{"east":{"uv":[6.0625,2.8125,6.25,3.0],"tintindex":0,"rotation":0,"texture":"#2"},"south":{"uv":[6.25,2.8125,6.4375,3.0],"tintindex":0,"rotation":0,"texture":"#2"},"north":{"uv":[5.875,2.8125,6.0625,3.0],"tintindex":0,"rotation":0,"texture":"#2"},"west":{"uv":[6.4375,2.8125,6.625,3.0],"tintindex":0,"rotation":0,"texture":"#2"},"up":{"uv":[6.8125,3.0,6.625,2.8125],"tintindex":0,"rotation":0,"texture":"#2"},"down":{"uv":[8.375,1.375,8.1875,1.5625],"tintindex":0,"rotation":0,"texture":"#2"}}},{"from":[7.125,8.306816,21.388683],"to":[7.875,9.056816,22.138683],"faces":{"east":{"uv":[6.625,2.8125,6.4375,3.0],"tintindex":0,"rotation":0,"texture":"#2"},"south":{"uv":[6.4375,2.8125,6.25,3.0],"tintindex":0,"rotation":0,"texture":"#2"},"north":{"uv":[6.0625,2.8125,5.875,3.0],"tintindex":0,"rotation":0,"texture":"#2"},"west":{"uv":[6.25,2.8125,6.0625,3.0],"tintindex":0,"rotation":0,"texture":"#2"},"up":{"uv":[6.625,3.0,6.8125,2.8125],"tintindex":0,"rotation":0,"texture":"#2"},"down":{"uv":[8.1875,1.375,8.375,1.5625],"tintindex":0,"rotation":0,"texture":"#2"}}},{"from":[7.125,7.306816,14.638682],"to":[8.875,9.056816,16.638683],"faces":{"east":{"uv":[7.625,4.9375,8.125,5.375],"tintindex":0,"rotation":0,"texture":"#2"},"south":{"uv":[8.0625,5.8125,8.5,6.25],"tintindex":0,"rotation":0,"texture":"#2"},"north":{"uv":[7.625,6.375,8.0625,6.8125],"tintindex":0,"rotation":0,"texture":"#2"},"west":{"uv":[8.125,4.9375,7.625,5.375],"tintindex":0,"rotation":0,"texture":"#2"},"up":{"uv":[3.6875,8.4375,3.25,7.9375],"tintindex":0,"rotation":0,"texture":"#2"},"down":{"uv":[3.25,7.9375,3.6875,8.4375],"tintindex":0,"rotation":0,"texture":"#2"}}},{"from":[7.625,8.138923,-8.506241],"to":[8.375,10.888923,-3.50624],"faces":{"east":{"uv":[1.0,6.6875,2.25,7.375],"tintindex":0,"rotation":0,"texture":"#2"},"south":{"uv":[8.1875,7.75,8.375,8.4375],"tintindex":0,"rotation":0,"texture":"#2"},"north":{"uv":[8.1875,7.0625,8.375,7.75],"tintindex":0,"rotation":0,"texture":"#2"},"west":{"uv":[5.375,6.8125,6.625,7.5],"tintindex":0,"rotation":0,"texture":"#2"},"up":{"uv":[7.9375,2.8125,7.75,1.5625],"tintindex":0,"rotation":0,"texture":"#2"},"down":{"uv":[8.125,1.5625,7.9375,2.8125],"tintindex":0,"rotation":0,"texture":"#2"}},"rotation":{"origin":[7.5,7.5139227,-4.13124],"angle":-45.0,"axis":"x"}},{"from":[7.125,3.306816,2.6386824],"to":[8.875,13.056816,6.6386824],"faces":{"east":{"uv":[4.375,5.0,5.375,7.4375],"tintindex":0,"rotation":0,"texture":"#2"},"south":{"uv":[3.6875,5.0625,4.125,7.5],"tintindex":0,"rotation":0,"texture":"#2"},"north":{"uv":[3.25,5.0625,3.6875,7.5],"tintindex":0,"rotation":0,"texture":"#2"},"west":{"uv":[5.375,5.0,4.375,7.4375],"tintindex":0,"rotation":0,"texture":"#2"},"up":{"uv":[4.5625,8.4375,4.125,7.4375],"tintindex":0,"rotation":0,"texture":"#2"},"down":{"uv":[5.0,7.4375,4.5625,8.4375],"tintindex":0,"rotation":0,"texture":"#2"}}},{"from":[8.875,10.306816,3.8886824],"to":[9.375,11.806816,5.3886824],"faces":{"east":{"uv":[3.625,3.0,4.0,3.375],"tintindex":0,"rotation":0,"texture":"#2"},"south":{"uv":[4.0,7.5,4.125,7.875],"tintindex":0,"rotation":0,"texture":"#2"},"north":{"uv":[2.125,7.375,2.25,7.75],"tintindex":0,"rotation":0,"texture":"#2"},"west":{"uv":[4.0,3.0,4.375,3.375],"tintindex":0,"rotation":0,"texture":"#2"},"up":{"uv":[2.25,8.125,2.125,7.75],"tintindex":0,"rotation":0,"texture":"#2"},"down":{"uv":[7.8125,7.875,7.6875,8.25],"tintindex":0,"rotation":0,"texture":"#2"}}},{"from":[7.125,7.306816,21.388683],"to":[7.875,8.056816,22.138683],"faces":{"east":{"uv":[6.625,3.0,6.4375,2.8125],"tintindex":0,"rotation":0,"texture":"#2"},"south":{"uv":[6.4375,3.0,6.25,2.8125],"tintindex":0,"rotation":0,"texture":"#2"},"north":{"uv":[6.0625,3.0,5.875,2.8125],"tintindex":0,"rotation":0,"texture":"#2"},"west":{"uv":[6.25,3.0,6.0625,2.8125],"tintindex":0,"rotation":0,"texture":"#2"},"up":{"uv":[8.1875,1.5625,8.375,1.375],"tintindex":0,"rotation":0,"texture":"#2"},"down":{"uv":[6.625,2.8125,6.8125,3.0],"tintindex":0,"rotation":0,"texture":"#2"}}},{"from":[7.375,7.556816,9.388682],"to":[8.625,8.806816,18.388683],"faces":{"east":{"uv":[6.875,4.3125,9.125,4.625],"tintindex":0,"rotation":0,"texture":"#2"},"south":{"uv":[5.375,8.25,5.6875,8.5625],"tintindex":0,"rotation":0,"texture":"#2"},"north":{"uv":[0.5625,8.25,0.875,8.5625],"tintindex":0,"rotation":0,"texture":"#2"},"west":{"uv":[6.875,4.625,9.125,4.9375],"tintindex":0,"rotation":0,"texture":"#2"},"up":{"uv":[3.0625,8.125,2.75,5.875],"tintindex":0,"rotation":0,"texture":"#2"},"down":{"uv":[2.5625,6.6875,2.25,8.9375],"tintindex":0,"rotation":0,"texture":"#2"}}},{"from":[7.125,7.306816,18.388683],"to":[8.875,9.056816,21.388683],"faces":{"east":{"uv":[6.875,6.375,7.625,6.8125],"tintindex":0,"rotation":0,"texture":"#2"},"south":{"uv":[8.125,1.5625,8.5625,2.0],"tintindex":0,"rotation":0,"texture":"#2"},"north":{"uv":[8.0625,6.25,8.5,6.6875],"tintindex":0,"rotation":0,"texture":"#2"},"west":{"uv":[7.625,6.375,6.875,6.8125],"tintindex":0,"rotation":0,"texture":"#2"},"up":{"uv":[1.0,8.25,0.5625,7.5],"tintindex":0,"rotation":0,"texture":"#2"},"down":{"uv":[0.5625,7.5,1.0,8.25],"tintindex":0,"rotation":0,"texture":"#2"}}},{"from":[8.125,7.306816,21.388683],"to":[8.875,8.056816,22.138683],"faces":{"east":{"uv":[6.0625,3.0,6.25,2.8125],"tintindex":0,"rotation":0,"texture":"#2"},"south":{"uv":[6.25,3.0,6.4375,2.8125],"tintindex":0,"rotation":0,"texture":"#2"},"north":{"uv":[5.875,3.0,6.0625,2.8125],"tintindex":0,"rotation":0,"texture":"#2"},"west":{"uv":[6.4375,3.0,6.625,2.8125],"tintindex":0,"rotation":0,"texture":"#2"},"up":{"uv":[8.375,1.5625,8.1875,1.375],"tintindex":0,"rotation":0,"texture":"#2"},"down":{"uv":[6.8125,2.8125,6.625,3.0],"tintindex":0,"rotation":0,"texture":"#2"}}},{"from":[6.625,4.306816,3.8886824],"to":[7.125,5.806816,5.3886824],"faces":{"east":{"uv":[8.5625,6.6875,8.1875,7.0625],"tintindex":0,"rotation":0,"texture":"#2"},"south":{"uv":[3.25,8.125,3.125,8.5],"tintindex":0,"rotation":0,"texture":"#2"},"north":{"uv":[2.25,8.125,2.125,8.5],"tintindex":0,"rotation":0,"texture":"#2"},"west":{"uv":[8.5625,1.0,8.1875,1.375],"tintindex":0,"rotation":0,"texture":"#2"},"up":{"uv":[0.875,8.625,1.0,8.25],"tintindex":0,"rotation":0,"texture":"#2"},"down":{"uv":[5.6875,8.25,5.8125,8.625],"tintindex":0,"rotation":0,"texture":"#2"}}},{"from":[8.4,4.806816,-11.861317],"to":[8.4,11.556816,2.6386824],"faces":{"east":{"uv":[0.0,0.0,3.625,1.6875],"tintindex":0,"rotation":0,"texture":"#2"},"west":{"uv":[0.0,1.6875,3.625,3.375],"tintindex":0,"rotation":0,"texture":"#2"}}}],"display":{"gui":{"rotation":[30,225,0]}}}