{"textures":{"0":"modelengine:entity/tower_skeleton_body"},"elements":[{"from":[3.5,7.5,-3.0],"to":[12.5,10.5,3.0000005],"faces":{"east":{"uv":[9.75,5.375,9.9375,5.46875],"tintindex":0,"rotation":0,"texture":"#0"},"south":{"uv":[8.96875,8.21875,9.25,8.3125],"tintindex":0,"rotation":0,"texture":"#0"},"north":{"uv":[7.6875,6.40625,7.96875,6.5],"tintindex":0,"rotation":0,"texture":"#0"},"west":{"uv":[9.75,5.46875,9.9375,5.5625],"tintindex":0,"rotation":0,"texture":"#0"},"up":{"uv":[8.3125,2.46875,8.03125,2.28125],"tintindex":0,"rotation":0,"texture":"#0"},"down":{"uv":[9.53125,4.15625,9.25,4.34375],"tintindex":0,"rotation":0,"texture":"#0"}},"rotation":{"origin":[8.0,9.0,2.0000005],"angle":-22.5,"axis":"x"}},{"from":[12.5,5.5,-3.0],"to":[12.5,7.5,3.0000005],"faces":{"east":{"uv":[7.40625,1.5625,7.59375,1.625],"tintindex":0,"rotation":0,"texture":"#0"},"west":{"uv":[8.28125,1.5,8.46875,1.5625],"tintindex":0,"rotation":0,"texture":"#0"}},"rotation":{"origin":[8.0,9.0,2.0000005],"angle":-22.5,"axis":"x"}},{"from":[1.5,8.4724045,-3.1934223],"to":[14.5,17.472404,8.806578],"faces":{"east":{"uv":[3.15625,8.59375,3.53125,8.875],"tintindex":0,"rotation":0,"texture":"#0"},"south":{"uv":[8.53125,8.375,8.9375,8.65625],"tintindex":0,"rotation":0,"texture":"#0"},"north":{"uv":[8.53125,6.40625,8.9375,6.6875],"tintindex":0,"rotation":0,"texture":"#0"},"west":{"uv":[8.59375,4.96875,8.96875,5.25],"tintindex":0,"rotation":0,"texture":"#0"},"up":{"uv":[8.25,1.0,7.84375,0.625],"tintindex":0,"rotation":0,"texture":"#0"},"down":{"uv":[8.25,2.75,7.84375,3.125],"tintindex":0,"rotation":0,"texture":"#0"}}},{"from":[0.5,9.4724045,-5.1934223],"to":[15.5,15.4724045,2.8065777],"faces":{"east":{"uv":[7.28125,5.125,7.53125,5.3125],"tintindex":0,"rotation":0,"texture":"#0"},"south":{"uv":[5.1875,8.78125,5.65625,8.96875],"tintindex":0,"rotation":0,"texture":"#0"},"north":{"uv":[0.65625,8.78125,1.125,8.96875],"tintindex":0,"rotation":0,"texture":"#0"},"west":{"uv":[9.3125,5.9375,9.5625,6.125],"tintindex":0,"rotation":0,"texture":"#0"},"up":{"uv":[8.875,0.5625,8.40625,0.3125],"tintindex":0,"rotation":0,"texture":"#0"},"down":{"uv":[8.875,1.90625,8.40625,2.15625],"tintindex":0,"rotation":0,"texture":"#0"}}},{"from":[3.5,5.5,-3.0],"to":[3.5,7.5,3.0000005],"faces":{"east":{"uv":[2.25,4.6875,2.4375,4.75],"tintindex":0,"rotation":0,"texture":"#0"},"west":{"uv":[7.21875,2.75,7.40625,2.8125],"tintindex":0,"rotation":0,"texture":"#0"}},"rotation":{"origin":[8.0,9.0,2.0000005],"angle":-22.5,"axis":"x"}},{"from":[3.5,5.5,-3.0],"to":[12.5,7.5,-3.0],"faces":{"south":{"uv":[7.90625,0.5625,8.1875,0.625],"tintindex":0,"rotation":0,"texture":"#0"},"north":{"uv":[1.15625,5.65625,1.4375,5.71875],"tintindex":0,"rotation":0,"texture":"#0"}},"rotation":{"origin":[8.0,9.0,2.0000005],"angle":-22.5,"axis":"x"}}],"display":{"gui":{"rotation":[30,225,0]}}}