{"textures":{"0":"modelengine:entity/tower_skeleton_body"},"elements":[{"from":[9.522166,6.0,6.7201986],"to":[13.022166,10.0,10.720199],"faces":{"east":{"uv":[9.15625,0.0,9.40625,0.25],"tintindex":0,"rotation":0,"texture":"#0"},"south":{"uv":[9.28125,3.625,9.5,3.875],"tintindex":0,"rotation":0,"texture":"#0"},"north":{"uv":[9.25,6.8125,9.46875,7.0625],"tintindex":0,"rotation":0,"texture":"#0"},"west":{"uv":[0.25,9.15625,0.5,9.40625],"tintindex":0,"rotation":0,"texture":"#0"},"up":{"uv":[9.5,4.125,9.28125,3.875],"tintindex":0,"rotation":0,"texture":"#0"},"down":{"uv":[4.25,9.28125,4.03125,9.53125],"tintindex":0,"rotation":0,"texture":"#0"}},"rotation":{"origin":[12.350344,7.875,6.189449],"angle":0.0,"axis":"y"}},{"from":[14.5577,6.5,0.6846647],"to":[16.557701,9.0,7.1846647],"faces":{"east":{"uv":[9.125,4.53125,9.53125,4.6875],"tintindex":0,"rotation":0,"texture":"#0"},"south":{"uv":[9.75,0.84375,9.875,1.0],"tintindex":0,"rotation":0,"texture":"#0"},"north":{"uv":[9.75,0.0,9.875,0.15625],"tintindex":0,"rotation":0,"texture":"#0"},"west":{"uv":[9.125,7.25,9.53125,7.40625],"tintindex":0,"rotation":0,"texture":"#0"},"up":{"uv":[8.1875,9.59375,8.0625,9.1875],"tintindex":0,"rotation":0,"texture":"#0"},"down":{"uv":[3.0,9.21875,2.875,9.625],"tintindex":0,"rotation":0,"texture":"#0"}},"rotation":{"origin":[12.350344,7.875,6.189449],"angle":0.0,"axis":"y"}},{"from":[14.529118,9.25,3.4181223],"to":[14.529118,10.75,7.4181223],"faces":{"east":{"uv":[9.71875,2.0,9.96875,2.09375],"tintindex":0,"rotation":0,"texture":"#0"},"west":{"uv":[9.71875,5.8125,9.96875,5.90625],"tintindex":0,"rotation":0,"texture":"#0"}},"rotation":{"origin":[12.350344,7.875,6.189449],"angle":-45.0,"axis":"y"}},{"from":[9.522166,4.5,5.2201986],"to":[9.522166,11.5,12.220199],"faces":{"east":{"uv":[7.125,3.84375,7.5625,4.28125],"tintindex":0,"rotation":0,"texture":"#0"},"west":{"uv":[7.125,6.53125,7.5625,6.96875],"tintindex":0,"rotation":0,"texture":"#0"}},"rotation":{"origin":[12.350344,7.875,6.189449],"angle":0.0,"axis":"y"}},{"from":[15.5577,9.0,0.6846647],"to":[15.5577,10.5,4.6846647],"faces":{"east":{"uv":[9.0625,5.625,9.3125,5.71875],"tintindex":0,"rotation":0,"texture":"#0"},"west":{"uv":[9.6875,8.8125,9.9375,8.90625],"tintindex":0,"rotation":0,"texture":"#0"}},"rotation":{"origin":[12.350344,7.875,6.189449],"angle":0.0,"axis":"y"}},{"from":[12.529118,6.25,3.4181223],"to":[16.029118,9.25,8.918122],"faces":{"east":{"uv":[6.84375,9.09375,7.1875,9.28125],"tintindex":0,"rotation":0,"texture":"#0"},"south":{"uv":[9.34375,7.0625,9.5625,7.25],"tintindex":0,"rotation":0,"texture":"#0"},"north":{"uv":[9.34375,4.90625,9.5625,5.09375],"tintindex":0,"rotation":0,"texture":"#0"},"west":{"uv":[9.09375,7.8125,9.4375,8.0],"tintindex":0,"rotation":0,"texture":"#0"},"up":{"uv":[1.8125,9.03125,1.59375,8.6875],"tintindex":0,"rotation":0,"texture":"#0"},"down":{"uv":[5.875,8.78125,5.65625,9.125],"tintindex":0,"rotation":0,"texture":"#0"}},"rotation":{"origin":[12.350344,7.875,6.189449],"angle":-45.0,"axis":"y"}},{"from":[16.131725,7.83939,-6.1630945],"to":[16.131725,12.839394,-1.6630945],"faces":{"east":{"uv":[6.90625,8.78125,7.1875,9.09375],"tintindex":0,"rotation":0,"texture":"#0"},"west":{"uv":[7.1875,8.78125,7.46875,9.09375],"tintindex":0,"rotation":0,"texture":"#0"}},"rotation":{"origin":[16.131725,9.08939,-0.16309452],"angle":22.5,"axis":"y"}},{"from":[9.522166,10.0,8.720199],"to":[13.022166,11.5,8.720199],"faces":{"south":{"uv":[9.71875,5.90625,9.9375,6.0],"tintindex":0,"rotation":0,"texture":"#0"},"north":{"uv":[9.03125,6.8125,9.25,6.90625],"tintindex":0,"rotation":0,"texture":"#0"}},"rotation":{"origin":[12.350344,7.875,6.189449],"angle":0.0,"axis":"y"}},{"from":[8.5,7.0,8.5],"to":[11.5,9.0,10.5],"faces":{"east":{"uv":[9.75,5.5625,9.875,5.6875],"tintindex":0,"rotation":0,"texture":"#0"},"south":{"uv":[5.875,9.71875,6.0625,9.84375],"tintindex":0,"rotation":0,"texture":"#0"},"north":{"uv":[9.1875,0.8125,9.375,0.9375],"tintindex":0,"rotation":0,"texture":"#0"},"west":{"uv":[9.75,5.6875,9.875,5.8125],"tintindex":0,"rotation":0,"texture":"#0"},"up":{"uv":[6.25,9.84375,6.0625,9.71875],"tintindex":0,"rotation":0,"texture":"#0"},"down":{"uv":[6.4375,9.71875,6.25,9.84375],"tintindex":0,"rotation":0,"texture":"#0"}},"rotation":{"origin":[12.350344,7.875,6.189449],"angle":-22.5,"axis":"y"}},{"from":[15.0577,7.1702156,-2.18474],"to":[16.057701,9.670212,1.3152599],"faces":{"east":{"uv":[9.40625,6.46875,9.625,6.625],"tintindex":0,"rotation":0,"texture":"#0"},"south":{"uv":[9.875,4.75,9.9375,4.90625],"tintindex":0,"rotation":0,"texture":"#0"},"north":{"uv":[9.875,4.59375,9.9375,4.75],"tintindex":0,"rotation":0,"texture":"#0"},"west":{"uv":[9.4375,3.03125,9.65625,3.1875],"tintindex":0,"rotation":0,"texture":"#0"},"up":{"uv":[5.71875,4.5625,5.65625,4.34375],"tintindex":0,"rotation":0,"texture":"#0"},"down":{"uv":[7.125,7.5625,7.0625,7.78125],"tintindex":0,"rotation":0,"texture":"#0"}},"rotation":{"origin":[15.5577,8.420216,-0.68474007],"angle":22.5,"axis":"x"}}],"display":{"gui":{"rotation":[30,225,0]}}}