{"textures":{"0":"modelengine:entity/tower_skeleton_body"},"elements":[{"from":[-0.029117584,6.25,3.4181223],"to":[3.4708824,9.25,8.918122],"faces":{"east":{"uv":[9.09375,0.9375,9.4375,1.125],"tintindex":0,"rotation":0,"texture":"#0"},"south":{"uv":[9.3125,6.28125,9.53125,6.46875],"tintindex":0,"rotation":0,"texture":"#0"},"north":{"uv":[4.9375,6.28125,5.15625,6.46875],"tintindex":0,"rotation":0,"texture":"#0"},"west":{"uv":[9.09375,3.03125,9.4375,3.21875],"tintindex":0,"rotation":0,"texture":"#0"},"up":{"uv":[2.875,0.90625,2.65625,0.5625],"tintindex":0,"rotation":0,"texture":"#0"},"down":{"uv":[1.15625,6.15625,0.9375,6.5],"tintindex":0,"rotation":0,"texture":"#0"}},"rotation":{"origin":[3.6496568,7.875,6.189449],"angle":45.0,"axis":"y"}},{"from":[1.4708824,9.25,3.4181223],"to":[1.4708824,10.75,7.4181223],"faces":{"east":{"uv":[8.34375,5.84375,8.59375,5.9375],"tintindex":0,"rotation":0,"texture":"#0"},"west":{"uv":[8.6875,6.28125,8.9375,6.375],"tintindex":0,"rotation":0,"texture":"#0"}},"rotation":{"origin":[3.6496568,7.875,6.189449],"angle":45.0,"axis":"y"}},{"from":[-0.057700157,7.1702156,-2.18474],"to":[0.94229984,9.670212,1.3152599],"faces":{"east":{"uv":[6.03125,4.1875,6.25,4.34375],"tintindex":0,"rotation":0,"texture":"#0"},"south":{"uv":[4.53125,9.875,4.59375,10.03125],"tintindex":0,"rotation":0,"texture":"#0"},"north":{"uv":[6.375,9.84375,6.4375,10.0],"tintindex":0,"rotation":0,"texture":"#0"},"west":{"uv":[7.09375,5.75,7.3125,5.90625],"tintindex":0,"rotation":0,"texture":"#0"},"up":{"uv":[4.53125,1.9375,4.46875,1.71875],"tintindex":0,"rotation":0,"texture":"#0"},"down":{"uv":[5.25,4.5625,5.1875,4.78125],"tintindex":0,"rotation":0,"texture":"#0"}},"rotation":{"origin":[0.44229984,8.420216,-0.68474007],"angle":22.5,"axis":"x"}},{"from":[4.5,7.0,8.5],"to":[7.5,9.0,10.5],"faces":{"east":{"uv":[4.28125,9.59375,4.40625,9.71875],"tintindex":0,"rotation":0,"texture":"#0"},"south":{"uv":[6.25,5.90625,6.4375,6.03125],"tintindex":0,"rotation":0,"texture":"#0"},"north":{"uv":[2.65625,0.90625,2.84375,1.03125],"tintindex":0,"rotation":0,"texture":"#0"},"west":{"uv":[5.0,9.75,5.125,9.875],"tintindex":0,"rotation":0,"texture":"#0"},"up":{"uv":[8.59375,2.28125,8.40625,2.15625],"tintindex":0,"rotation":0,"texture":"#0"},"down":{"uv":[9.3125,7.40625,9.125,7.53125],"tintindex":0,"rotation":0,"texture":"#0"}},"rotation":{"origin":[3.6496568,7.875,6.189449],"angle":22.5,"axis":"y"}},{"from":[0.44229984,9.0,0.6846647],"to":[0.44229984,10.5,4.6846647],"faces":{"east":{"uv":[4.0,3.40625,4.25,3.5],"tintindex":0,"rotation":0,"texture":"#0"},"west":{"uv":[7.53125,5.65625,7.78125,5.75],"tintindex":0,"rotation":0,"texture":"#0"}},"rotation":{"origin":[3.6496568,7.875,6.189449],"angle":0.0,"axis":"y"}},{"from":[-0.13172531,7.83939,-6.1630945],"to":[-0.13172531,12.839394,-1.6630945],"faces":{"east":{"uv":[1.15625,5.34375,1.4375,5.65625],"tintindex":0,"rotation":0,"texture":"#0"},"west":{"uv":[4.53125,8.59375,4.8125,8.90625],"tintindex":0,"rotation":0,"texture":"#0"}},"rotation":{"origin":[-0.13172531,9.08939,-0.16309452],"angle":-22.5,"axis":"y"}},{"from":[-0.55770016,6.5,0.6846647],"to":[1.4422998,9.0,7.1846647],"faces":{"east":{"uv":[4.03125,9.125,4.4375,9.28125],"tintindex":0,"rotation":0,"texture":"#0"},"south":{"uv":[9.71875,6.3125,9.84375,6.46875],"tintindex":0,"rotation":0,"texture":"#0"},"north":{"uv":[5.59375,5.875,5.71875,6.03125],"tintindex":0,"rotation":0,"texture":"#0"},"west":{"uv":[9.125,4.375,9.53125,4.53125],"tintindex":0,"rotation":0,"texture":"#0"},"up":{"uv":[6.03125,2.71875,5.90625,2.3125],"tintindex":0,"rotation":0,"texture":"#0"},"down":{"uv":[6.1875,7.9375,6.0625,8.34375],"tintindex":0,"rotation":0,"texture":"#0"}},"rotation":{"origin":[3.6496568,7.875,6.189449],"angle":0.0,"axis":"y"}},{"from":[2.9778337,6.0,6.7201986],"to":[6.4778337,10.0,10.720199],"faces":{"east":{"uv":[8.40625,9.125,8.65625,9.375],"tintindex":0,"rotation":0,"texture":"#0"},"south":{"uv":[6.125,9.21875,6.34375,9.46875],"tintindex":0,"rotation":0,"texture":"#0"},"north":{"uv":[2.65625,9.21875,2.875,9.46875],"tintindex":0,"rotation":0,"texture":"#0"},"west":{"uv":[0.0,9.15625,0.25,9.40625],"tintindex":0,"rotation":0,"texture":"#0"},"up":{"uv":[6.5625,9.46875,6.34375,9.21875],"tintindex":0,"rotation":0,"texture":"#0"},"down":{"uv":[6.78125,9.25,6.5625,9.5],"tintindex":0,"rotation":0,"texture":"#0"}},"rotation":{"origin":[3.6496568,7.875,6.189449],"angle":0.0,"axis":"y"}},{"from":[2.9778337,10.0,8.720199],"to":[6.4778337,11.5,8.720199],"faces":{"south":{"uv":[2.84375,7.75,3.0625,7.84375],"tintindex":0,"rotation":0,"texture":"#0"},"north":{"uv":[6.90625,3.84375,7.125,3.9375],"tintindex":0,"rotation":0,"texture":"#0"}},"rotation":{"origin":[3.6496568,7.875,6.189449],"angle":0.0,"axis":"y"}},{"from":[6.4778337,4.5,5.2201986],"to":[6.4778337,11.5,12.220199],"faces":{"east":{"uv":[5.375,7.09375,5.8125,7.53125],"tintindex":0,"rotation":0,"texture":"#0"},"west":{"uv":[5.8125,7.09375,6.25,7.53125],"tintindex":0,"rotation":0,"texture":"#0"}},"rotation":{"origin":[3.6496568,7.875,6.189449],"angle":0.0,"axis":"y"}}],"display":{"gui":{"rotation":[30,225,0]}}}