{"textures":{"0":"modelengine:entity/tower_skeleton_body"},"elements":[{"from":[8.0,0.0,6.0],"to":[12.0,8.0,10.0],"faces":{"east":{"uv":[9.5,3.8125,9.625,4.0625],"tintindex":0,"rotation":0,"texture":"#0"},"south":{"uv":[6.5,9.5,6.625,9.75],"tintindex":0,"rotation":0,"texture":"#0"},"north":{"uv":[9.5,3.5625,9.625,3.8125],"tintindex":0,"rotation":0,"texture":"#0"},"west":{"uv":[6.625,9.5,6.75,9.75],"tintindex":0,"rotation":0,"texture":"#0"},"up":{"uv":[4.84375,9.96875,4.71875,9.84375],"tintindex":0,"rotation":0,"texture":"#0"},"down":{"uv":[6.0,9.84375,5.875,9.96875],"tintindex":0,"rotation":0,"texture":"#0"}}}],"display":{"gui":{"rotation":[30,225,0]}}}