{"textures":{"0":"modelengine:entity/tower_skeleton_body"},"elements":[{"from":[1.5,-13.5,1.5],"to":[14.5,-2.5,14.5],"faces":{"east":{"uv":[5.375,8.21875,5.78125,8.5625],"tintindex":0,"rotation":0,"texture":"#0"},"south":{"uv":[6.96875,8.21875,7.375,8.5625],"tintindex":0,"rotation":0,"texture":"#0"},"north":{"uv":[0.0,8.21875,0.40625,8.5625],"tintindex":0,"rotation":0,"texture":"#0"},"west":{"uv":[8.21875,8.03125,8.625,8.375],"tintindex":0,"rotation":0,"texture":"#0"},"up":{"uv":[7.96875,4.25,7.5625,3.84375],"tintindex":0,"rotation":0,"texture":"#0"},"down":{"uv":[7.96875,6.53125,7.5625,6.9375],"tintindex":0,"rotation":0,"texture":"#0"}}},{"from":[2.0,-13.5,2.0],"to":[14.0,12.5,14.0],"faces":{"east":{"uv":[5.6875,0.0,6.0625,0.8125],"tintindex":0,"rotation":0,"texture":"#0"},"south":{"uv":[1.15625,5.71875,1.53125,6.53125],"tintindex":0,"rotation":0,"texture":"#0"},"north":{"uv":[5.65625,3.53125,6.03125,4.34375],"tintindex":0,"rotation":0,"texture":"#0"},"west":{"uv":[1.53125,5.71875,1.90625,6.53125],"tintindex":0,"rotation":0,"texture":"#0"},"up":{"uv":[8.375,4.8125,8.0,4.4375],"tintindex":0,"rotation":0,"texture":"#0"},"down":{"uv":[8.375,7.3125,8.0,7.6875],"tintindex":0,"rotation":0,"texture":"#0"}}},{"from":[0.35194778,-13.5,14.271638],"to":[0.35194778,-2.5,20.271637],"faces":{"east":{"uv":[3.65625,9.125,3.84375,9.46875],"tintindex":0,"rotation":0,"texture":"#0"},"west":{"uv":[3.84375,9.125,4.03125,9.46875],"tintindex":0,"rotation":0,"texture":"#0"}},"rotation":{"origin":[0.35194778,-8.0,17.271637],"angle":-22.5,"axis":"y"}}],"display":{"gui":{"rotation":[30,225,0]}}}