{"textures":{"0":"modelengine:entity/tower_skeleton_body"},"elements":[{"from":[8.0,-1.9999981,5.5],"to":[13.0,8.0,10.5],"faces":{"east":{"uv":[9.375,0.25,9.53125,0.5625],"tintindex":0,"rotation":0,"texture":"#0"},"south":{"uv":[9.375,0.5625,9.53125,0.875],"tintindex":0,"rotation":0,"texture":"#0"},"north":{"uv":[9.28125,9.34375,9.4375,9.65625],"tintindex":0,"rotation":0,"texture":"#0"},"west":{"uv":[9.375,1.3125,9.53125,1.625],"tintindex":0,"rotation":0,"texture":"#0"},"up":{"uv":[9.875,4.96875,9.71875,4.8125],"tintindex":0,"rotation":0,"texture":"#0"},"down":{"uv":[5.3125,9.71875,5.15625,9.875],"tintindex":0,"rotation":0,"texture":"#0"}}}],"display":{"gui":{"rotation":[30,225,0]}}}