{"textures":{"0":"modelengine:entity/tower_skeleton_body"},"elements":[{"from":[1.7556019,1.4134178,14.25],"to":[4.755602,1.4134178,16.75],"faces":{"up":{"uv":[9.875,6.15625,9.6875,6.0],"tintindex":0,"rotation":0,"texture":"#0"},"down":{"uv":[9.875,6.15625,9.6875,6.3125],"tintindex":0,"rotation":0,"texture":"#0"}},"rotation":{"origin":[4.997836,1.5007381,14.454447],"angle":45.0,"axis":"y"}},{"from":[1.456644,0.25,10.2453985],"to":[4.456644,2.75,10.2453985],"faces":{"south":{"uv":[9.6875,4.65625,9.875,4.8125],"tintindex":0,"rotation":0,"texture":"#0"},"north":{"uv":[9.6875,4.5,9.875,4.65625],"tintindex":0,"rotation":0,"texture":"#0"}}},{"from":[6.303301,8.0,-0.18198013],"to":[8.803301,11.0,5.8180194],"faces":{"east":{"uv":[8.96875,8.03125,9.34375,8.21875],"tintindex":0,"rotation":0,"texture":"#0"},"south":{"uv":[9.4375,9.65625,9.59375,9.84375],"tintindex":0,"rotation":0,"texture":"#0"},"north":{"uv":[9.28125,9.65625,9.4375,9.84375],"tintindex":0,"rotation":0,"texture":"#0"},"west":{"uv":[7.46875,9.0,7.84375,9.1875],"tintindex":0,"rotation":0,"texture":"#0"},"up":{"uv":[7.71875,9.5625,7.5625,9.1875],"tintindex":0,"rotation":0,"texture":"#0"},"down":{"uv":[7.875,9.1875,7.71875,9.5625],"tintindex":0,"rotation":0,"texture":"#0"}},"rotation":{"origin":[10.303301,2.75,-1.1819801],"angle":-45.0,"axis":"y"}},{"from":[1.7556019,0.25,15.413417],"to":[4.755602,2.75,15.413417],"faces":{"south":{"uv":[9.6875,8.46875,9.875,8.625],"tintindex":0,"rotation":0,"texture":"#0"},"north":{"uv":[9.6875,8.3125,9.875,8.46875],"tintindex":0,"rotation":0,"texture":"#0"}},"rotation":{"origin":[4.997836,1.5007381,14.454447],"angle":45.0,"axis":"y"}},{"from":[1.7556019,1.4134178,-0.75],"to":[4.755602,1.4134178,1.75],"faces":{"up":{"uv":[9.875,1.53125,9.6875,1.375],"tintindex":0,"rotation":0,"texture":"#0"},"down":{"uv":[9.875,1.53125,9.6875,1.6875],"tintindex":0,"rotation":0,"texture":"#0"}},"rotation":{"origin":[4.997836,1.5007381,1.5455532],"angle":-45.0,"axis":"y"}},{"from":[2.0,11.049999,-3.5],"to":[10.0,11.049999,19.5],"faces":{"up":{"uv":[9.96875,1.4375,10.46875,0.0],"tintindex":0,"rotation":0,"texture":"#0"},"down":{"uv":[10.5,0.0,11.0,1.4375],"tintindex":0,"rotation":0,"texture":"#0"}}},{"from":[4.456644,0.5,4.2453985],"to":[4.956644,2.5,6.2453985],"faces":{"east":{"uv":[9.84375,9.1875,9.96875,9.3125],"tintindex":0,"rotation":0,"texture":"#0"},"south":{"uv":[1.8125,8.8125,1.84375,8.9375],"tintindex":0,"rotation":0,"texture":"#0"},"north":{"uv":[7.84375,8.78125,7.875,8.90625],"tintindex":0,"rotation":0,"texture":"#0"},"west":{"uv":[9.3125,9.84375,9.4375,9.96875],"tintindex":0,"rotation":0,"texture":"#0"},"up":{"uv":[8.90625,1.5,8.875,1.375],"tintindex":0,"rotation":0,"texture":"#0"},"down":{"uv":[7.875,8.90625,7.84375,9.03125],"tintindex":0,"rotation":0,"texture":"#0"}}},{"from":[2.5,8.0,1.0],"to":[5.0,11.0,15.0],"faces":{"east":{"uv":[7.5625,6.9375,8.4375,7.125],"tintindex":0,"rotation":0,"texture":"#0"},"south":{"uv":[9.71875,0.1875,9.875,0.375],"tintindex":0,"rotation":0,"texture":"#0"},"north":{"uv":[9.6875,8.625,9.84375,8.8125],"tintindex":0,"rotation":0,"texture":"#0"},"west":{"uv":[7.5625,7.125,8.4375,7.3125],"tintindex":0,"rotation":0,"texture":"#0"},"up":{"uv":[4.53125,9.125,4.375,8.25],"tintindex":0,"rotation":0,"texture":"#0"},"down":{"uv":[2.0,8.28125,1.84375,9.15625],"tintindex":0,"rotation":0,"texture":"#0"}}},{"from":[4.755602,0.5,-0.41341686],"to":[5.255602,2.5,1.5865827],"faces":{"east":{"uv":[8.71875,9.84375,8.84375,9.96875],"tintindex":0,"rotation":0,"texture":"#0"},"south":{"uv":[8.59375,2.15625,8.625,2.28125],"tintindex":0,"rotation":0,"texture":"#0"},"north":{"uv":[8.1875,8.5625,8.21875,8.6875],"tintindex":0,"rotation":0,"texture":"#0"},"west":{"uv":[9.1875,9.84375,9.3125,9.96875],"tintindex":0,"rotation":0,"texture":"#0"},"up":{"uv":[7.5,8.75,7.46875,8.625],"tintindex":0,"rotation":0,"texture":"#0"},"down":{"uv":[1.84375,8.6875,1.8125,8.8125],"tintindex":0,"rotation":0,"texture":"#0"}},"rotation":{"origin":[4.997836,1.5007381,1.5455532],"angle":-45.0,"axis":"y"}},{"from":[4.456644,0.5,9.2453985],"to":[4.956644,2.5,11.2453985],"faces":{"east":{"uv":[9.4375,9.84375,9.5625,9.96875],"tintindex":0,"rotation":0,"texture":"#0"},"south":{"uv":[1.15625,8.9375,1.1875,9.0625],"tintindex":0,"rotation":0,"texture":"#0"},"north":{"uv":[1.125,8.9375,1.15625,9.0625],"tintindex":0,"rotation":0,"texture":"#0"},"west":{"uv":[9.84375,9.625,9.96875,9.75],"tintindex":0,"rotation":0,"texture":"#0"},"up":{"uv":[1.21875,9.0625,1.1875,8.9375],"tintindex":0,"rotation":0,"texture":"#0"},"down":{"uv":[1.84375,8.9375,1.8125,9.0625],"tintindex":0,"rotation":0,"texture":"#0"}}},{"from":[1.7556019,0.25,0.58658266],"to":[4.755602,2.75,0.58658266],"faces":{"south":{"uv":[9.6875,1.21875,9.875,1.375],"tintindex":0,"rotation":0,"texture":"#0"},"north":{"uv":[9.6875,0.6875,9.875,0.84375],"tintindex":0,"rotation":0,"texture":"#0"}},"rotation":{"origin":[4.997836,1.5007381,1.5455532],"angle":-45.0,"axis":"y"}},{"from":[1.456644,0.25,5.2453985],"to":[4.456644,2.75,5.2453985],"faces":{"south":{"uv":[9.6875,4.03125,9.875,4.1875],"tintindex":0,"rotation":0,"texture":"#0"},"north":{"uv":[9.6875,1.6875,9.875,1.84375],"tintindex":0,"rotation":0,"texture":"#0"}}},{"from":[1.456644,1.4134178,3.9088159],"to":[4.456644,1.4134178,6.408816],"faces":{"up":{"uv":[9.875,4.34375,9.6875,4.1875],"tintindex":0,"rotation":0,"texture":"#0"},"down":{"uv":[9.875,4.34375,9.6875,4.5],"tintindex":0,"rotation":0,"texture":"#0"}}},{"from":[8.803301,-5.5,11.18198],"to":[11.803301,11.0,16.18198],"faces":{"east":{"uv":[4.625,4.78125,4.9375,5.8125],"tintindex":0,"rotation":0,"texture":"#0"},"south":{"uv":[7.03125,1.625,7.21875,2.65625],"tintindex":0,"rotation":0,"texture":"#0"},"north":{"uv":[1.5,7.03125,1.6875,8.0625],"tintindex":0,"rotation":0,"texture":"#0"},"west":{"uv":[4.9375,4.78125,5.25,5.8125],"tintindex":0,"rotation":0,"texture":"#0"},"up":{"uv":[1.3125,9.53125,1.125,9.21875],"tintindex":0,"rotation":0,"texture":"#0"},"down":{"uv":[1.5,9.21875,1.3125,9.53125],"tintindex":0,"rotation":0,"texture":"#0"}},"rotation":{"origin":[10.303301,2.75,17.18198],"angle":45.0,"axis":"y"}},{"from":[4.755602,0.5,14.413417],"to":[5.255602,2.5,16.413418],"faces":{"east":{"uv":[9.84375,9.75,9.96875,9.875],"tintindex":0,"rotation":0,"texture":"#0"},"south":{"uv":[1.5625,9.0625,1.59375,9.1875],"tintindex":0,"rotation":0,"texture":"#0"},"north":{"uv":[7.84375,9.03125,7.875,9.15625],"tintindex":0,"rotation":0,"texture":"#0"},"west":{"uv":[9.875,0.0,10.0,0.125],"tintindex":0,"rotation":0,"texture":"#0"},"up":{"uv":[9.09375,5.96875,9.0625,5.84375],"tintindex":0,"rotation":0,"texture":"#0"},"down":{"uv":[5.5625,9.15625,5.53125,9.28125],"tintindex":0,"rotation":0,"texture":"#0"}},"rotation":{"origin":[4.997836,1.5007381,14.454447],"angle":45.0,"axis":"y"}},{"from":[5.0,-5.5,2.0],"to":[8.0,11.0,14.0],"faces":{"east":{"uv":[0.0,1.4375,0.75,2.46875],"tintindex":0,"rotation":0,"texture":"#0"},"south":{"uv":[6.40625,7.03125,6.59375,8.0625],"tintindex":0,"rotation":0,"texture":"#0"},"north":{"uv":[1.6875,7.03125,1.875,8.0625],"tintindex":0,"rotation":0,"texture":"#0"},"west":{"uv":[1.90625,0.0,2.65625,1.03125],"tintindex":0,"rotation":0,"texture":"#0"},"up":{"uv":[7.6875,8.78125,7.5,8.03125],"tintindex":0,"rotation":0,"texture":"#0"},"down":{"uv":[7.875,8.03125,7.6875,8.78125],"tintindex":0,"rotation":0,"texture":"#0"}}},{"from":[1.456644,1.4134178,8.908816],"to":[4.456644,1.4134178,11.408816],"faces":{"up":{"uv":[4.90625,9.84375,4.71875,9.6875],"tintindex":0,"rotation":0,"texture":"#0"},"down":{"uv":[9.875,5.03125,9.6875,5.1875],"tintindex":0,"rotation":0,"texture":"#0"}}},{"from":[8.803301,-5.5,-0.18198013],"to":[11.803301,11.0,4.8180194],"faces":{"east":{"uv":[4.0,4.75,4.3125,5.78125],"tintindex":0,"rotation":0,"texture":"#0"},"south":{"uv":[1.3125,7.03125,1.5,8.0625],"tintindex":0,"rotation":0,"texture":"#0"},"north":{"uv":[1.125,7.03125,1.3125,8.0625],"tintindex":0,"rotation":0,"texture":"#0"},"west":{"uv":[4.3125,4.78125,4.625,5.8125],"tintindex":0,"rotation":0,"texture":"#0"},"up":{"uv":[8.0625,9.5,7.875,9.1875],"tintindex":0,"rotation":0,"texture":"#0"},"down":{"uv":[8.96875,9.1875,8.78125,9.5],"tintindex":0,"rotation":0,"texture":"#0"}},"rotation":{"origin":[10.303301,2.75,-1.1819801],"angle":-45.0,"axis":"y"}},{"from":[6.303301,8.0,10.18198],"to":[8.803301,11.0,16.18198],"faces":{"east":{"uv":[2.65625,9.03125,3.03125,9.21875],"tintindex":0,"rotation":0,"texture":"#0"},"south":{"uv":[8.34375,9.6875,8.5,9.875],"tintindex":0,"rotation":0,"texture":"#0"},"north":{"uv":[7.1875,9.6875,7.34375,9.875],"tintindex":0,"rotation":0,"texture":"#0"},"west":{"uv":[6.25,9.03125,6.625,9.21875],"tintindex":0,"rotation":0,"texture":"#0"},"up":{"uv":[9.125,9.5625,8.96875,9.1875],"tintindex":0,"rotation":0,"texture":"#0"},"down":{"uv":[9.28125,9.1875,9.125,9.5625],"tintindex":0,"rotation":0,"texture":"#0"}},"rotation":{"origin":[10.303301,2.75,17.18198],"angle":45.0,"axis":"y"}}],"display":{"gui":{"rotation":[30,225,0]}}}