{"textures":{"0":"modelengine:entity/tower_skeleton_body"},"elements":[{"from":[-1.0,3.5,-0.5],"to":[17.0,12.5,10.5],"faces":{"east":{"uv":[0.3125,8.65625,0.65625,8.9375],"tintindex":0,"rotation":0,"texture":"#0"},"south":{"uv":[7.78125,5.65625,8.34375,5.9375],"tintindex":0,"rotation":0,"texture":"#0"},"north":{"uv":[7.5,7.75,8.0625,8.03125],"tintindex":0,"rotation":0,"texture":"#0"},"west":{"uv":[8.53125,8.65625,8.875,8.9375],"tintindex":0,"rotation":0,"texture":"#0"},"up":{"uv":[7.46875,3.5,6.90625,3.15625],"tintindex":0,"rotation":0,"texture":"#0"},"down":{"uv":[7.46875,3.5,6.90625,3.84375],"tintindex":0,"rotation":0,"texture":"#0"}}}],"display":{"gui":{"rotation":[30,225,0]}}}