{"textures":{"0":"modelengine:entity/tower_skeleton_body"},"elements":[{"from":[-9.5,1.2499962,7.0],"to":[-3.5,6.25,7.0],"faces":{"south":{"uv":[9.625,3.71875,9.8125,3.875],"tintindex":0,"rotation":0,"texture":"#0"},"north":{"uv":[9.625,3.5625,9.8125,3.71875],"tintindex":0,"rotation":0,"texture":"#0"}}},{"from":[0.5,-15.250004,-6.0],"to":[15.5,7.75,10.0],"faces":{"east":{"uv":[3.4375,4.03125,3.9375,4.75],"tintindex":0,"rotation":0,"texture":"#0"},"south":{"uv":[0.96875,4.625,1.4375,5.34375],"tintindex":0,"rotation":0,"texture":"#0"},"north":{"uv":[0.5,4.625,0.96875,5.34375],"tintindex":0,"rotation":0,"texture":"#0"},"west":{"uv":[3.9375,4.03125,4.4375,4.75],"tintindex":0,"rotation":0,"texture":"#0"},"up":{"uv":[0.46875,7.15625,0.0,6.65625],"tintindex":0,"rotation":0,"texture":"#0"},"down":{"uv":[0.9375,6.65625,0.46875,7.15625],"tintindex":0,"rotation":0,"texture":"#0"}}},{"from":[-2.5,-0.2500038,-7.0],"to":[6.5,7.75,11.0],"faces":{"east":{"uv":[7.96875,6.65625,8.53125,6.90625],"tintindex":0,"rotation":0,"texture":"#0"},"south":{"uv":[4.53125,8.90625,4.8125,9.15625],"tintindex":0,"rotation":0,"texture":"#0"},"north":{"uv":[8.1875,8.78125,8.46875,9.03125],"tintindex":0,"rotation":0,"texture":"#0"},"west":{"uv":[8.0,4.8125,8.5625,5.0625],"tintindex":0,"rotation":0,"texture":"#0"},"up":{"uv":[4.625,8.25,4.34375,7.6875],"tintindex":0,"rotation":0,"texture":"#0"},"down":{"uv":[8.03125,1.90625,7.75,2.46875],"tintindex":0,"rotation":0,"texture":"#0"}}},{"from":[-3.5,1.7499962,-3.0],"to":[-2.5,5.75,1.0],"faces":{"east":{"uv":[9.8125,8.1875,9.9375,8.3125],"tintindex":0,"rotation":0,"texture":"#0"},"south":{"uv":[6.90625,7.40625,6.9375,7.53125],"tintindex":0,"rotation":0,"texture":"#0"},"north":{"uv":[7.375,1.0,7.40625,1.125],"tintindex":0,"rotation":0,"texture":"#0"},"west":{"uv":[9.8125,9.375,9.9375,9.5],"tintindex":0,"rotation":0,"texture":"#0"},"up":{"uv":[4.625,7.5625,4.59375,7.4375],"tintindex":0,"rotation":0,"texture":"#0"},"down":{"uv":[6.40625,7.53125,6.375,7.65625],"tintindex":0,"rotation":0,"texture":"#0"}}},{"from":[-9.5,1.2499962,-1.0],"to":[-3.5,6.25,-1.0],"faces":{"south":{"uv":[2.125,9.625,2.3125,9.78125],"tintindex":0,"rotation":0,"texture":"#0"},"north":{"uv":[1.9375,9.625,2.125,9.78125],"tintindex":0,"rotation":0,"texture":"#0"}}},{"from":[-9.5,-2.7500038,3.0],"to":[-3.5,2.2499962,3.0],"faces":{"south":{"uv":[2.78125,9.625,2.96875,9.78125],"tintindex":0,"rotation":0,"texture":"#0"},"north":{"uv":[2.3125,9.625,2.5,9.78125],"tintindex":0,"rotation":0,"texture":"#0"}},"rotation":{"origin":[-6.5,3.75,3.0],"angle":45.0,"axis":"x"}},{"from":[-3.5,1.7499962,5.0],"to":[-2.5,5.75,9.0],"faces":{"east":{"uv":[9.8125,9.5,9.9375,9.625],"tintindex":0,"rotation":0,"texture":"#0"},"south":{"uv":[6.375,7.65625,6.40625,7.78125],"tintindex":0,"rotation":0,"texture":"#0"},"north":{"uv":[4.59375,7.5625,4.625,7.6875],"tintindex":0,"rotation":0,"texture":"#0"},"west":{"uv":[9.84375,1.0,9.96875,1.125],"tintindex":0,"rotation":0,"texture":"#0"},"up":{"uv":[6.40625,7.90625,6.375,7.78125],"tintindex":0,"rotation":0,"texture":"#0"},"down":{"uv":[4.0625,7.84375,4.03125,7.96875],"tintindex":0,"rotation":0,"texture":"#0"}}},{"from":[-9.5,5.25,3.0],"to":[-3.5,10.25,3.0],"faces":{"south":{"uv":[5.53125,9.625,5.71875,9.78125],"tintindex":0,"rotation":0,"texture":"#0"},"north":{"uv":[9.625,3.875,9.8125,4.03125],"tintindex":0,"rotation":0,"texture":"#0"}},"rotation":{"origin":[-6.5,3.75,3.0],"angle":45.0,"axis":"x"}}],"display":{"gui":{"rotation":[30,225,0]}}}