{"textures":{"0":"modelengine:entity/tower_skeleton_body"},"elements":[{"from":[8.0,-1.9999981,5.5],"to":[13.0,8.0,10.5],"faces":{"east":{"uv":[9.34375,8.0,9.5,8.3125],"tintindex":0,"rotation":0,"texture":"#0"},"south":{"uv":[8.1875,9.34375,8.34375,9.65625],"tintindex":0,"rotation":0,"texture":"#0"},"north":{"uv":[1.65625,9.34375,1.8125,9.65625],"tintindex":0,"rotation":0,"texture":"#0"},"west":{"uv":[9.34375,8.65625,9.5,8.96875],"tintindex":0,"rotation":0,"texture":"#0"},"up":{"uv":[4.4375,9.875,4.28125,9.71875],"tintindex":0,"rotation":0,"texture":"#0"},"down":{"uv":[4.59375,9.71875,4.4375,9.875],"tintindex":0,"rotation":0,"texture":"#0"}}}],"display":{"gui":{"rotation":[30,225,0]}}}