{"textures":{"0":"modelengine:entity/tower_skeleton_body"},"elements":[{"from":[8.0,0.0,6.0],"to":[12.0,8.0,10.0],"faces":{"east":{"uv":[9.5,7.8125,9.625,8.0625],"tintindex":0,"rotation":0,"texture":"#0"},"south":{"uv":[7.875,9.5,8.0,9.75],"tintindex":0,"rotation":0,"texture":"#0"},"north":{"uv":[7.34375,9.5,7.46875,9.75],"tintindex":0,"rotation":0,"texture":"#0"},"west":{"uv":[9.5,8.0625,9.625,8.3125],"tintindex":0,"rotation":0,"texture":"#0"},"up":{"uv":[6.125,9.96875,6.0,9.84375],"tintindex":0,"rotation":0,"texture":"#0"},"down":{"uv":[6.25,9.84375,6.125,9.96875],"tintindex":0,"rotation":0,"texture":"#0"}}}],"display":{"gui":{"rotation":[30,225,0]}}}