{"textures":{"0":"modelengine:entity/tower_skeleton_body"},"elements":[{"from":[2.022108,-4.9050407,3.5],"to":[2.022108,-2.4050407,13.5],"faces":{"east":{"uv":[8.625,4.21875,9.25,4.375],"tintindex":0,"rotation":0,"texture":"#0"},"west":{"uv":[8.625,6.90625,9.25,7.0625],"tintindex":0,"rotation":0,"texture":"#0"}},"rotation":{"origin":[2.022108,-3.6550407,8.5],"angle":-22.5,"axis":"z"}},{"from":[2.5,-2.5,3.5],"to":[10.5,10.5,13.5],"faces":{"east":{"uv":[0.9375,3.0,1.5625,3.8125],"tintindex":0,"rotation":0,"texture":"#0"},"south":{"uv":[0.0,3.9375,0.5,4.75],"tintindex":0,"rotation":0,"texture":"#0"},"north":{"uv":[1.9375,3.875,2.4375,4.6875],"tintindex":0,"rotation":0,"texture":"#0"},"west":{"uv":[3.0625,2.1875,3.6875,3.0],"tintindex":0,"rotation":0,"texture":"#0"},"up":{"uv":[5.53125,3.25,5.03125,2.625],"tintindex":0,"rotation":0,"texture":"#0"},"down":{"uv":[1.9375,5.09375,1.4375,5.71875],"tintindex":0,"rotation":0,"texture":"#0"}}}],"display":{"gui":{"rotation":[30,225,0]}}}