{"textures":{"0":"modelengine:entity/tower_skeleton_body"},"elements":[{"from":[6.0,2.0,8.0],"to":[10.0,8.0,12.0],"faces":{"east":{"uv":[9.71875,9.1875,9.84375,9.375],"tintindex":0,"rotation":0,"texture":"#0"},"south":{"uv":[9.59375,9.71875,9.71875,9.90625],"tintindex":0,"rotation":0,"texture":"#0"},"north":{"uv":[9.71875,7.15625,9.84375,7.34375],"tintindex":0,"rotation":0,"texture":"#0"},"west":{"uv":[9.71875,9.71875,9.84375,9.90625],"tintindex":0,"rotation":0,"texture":"#0"},"up":{"uv":[1.84375,9.96875,1.71875,9.84375],"tintindex":0,"rotation":0,"texture":"#0"},"down":{"uv":[2.5625,9.84375,2.4375,9.96875],"tintindex":0,"rotation":0,"texture":"#0"}}}],"display":{"gui":{"rotation":[30,225,0]}}}