{"textures":{"0":"modelengine:entity/tower_skeleton_body"},"elements":[{"from":[4.5,-4.75,0.0],"to":[14.5,8.25,16.0],"faces":{"east":{"uv":[6.90625,1.21875,7.40625,1.625],"tintindex":0,"rotation":0,"texture":"#0"},"south":{"uv":[8.21875,8.375,8.53125,8.78125],"tintindex":0,"rotation":0,"texture":"#0"},"north":{"uv":[6.0625,8.34375,6.375,8.75],"tintindex":0,"rotation":0,"texture":"#0"},"west":{"uv":[2.75,6.90625,3.25,7.3125],"tintindex":0,"rotation":0,"texture":"#0"},"up":{"uv":[2.1875,8.28125,1.875,7.78125],"tintindex":0,"rotation":0,"texture":"#0"},"down":{"uv":[3.15625,7.84375,2.84375,8.34375],"tintindex":0,"rotation":0,"texture":"#0"}}},{"from":[0.35194778,-12.521637,0.0],"to":[0.35194778,-6.521637,16.0],"faces":{"east":{"uv":[8.6875,0.5625,9.1875,0.75],"tintindex":0,"rotation":0,"texture":"#0"},"west":{"uv":[8.6875,0.75,9.1875,0.9375],"tintindex":0,"rotation":0,"texture":"#0"}},"rotation":{"origin":[0.35194778,-9.521637,8.0],"angle":-22.5,"axis":"z"}},{"from":[1.5,-6.749998,0.0],"to":[4.5,9.25,16.0],"faces":{"east":{"uv":[0.4375,6.15625,0.9375,6.65625],"tintindex":0,"rotation":0,"texture":"#0"},"south":{"uv":[0.1875,9.40625,0.28125,9.90625],"tintindex":0,"rotation":0,"texture":"#0"},"north":{"uv":[0.09375,9.40625,0.1875,9.90625],"tintindex":0,"rotation":0,"texture":"#0"},"west":{"uv":[6.25,4.1875,6.75,4.6875],"tintindex":0,"rotation":0,"texture":"#0"},"up":{"uv":[0.375,9.90625,0.28125,9.40625],"tintindex":0,"rotation":0,"texture":"#0"},"down":{"uv":[0.46875,9.40625,0.375,9.90625],"tintindex":0,"rotation":0,"texture":"#0"}}}],"display":{"gui":{"rotation":[30,225,0]}}}