{"textures":{"0":"modelengine:entity/tower_skeleton_body"},"elements":[{"from":[0.1875,7.9583282,23.0],"to":[5.1875,7.9583282,29.0],"faces":{"up":{"uv":[4.5625,6.25,4.40625,6.0625],"tintindex":0,"rotation":0,"texture":"#0"},"down":{"uv":[4.40625,6.5625,4.25,6.75],"tintindex":0,"rotation":0,"texture":"#0"}},"rotation":{"origin":[2.6875,7.9583282,24.25],"angle":45.0,"axis":"z"}},{"from":[0.6875,5.9583282,22.0],"to":[4.6875,9.958328,23.0],"faces":{"east":{"uv":[5.03125,3.25,5.0625,3.375],"tintindex":0,"rotation":0,"texture":"#0"},"south":{"uv":[7.71875,9.75,7.84375,9.875],"tintindex":0,"rotation":0,"texture":"#0"},"north":{"uv":[7.59375,9.75,7.71875,9.875],"tintindex":0,"rotation":0,"texture":"#0"},"west":{"uv":[3.03125,5.15625,3.0625,5.28125],"tintindex":0,"rotation":0,"texture":"#0"},"up":{"uv":[3.0,2.21875,2.875,2.1875],"tintindex":0,"rotation":0,"texture":"#0"},"down":{"uv":[3.8125,2.96875,3.6875,3.0],"tintindex":0,"rotation":0,"texture":"#0"}}},{"from":[-2.3125,0.95832825,16.0],"to":[12.6875,21.958328,22.0],"faces":{"east":{"uv":[1.40625,8.40625,1.59375,9.0625],"tintindex":0,"rotation":0,"texture":"#0"},"south":{"uv":[5.1875,3.90625,5.65625,4.5625],"tintindex":0,"rotation":0,"texture":"#0"},"north":{"uv":[5.1875,3.25,5.65625,3.90625],"tintindex":0,"rotation":0,"texture":"#0"},"west":{"uv":[4.8125,8.40625,5.0,9.0625],"tintindex":0,"rotation":0,"texture":"#0"},"up":{"uv":[9.34375,2.0,8.875,1.8125],"tintindex":0,"rotation":0,"texture":"#0"},"down":{"uv":[9.34375,8.65625,8.875,8.84375],"tintindex":0,"rotation":0,"texture":"#0"}}},{"from":[0.1875,22.958328,8.0],"to":[5.1875,28.958328,8.0],"faces":{"south":{"uv":[5.8125,9.53125,5.96875,9.71875],"tintindex":0,"rotation":0,"texture":"#0"},"north":{"uv":[4.5625,9.53125,4.71875,9.71875],"tintindex":0,"rotation":0,"texture":"#0"}}},{"from":[4.1875,22.958328,12.0],"to":[9.1875,28.958328,12.0],"faces":{"south":{"uv":[9.53125,6.125,9.6875,6.3125],"tintindex":0,"rotation":0,"texture":"#0"},"north":{"uv":[5.96875,9.53125,6.125,9.71875],"tintindex":0,"rotation":0,"texture":"#0"}},"rotation":{"origin":[2.6875,25.958328,12.0],"angle":-45.0,"axis":"y"}},{"from":[0.6875,13.958328,-7.0],"to":[4.6875,17.958328,-6.0],"faces":{"east":{"uv":[4.53125,2.34375,4.5625,2.46875],"tintindex":0,"rotation":0,"texture":"#0"},"south":{"uv":[6.8125,9.75,6.9375,9.875],"tintindex":0,"rotation":0,"texture":"#0"},"north":{"uv":[6.6875,9.75,6.8125,9.875],"tintindex":0,"rotation":0,"texture":"#0"},"west":{"uv":[0.46875,4.75,0.5,4.875],"tintindex":0,"rotation":0,"texture":"#0"},"up":{"uv":[0.375,2.84375,0.25,2.8125],"tintindex":0,"rotation":0,"texture":"#0"},"down":{"uv":[0.5,2.8125,0.375,2.84375],"tintindex":0,"rotation":0,"texture":"#0"}}},{"from":[0.6875,21.958328,14.0],"to":[4.6875,22.958328,18.0],"faces":{"east":{"uv":[5.53125,3.21875,5.65625,3.25],"tintindex":0,"rotation":0,"texture":"#0"},"south":{"uv":[5.6875,1.0625,5.8125,1.09375],"tintindex":0,"rotation":0,"texture":"#0"},"north":{"uv":[5.34375,1.34375,5.46875,1.375],"tintindex":0,"rotation":0,"texture":"#0"},"west":{"uv":[2.875,5.75,3.0,5.78125],"tintindex":0,"rotation":0,"texture":"#0"},"up":{"uv":[2.0625,9.90625,1.9375,9.78125],"tintindex":0,"rotation":0,"texture":"#0"},"down":{"uv":[2.1875,9.78125,2.0625,9.90625],"tintindex":0,"rotation":0,"texture":"#0"}}},{"from":[0.1875,7.9583282,23.0],"to":[5.1875,7.9583282,29.0],"faces":{"up":{"uv":[7.28125,4.46875,7.125,4.28125],"tintindex":0,"rotation":0,"texture":"#0"},"down":{"uv":[9.6875,0.6875,9.53125,0.875],"tintindex":0,"rotation":0,"texture":"#0"}}},{"from":[0.1875,22.958328,16.0],"to":[5.1875,28.958328,16.0],"faces":{"south":{"uv":[9.5625,4.84375,9.71875,5.03125],"tintindex":0,"rotation":0,"texture":"#0"},"north":{"uv":[9.53125,8.3125,9.6875,8.5],"tintindex":0,"rotation":0,"texture":"#0"}}},{"from":[0.6875,5.9583282,-7.0],"to":[4.6875,9.958328,-6.0],"faces":{"east":{"uv":[4.53125,2.09375,4.5625,2.21875],"tintindex":0,"rotation":0,"texture":"#0"},"south":{"uv":[6.5625,9.75,6.6875,9.875],"tintindex":0,"rotation":0,"texture":"#0"},"north":{"uv":[6.4375,9.75,6.5625,9.875],"tintindex":0,"rotation":0,"texture":"#0"},"west":{"uv":[4.53125,2.21875,4.5625,2.34375],"tintindex":0,"rotation":0,"texture":"#0"},"up":{"uv":[0.125,2.84375,0.0,2.8125],"tintindex":0,"rotation":0,"texture":"#0"},"down":{"uv":[0.25,2.8125,0.125,2.84375],"tintindex":0,"rotation":0,"texture":"#0"}}},{"from":[0.6875,21.958328,-2.0],"to":[4.6875,22.958328,2.0],"faces":{"east":{"uv":[4.25,4.0,4.375,4.03125],"tintindex":0,"rotation":0,"texture":"#0"},"south":{"uv":[4.3125,4.75,4.4375,4.78125],"tintindex":0,"rotation":0,"texture":"#0"},"north":{"uv":[4.125,3.5,4.25,3.53125],"tintindex":0,"rotation":0,"texture":"#0"},"west":{"uv":[5.21875,1.34375,5.34375,1.375],"tintindex":0,"rotation":0,"texture":"#0"},"up":{"uv":[9.0625,9.875,8.9375,9.75],"tintindex":0,"rotation":0,"texture":"#0"},"down":{"uv":[9.1875,9.75,9.0625,9.875],"tintindex":0,"rotation":0,"texture":"#0"}}},{"from":[0.1875,22.958328,0.0],"to":[5.1875,28.958328,0.0],"faces":{"south":{"uv":[3.96875,9.53125,4.125,9.71875],"tintindex":0,"rotation":0,"texture":"#0"},"north":{"uv":[9.53125,1.65625,9.6875,1.84375],"tintindex":0,"rotation":0,"texture":"#0"}}},{"from":[0.6875,13.958328,22.0],"to":[4.6875,17.958328,23.0],"faces":{"east":{"uv":[0.46875,4.875,0.5,5.0],"tintindex":0,"rotation":0,"texture":"#0"},"south":{"uv":[7.46875,9.75,7.59375,9.875],"tintindex":0,"rotation":0,"texture":"#0"},"north":{"uv":[7.34375,9.75,7.46875,9.875],"tintindex":0,"rotation":0,"texture":"#0"},"west":{"uv":[0.46875,5.0,0.5,5.125],"tintindex":0,"rotation":0,"texture":"#0"},"up":{"uv":[0.625,2.84375,0.5,2.8125],"tintindex":0,"rotation":0,"texture":"#0"},"down":{"uv":[0.75,2.8125,0.625,2.84375],"tintindex":0,"rotation":0,"texture":"#0"}}},{"from":[0.1875,15.958328,23.0],"to":[5.1875,15.958328,29.0],"faces":{"up":{"uv":[9.6875,1.46875,9.53125,1.28125],"tintindex":0,"rotation":0,"texture":"#0"},"down":{"uv":[9.6875,1.46875,9.53125,1.65625],"tintindex":0,"rotation":0,"texture":"#0"}}},{"from":[-2.3125,14.958328,0.0],"to":[12.6875,21.958328,16.0],"faces":{"east":{"uv":[8.53125,6.6875,9.03125,6.90625],"tintindex":0,"rotation":0,"texture":"#0"},"south":{"uv":[8.59375,5.46875,9.0625,5.6875],"tintindex":0,"rotation":0,"texture":"#0"},"north":{"uv":[8.59375,5.25,9.0625,5.46875],"tintindex":0,"rotation":0,"texture":"#0"},"west":{"uv":[8.5625,4.75,9.0625,4.96875],"tintindex":0,"rotation":0,"texture":"#0"},"up":{"uv":[5.40625,7.0,4.9375,6.5],"tintindex":0,"rotation":0,"texture":"#0"},"down":{"uv":[1.40625,6.53125,0.9375,7.03125],"tintindex":0,"rotation":0,"texture":"#0"}}},{"from":[0.1875,15.958328,23.0],"to":[5.1875,15.958328,29.0],"faces":{"up":{"uv":[1.28125,9.71875,1.125,9.53125],"tintindex":0,"rotation":0,"texture":"#0"},"down":{"uv":[1.4375,9.53125,1.28125,9.71875],"tintindex":0,"rotation":0,"texture":"#0"}},"rotation":{"origin":[2.6875,15.958328,24.25],"angle":45.0,"axis":"z"}},{"from":[0.6875,21.958328,6.0],"to":[4.6875,22.958328,10.0],"faces":{"east":{"uv":[3.8125,2.96875,3.9375,3.0],"tintindex":0,"rotation":0,"texture":"#0"},"south":{"uv":[1.4375,3.84375,1.5625,3.875],"tintindex":0,"rotation":0,"texture":"#0"},"north":{"uv":[1.4375,3.8125,1.5625,3.84375],"tintindex":0,"rotation":0,"texture":"#0"},"west":{"uv":[4.0,3.5,4.125,3.53125],"tintindex":0,"rotation":0,"texture":"#0"},"up":{"uv":[7.96875,9.875,7.84375,9.75],"tintindex":0,"rotation":0,"texture":"#0"},"down":{"uv":[8.09375,9.75,7.96875,9.875],"tintindex":0,"rotation":0,"texture":"#0"}}},{"from":[0.6875,5.9583282,-7.0],"to":[4.6875,9.958328,-6.0],"faces":{"east":{"uv":[5.1875,0.4375,5.21875,0.5625],"tintindex":0,"rotation":0,"texture":"#0"},"south":{"uv":[2.3125,9.78125,2.4375,9.90625],"tintindex":0,"rotation":0,"texture":"#0"},"north":{"uv":[2.1875,9.78125,2.3125,9.90625],"tintindex":0,"rotation":0,"texture":"#0"},"west":{"uv":[5.1875,0.5625,5.21875,0.6875],"tintindex":0,"rotation":0,"texture":"#0"},"up":{"uv":[3.53125,5.8125,3.40625,5.78125],"tintindex":0,"rotation":0,"texture":"#0"},"down":{"uv":[3.65625,5.78125,3.53125,5.8125],"tintindex":0,"rotation":0,"texture":"#0"}}},{"from":[4.1875,22.958328,4.0],"to":[9.1875,28.958328,4.0],"faces":{"south":{"uv":[9.53125,4.25,9.6875,4.4375],"tintindex":0,"rotation":0,"texture":"#0"},"north":{"uv":[9.53125,4.0625,9.6875,4.25],"tintindex":0,"rotation":0,"texture":"#0"}},"rotation":{"origin":[2.6875,25.958328,4.0],"angle":-45.0,"axis":"y"}},{"from":[-3.8125,22.958328,4.0],"to":[1.1875,28.958328,4.0],"faces":{"south":{"uv":[9.53125,4.4375,9.6875,4.625],"tintindex":0,"rotation":0,"texture":"#0"},"north":{"uv":[4.40625,9.53125,4.5625,9.71875],"tintindex":0,"rotation":0,"texture":"#0"}},"rotation":{"origin":[2.6875,25.958328,4.0],"angle":-45.0,"axis":"y"}},{"from":[-2.3125,0.95832825,-6.0],"to":[12.6875,21.958328,0.0],"faces":{"east":{"uv":[2.0,8.28125,2.1875,8.9375],"tintindex":0,"rotation":0,"texture":"#0"},"south":{"uv":[2.40625,5.15625,2.875,5.8125],"tintindex":0,"rotation":0,"texture":"#0"},"north":{"uv":[1.9375,5.15625,2.40625,5.8125],"tintindex":0,"rotation":0,"texture":"#0"},"west":{"uv":[1.21875,8.40625,1.40625,9.0625],"tintindex":0,"rotation":0,"texture":"#0"},"up":{"uv":[9.3125,7.71875,8.84375,7.53125],"tintindex":0,"rotation":0,"texture":"#0"},"down":{"uv":[9.34375,0.3125,8.875,0.5],"tintindex":0,"rotation":0,"texture":"#0"}}}],"display":{"gui":{"rotation":[30,225,0]}}}