{"textures":{"0":"modelengine:entity/tower_skeleton_body"},"elements":[{"from":[2.0,-2.0,-10.0],"to":[14.0,5.0,-4.0],"faces":{"east":{"uv":[2.125,9.40625,2.3125,9.625],"tintindex":0,"rotation":0,"texture":"#0"},"south":{"uv":[8.9375,6.28125,9.3125,6.5],"tintindex":0,"rotation":0,"texture":"#0"},"north":{"uv":[8.9375,3.40625,9.3125,3.625],"tintindex":0,"rotation":0,"texture":"#0"},"west":{"uv":[2.3125,9.40625,2.5,9.625],"tintindex":0,"rotation":0,"texture":"#0"},"up":{"uv":[0.75,9.15625,0.375,8.96875],"tintindex":0,"rotation":0,"texture":"#0"},"down":{"uv":[1.125,8.96875,0.75,9.15625],"tintindex":0,"rotation":0,"texture":"#0"}}},{"from":[8.0,-2.0,-14.0],"to":[8.0,8.0,-4.0],"faces":{"east":{"uv":[8.625,3.40625,8.9375,3.71875],"tintindex":0,"rotation":0,"texture":"#0"},"west":{"uv":[6.59375,8.625,6.90625,8.9375],"tintindex":0,"rotation":0,"texture":"#0"}}},{"from":[2.0,-2.0,-4.0],"to":[14.0,8.0,14.0],"faces":{"east":{"uv":[7.46875,3.21875,8.03125,3.53125],"tintindex":0,"rotation":0,"texture":"#0"},"south":{"uv":[8.53125,3.75,8.90625,4.0625],"tintindex":0,"rotation":0,"texture":"#0"},"north":{"uv":[8.53125,1.5,8.90625,1.8125],"tintindex":0,"rotation":0,"texture":"#0"},"west":{"uv":[7.46875,3.53125,8.03125,3.84375],"tintindex":0,"rotation":0,"texture":"#0"},"up":{"uv":[7.125,4.5,6.75,3.9375],"tintindex":0,"rotation":0,"texture":"#0"},"down":{"uv":[4.625,6.75,4.25,7.3125],"tintindex":0,"rotation":0,"texture":"#0"}}}],"display":{"gui":{"rotation":[30,225,0]}}}