{"textures":{"0":"modelengine:entity/tower_skeleton_body"},"elements":[{"from":[5.5,1.9073486E-6,8.0],"to":[10.5,8.0,13.0],"faces":{"east":{"uv":[9.4375,5.3125,9.59375,5.5625],"tintindex":0,"rotation":0,"texture":"#0"},"south":{"uv":[7.1875,9.4375,7.34375,9.6875],"tintindex":0,"rotation":0,"texture":"#0"},"north":{"uv":[9.4375,0.875,9.59375,1.125],"tintindex":0,"rotation":0,"texture":"#0"},"west":{"uv":[9.4375,8.96875,9.59375,9.21875],"tintindex":0,"rotation":0,"texture":"#0"},"up":{"uv":[3.96875,9.875,3.8125,9.71875],"tintindex":0,"rotation":0,"texture":"#0"},"down":{"uv":[4.125,9.71875,3.96875,9.875],"tintindex":0,"rotation":0,"texture":"#0"}}}],"display":{"gui":{"rotation":[30,225,0]}}}