{"textures":{"0":"modelengine:entity/tower_skeleton_body"},"elements":[{"from":[5.0,5.500001,6.875],"to":[11.0,11.0,7.875],"faces":{"east":{"uv":[6.40625,6.65625,6.46875,7.0],"tintindex":0,"rotation":0,"texture":"#0"},"south":{"uv":[8.3125,0.875,8.6875,1.21875],"tintindex":0,"rotation":0,"texture":"#0"},"north":{"uv":[0.40625,8.3125,0.78125,8.65625],"tintindex":0,"rotation":0,"texture":"#0"},"west":{"uv":[0.875,7.15625,0.9375,7.5],"tintindex":0,"rotation":0,"texture":"#0"},"up":{"uv":[4.34375,0.5625,3.96875,0.5],"tintindex":0,"rotation":0,"texture":"#0"},"down":{"uv":[0.875,4.5625,0.5,4.625],"tintindex":0,"rotation":0,"texture":"#0"}},"rotation":{"origin":[8.0,8.25,7.375],"angle":-22.5,"axis":"x"}},{"from":[8.0,-1.9820099,4.46544],"to":[8.0,8.01799,7.96544],"faces":{"east":{"uv":[3.84375,8.1875,4.0625,8.8125],"tintindex":0,"rotation":0,"texture":"#0"},"west":{"uv":[2.625,8.25,2.84375,8.875],"tintindex":0,"rotation":0,"texture":"#0"}}},{"from":[4.5,1.0179901,7.96544],"to":[11.5,8.01799,16.965439],"faces":{"east":{"uv":[6.46875,1.9375,7.03125,2.375],"tintindex":0,"rotation":0,"texture":"#0"},"south":{"uv":[7.21875,1.625,7.65625,2.0625],"tintindex":0,"rotation":0,"texture":"#0"},"north":{"uv":[0.4375,7.15625,0.875,7.59375],"tintindex":0,"rotation":0,"texture":"#0"},"west":{"uv":[6.46875,2.375,7.03125,2.8125],"tintindex":0,"rotation":0,"texture":"#0"},"up":{"uv":[6.90625,3.375,6.46875,2.8125],"tintindex":0,"rotation":0,"texture":"#0"},"down":{"uv":[6.90625,3.375,6.46875,3.9375],"tintindex":0,"rotation":0,"texture":"#0"}}},{"from":[5.0,-4.98201,7.96544],"to":[11.0,1.0179901,15.46544],"faces":{"east":{"uv":[7.375,0.625,7.84375,1.0],"tintindex":0,"rotation":0,"texture":"#0"},"south":{"uv":[8.03125,5.0625,8.40625,5.4375],"tintindex":0,"rotation":0,"texture":"#0"},"north":{"uv":[4.8125,8.03125,5.1875,8.40625],"tintindex":0,"rotation":0,"texture":"#0"},"west":{"uv":[7.40625,1.0,7.875,1.375],"tintindex":0,"rotation":0,"texture":"#0"},"up":{"uv":[7.5,7.875,7.125,7.40625],"tintindex":0,"rotation":0,"texture":"#0"},"down":{"uv":[7.84375,2.75,7.46875,3.21875],"tintindex":0,"rotation":0,"texture":"#0"}}}],"display":{"gui":{"rotation":[30,225,0]}}}