{"textures":{"0":"modelengine:entity/tower_skeleton_body"},"elements":[{"from":[8.0,-1.9999981,5.5],"to":[13.0,8.0,10.5],"faces":{"east":{"uv":[4.75,9.375,4.90625,9.6875],"tintindex":0,"rotation":0,"texture":"#0"},"south":{"uv":[9.375,8.3125,9.53125,8.625],"tintindex":0,"rotation":0,"texture":"#0"},"north":{"uv":[9.375,1.625,9.53125,1.9375],"tintindex":0,"rotation":0,"texture":"#0"},"west":{"uv":[8.34375,9.375,8.5,9.6875],"tintindex":0,"rotation":0,"texture":"#0"},"up":{"uv":[5.46875,9.875,5.3125,9.71875],"tintindex":0,"rotation":0,"texture":"#0"},"down":{"uv":[5.875,9.71875,5.71875,9.875],"tintindex":0,"rotation":0,"texture":"#0"}}}],"display":{"gui":{"rotation":[30,225,0]}}}