{"textures":{"0":"modelengine:entity/tower_skeleton_body"},"elements":[{"from":[-4.0,9.0,11.5],"to":[2.5,12.5,11.5],"faces":{"south":{"uv":[5.875,8.75,6.28125,8.96875],"tintindex":0,"rotation":0,"texture":"#0"},"north":{"uv":[8.75,1.15625,9.15625,1.375],"tintindex":0,"rotation":0,"texture":"#0"}}},{"from":[-4.0,9.0,4.0],"to":[-4.0,12.5,11.5],"faces":{"east":{"uv":[8.625,2.8125,9.09375,3.03125],"tintindex":0,"rotation":0,"texture":"#0"},"west":{"uv":[8.625,3.03125,9.09375,3.25],"tintindex":0,"rotation":0,"texture":"#0"}}},{"from":[-4.5,5.0,7.0],"to":[-2.5,13.0,9.0],"faces":{"east":{"uv":[0.875,9.15625,1.0,9.65625],"tintindex":0,"rotation":0,"texture":"#0"},"south":{"uv":[1.0,9.15625,1.125,9.65625],"tintindex":0,"rotation":0,"texture":"#0"},"north":{"uv":[0.75,9.15625,0.875,9.65625],"tintindex":0,"rotation":0,"texture":"#0"},"west":{"uv":[1.8125,9.15625,1.9375,9.65625],"tintindex":0,"rotation":0,"texture":"#0"},"up":{"uv":[9.9375,8.0625,9.8125,7.9375],"tintindex":0,"rotation":0,"texture":"#0"},"down":{"uv":[9.9375,8.0625,9.8125,8.1875],"tintindex":0,"rotation":0,"texture":"#0"}}},{"from":[1.0,5.5,5.0],"to":[9.0,12.0,10.5],"faces":{"east":{"uv":[3.15625,8.1875,3.5,8.59375],"tintindex":0,"rotation":0,"texture":"#0"},"south":{"uv":[6.875,0.8125,7.375,1.21875],"tintindex":0,"rotation":0,"texture":"#0"},"north":{"uv":[2.25,6.84375,2.75,7.25],"tintindex":0,"rotation":0,"texture":"#0"},"west":{"uv":[3.5,8.1875,3.84375,8.59375],"tintindex":0,"rotation":0,"texture":"#0"},"up":{"uv":[8.0,7.75,7.5,7.40625],"tintindex":0,"rotation":0,"texture":"#0"},"down":{"uv":[8.03125,5.125,7.53125,5.46875],"tintindex":0,"rotation":0,"texture":"#0"}}},{"from":[-4.0,9.0,4.0],"to":[2.0,12.5,4.0],"faces":{"south":{"uv":[8.90625,3.71875,9.28125,3.9375],"tintindex":0,"rotation":0,"texture":"#0"},"north":{"uv":[3.53125,8.90625,3.90625,9.125],"tintindex":0,"rotation":0,"texture":"#0"}}},{"from":[-4.0,3.5,4.0],"to":[4.5,9.0,11.5],"faces":{"east":{"uv":[0.46875,7.59375,0.9375,7.9375],"tintindex":0,"rotation":0,"texture":"#0"},"south":{"uv":[7.28125,4.28125,7.8125,4.625],"tintindex":0,"rotation":0,"texture":"#0"},"north":{"uv":[7.21875,2.40625,7.75,2.75],"tintindex":0,"rotation":0,"texture":"#0"},"west":{"uv":[7.65625,1.5625,8.125,1.90625],"tintindex":0,"rotation":0,"texture":"#0"},"up":{"uv":[2.4375,6.75,1.90625,6.28125],"tintindex":0,"rotation":0,"texture":"#0"},"down":{"uv":[4.9375,6.28125,4.40625,6.75],"tintindex":0,"rotation":0,"texture":"#0"}}}],"display":{"gui":{"rotation":[30,225,0]}}}