{"textures":{"0":"modelengine:entity/tower_skeleton_body"},"elements":[{"from":[8.0,0.0,6.0],"to":[12.0,8.0,10.0],"faces":{"east":{"uv":[6.375,9.46875,6.5,9.71875],"tintindex":0,"rotation":0,"texture":"#0"},"south":{"uv":[9.46875,6.625,9.59375,6.875],"tintindex":0,"rotation":0,"texture":"#0"},"north":{"uv":[6.25,9.46875,6.375,9.71875],"tintindex":0,"rotation":0,"texture":"#0"},"west":{"uv":[9.46875,7.40625,9.59375,7.65625],"tintindex":0,"rotation":0,"texture":"#0"},"up":{"uv":[9.96875,2.96875,9.84375,2.84375],"tintindex":0,"rotation":0,"texture":"#0"},"down":{"uv":[9.96875,2.96875,9.84375,3.09375],"tintindex":0,"rotation":0,"texture":"#0"}}}],"display":{"gui":{"rotation":[30,225,0]}}}