{"textures":{"6":"modelengine:entity/tower_skeleton_shield"},"elements":[{"from":[2.0,2.0,7.0],"to":[14.0,14.0,9.0],"faces":{"east":{"uv":[0.25,1.0,0.3125,1.375],"tintindex":0,"rotation":0,"texture":"#6"},"south":{"uv":[3.125,3.5,3.5,3.875],"tintindex":0,"rotation":0,"texture":"#6"},"north":{"uv":[0.0625,0.0625,0.4375,0.4375],"tintindex":0,"rotation":0,"texture":"#6"},"west":{"uv":[0.3125,1.0,0.375,1.375],"tintindex":0,"rotation":0,"texture":"#6"},"up":{"uv":[1.3125,1.0625,0.9375,1.0],"tintindex":0,"rotation":0,"texture":"#6"},"down":{"uv":[1.4375,0.5,1.0625,0.5625],"tintindex":0,"rotation":0,"texture":"#6"}}}],"display":{"gui":{"rotation":[30,225,0]}}}