{"textures":{"6":"modelengine:entity/tower_skeleton_shield"},"elements":[{"from":[0.0,4.0,5.0],"to":[16.0,12.0,11.0],"faces":{"east":{"uv":[3.5625,3.8125,3.75,4.0625],"tintindex":0,"rotation":0,"texture":"#6"},"south":{"uv":[3.0625,3.5625,3.5625,3.8125],"tintindex":0,"rotation":0,"texture":"#6"},"north":{"uv":[3.0625,3.3125,3.5625,3.5625],"tintindex":0,"rotation":0,"texture":"#6"},"west":{"uv":[3.4375,4.1875,3.625,4.4375],"tintindex":0,"rotation":0,"texture":"#6"},"up":{"uv":[3.5625,4.0,3.0625,3.8125],"tintindex":0,"rotation":0,"texture":"#6"},"down":{"uv":[3.5625,4.0,3.0625,4.1875],"tintindex":0,"rotation":0,"texture":"#6"}}}],"display":{"gui":{"rotation":[30,225,0]}}}