{"textures":{"6":"modelengine:entity/tower_skeleton_shield"},"elements":[{"from":[2.0,4.0,6.0],"to":[14.0,12.0,10.0],"faces":{"east":{"uv":[2.875,4.0625,3.0,4.3125],"tintindex":0,"rotation":0,"texture":"#6"},"south":{"uv":[3.25,3.9375,3.625,4.1875],"tintindex":0,"rotation":0,"texture":"#6"},"north":{"uv":[3.75,3.3125,4.125,3.5625],"tintindex":0,"rotation":0,"texture":"#6"},"west":{"uv":[3.0,4.0625,3.125,4.3125],"tintindex":0,"rotation":0,"texture":"#6"},"up":{"uv":[4.125,3.9375,3.75,3.8125],"tintindex":0,"rotation":0,"texture":"#6"},"down":{"uv":[4.1875,3.9375,3.8125,4.0625],"tintindex":0,"rotation":0,"texture":"#6"}}}],"display":{"gui":{"rotation":[30,225,0]}}}