{"textures":{"6":"modelengine:entity/tower_skeleton_shield"},"elements":[{"from":[2.0,4.0,7.0],"to":[14.0,12.0,9.0],"faces":{"east":{"uv":[0.9375,1.0625,1.0,1.3125],"tintindex":0,"rotation":0,"texture":"#6"},"south":{"uv":[2.1875,0.6875,2.5625,0.9375],"tintindex":0,"rotation":0,"texture":"#6"},"north":{"uv":[0.4375,1.375,0.8125,1.625],"tintindex":0,"rotation":0,"texture":"#6"},"west":{"uv":[1.0,1.0625,1.0625,1.3125],"tintindex":0,"rotation":0,"texture":"#6"},"up":{"uv":[1.4375,0.625,1.0625,0.5625],"tintindex":0,"rotation":0,"texture":"#6"},"down":{"uv":[1.4375,0.625,1.0625,0.6875],"tintindex":0,"rotation":0,"texture":"#6"}}}],"display":{"gui":{"rotation":[30,225,0]}}}