{"textures":{"0":"modelengine:entity/tower_skeleton_body"},"elements":[{"from":[4.0,0.0,6.0],"to":[8.0,8.0,10.0],"faces":{"east":{"uv":[3.71875,9.46875,3.84375,9.71875],"tintindex":0,"rotation":0,"texture":"#0"},"south":{"uv":[3.84375,9.46875,3.96875,9.71875],"tintindex":0,"rotation":0,"texture":"#0"},"north":{"uv":[3.59375,9.46875,3.71875,9.71875],"tintindex":0,"rotation":0,"texture":"#0"},"west":{"uv":[5.15625,9.46875,5.28125,9.71875],"tintindex":0,"rotation":0,"texture":"#0"},"up":{"uv":[9.9375,3.84375,9.8125,3.71875],"tintindex":0,"rotation":0,"texture":"#0"},"down":{"uv":[9.9375,3.84375,9.8125,3.96875],"tintindex":0,"rotation":0,"texture":"#0"}}}],"display":{"gui":{"rotation":[30,225,0]}}}