{"textures":{"0":"modelengine:entity/tower_skeleton_body"},"elements":[{"from":[5.5,1.9073486E-6,8.0],"to":[10.5,8.0,13.0],"faces":{"east":{"uv":[3.0,9.40625,3.15625,9.65625],"tintindex":0,"rotation":0,"texture":"#0"},"south":{"uv":[3.15625,9.40625,3.3125,9.65625],"tintindex":0,"rotation":0,"texture":"#0"},"north":{"uv":[2.5,9.40625,2.65625,9.65625],"tintindex":0,"rotation":0,"texture":"#0"},"west":{"uv":[3.3125,9.40625,3.46875,9.65625],"tintindex":0,"rotation":0,"texture":"#0"},"up":{"uv":[9.875,0.53125,9.71875,0.375],"tintindex":0,"rotation":0,"texture":"#0"},"down":{"uv":[9.875,0.53125,9.71875,0.6875],"tintindex":0,"rotation":0,"texture":"#0"}}}],"display":{"gui":{"rotation":[30,225,0]}}}