{"textures":{"0":"modelengine:entity/tower_skeleton_body"},"elements":[{"from":[4.0,0.0,6.0],"to":[8.0,8.0,10.0],"faces":{"east":{"uv":[9.46875,2.625,9.59375,2.875],"tintindex":0,"rotation":0,"texture":"#0"},"south":{"uv":[2.65625,9.46875,2.78125,9.71875],"tintindex":0,"rotation":0,"texture":"#0"},"north":{"uv":[9.46875,2.375,9.59375,2.625],"tintindex":0,"rotation":0,"texture":"#0"},"west":{"uv":[3.46875,9.46875,3.59375,9.71875],"tintindex":0,"rotation":0,"texture":"#0"},"up":{"uv":[9.9375,3.59375,9.8125,3.46875],"tintindex":0,"rotation":0,"texture":"#0"},"down":{"uv":[9.9375,3.59375,9.8125,3.71875],"tintindex":0,"rotation":0,"texture":"#0"}}}],"display":{"gui":{"rotation":[30,225,0]}}}