{"textures":{"0":"modelengine:entity/tower_skeleton_body"},"elements":[{"from":[3.0,-1.9999981,5.5],"to":[8.0,8.0,10.5],"faces":{"east":{"uv":[9.3125,5.625,9.46875,5.9375],"tintindex":0,"rotation":0,"texture":"#0"},"south":{"uv":[9.3125,7.40625,9.46875,7.71875],"tintindex":0,"rotation":0,"texture":"#0"},"north":{"uv":[9.3125,2.71875,9.46875,3.03125],"tintindex":0,"rotation":0,"texture":"#0"},"west":{"uv":[1.5,9.34375,1.65625,9.65625],"tintindex":0,"rotation":0,"texture":"#0"},"up":{"uv":[3.65625,9.875,3.5,9.71875],"tintindex":0,"rotation":0,"texture":"#0"},"down":{"uv":[3.8125,9.71875,3.65625,9.875],"tintindex":0,"rotation":0,"texture":"#0"}}}],"display":{"gui":{"rotation":[30,225,0]}}}