{"textures":{"0":"modelengine:entity/tower_skeleton_body"},"elements":[{"from":[6.0,2.0,8.0],"to":[10.0,8.0,12.0],"faces":{"east":{"uv":[2.65625,9.71875,2.78125,9.90625],"tintindex":0,"rotation":0,"texture":"#0"},"south":{"uv":[4.59375,9.71875,4.71875,9.90625],"tintindex":0,"rotation":0,"texture":"#0"},"north":{"uv":[1.8125,9.65625,1.9375,9.84375],"tintindex":0,"rotation":0,"texture":"#0"},"west":{"uv":[9.71875,6.96875,9.84375,7.15625],"tintindex":0,"rotation":0,"texture":"#0"},"up":{"uv":[3.28125,9.9375,3.15625,9.8125],"tintindex":0,"rotation":0,"texture":"#0"},"down":{"uv":[9.9375,3.34375,9.8125,3.46875],"tintindex":0,"rotation":0,"texture":"#0"}}}],"display":{"gui":{"rotation":[30,225,0]}}}