{"textures":{"0":"modelengine:entity/tower_skeleton_body"},"elements":[{"from":[4.0,0.0,6.0],"to":[8.0,8.0,10.0],"faces":{"east":{"uv":[5.40625,9.46875,5.53125,9.71875],"tintindex":0,"rotation":0,"texture":"#0"},"south":{"uv":[9.46875,5.5625,9.59375,5.8125],"tintindex":0,"rotation":0,"texture":"#0"},"north":{"uv":[5.28125,9.46875,5.40625,9.71875],"tintindex":0,"rotation":0,"texture":"#0"},"west":{"uv":[6.125,9.46875,6.25,9.71875],"tintindex":0,"rotation":0,"texture":"#0"},"up":{"uv":[9.9375,6.59375,9.8125,6.46875],"tintindex":0,"rotation":0,"texture":"#0"},"down":{"uv":[9.9375,6.75,9.8125,6.875],"tintindex":0,"rotation":0,"texture":"#0"}}}],"display":{"gui":{"rotation":[30,225,0]}}}