{"textures":{"0":"modelengine:entity/tower_skeleton_body"},"elements":[{"from":[2.0,-2.0,-4.0],"to":[14.0,8.0,14.0],"faces":{"east":{"uv":[7.34375,0.0,7.90625,0.3125],"tintindex":0,"rotation":0,"texture":"#0"},"south":{"uv":[8.46875,7.5625,8.84375,7.875],"tintindex":0,"rotation":0,"texture":"#0"},"north":{"uv":[0.78125,8.46875,1.15625,8.78125],"tintindex":0,"rotation":0,"texture":"#0"},"west":{"uv":[7.34375,0.3125,7.90625,0.625],"tintindex":0,"rotation":0,"texture":"#0"},"up":{"uv":[1.125,2.0,0.75,1.4375],"tintindex":0,"rotation":0,"texture":"#0"},"down":{"uv":[2.25,6.75,1.875,7.3125],"tintindex":0,"rotation":0,"texture":"#0"}}},{"from":[2.0,-2.0,-10.0],"to":[14.0,5.0,-4.0],"faces":{"east":{"uv":[9.40625,0.0,9.59375,0.21875],"tintindex":0,"rotation":0,"texture":"#0"},"south":{"uv":[0.0,8.9375,0.375,9.15625],"tintindex":0,"rotation":0,"texture":"#0"},"north":{"uv":[8.90625,3.9375,9.28125,4.15625],"tintindex":0,"rotation":0,"texture":"#0"},"west":{"uv":[1.9375,9.40625,2.125,9.625],"tintindex":0,"rotation":0,"texture":"#0"},"up":{"uv":[9.3125,8.5,8.9375,8.3125],"tintindex":0,"rotation":0,"texture":"#0"},"down":{"uv":[8.84375,8.9375,8.46875,9.125],"tintindex":0,"rotation":0,"texture":"#0"}}},{"from":[8.0,-2.0,-14.0],"to":[8.0,8.0,-4.0],"faces":{"east":{"uv":[6.78125,5.3125,7.09375,5.625],"tintindex":0,"rotation":0,"texture":"#0"},"west":{"uv":[3.53125,8.59375,3.84375,8.90625],"tintindex":0,"rotation":0,"texture":"#0"}}}],"display":{"gui":{"rotation":[30,225,0]}}}