{"textures":{"0":"modelengine:entity/tower_skeleton_body"},"elements":[{"from":[11.5,-6.749998,0.0],"to":[14.5,9.25,16.0],"faces":{"east":{"uv":[3.40625,6.0625,3.90625,6.5625],"tintindex":0,"rotation":0,"texture":"#0"},"south":{"uv":[4.90625,9.375,5.0,9.875],"tintindex":0,"rotation":0,"texture":"#0"},"north":{"uv":[7.09375,9.28125,7.1875,9.78125],"tintindex":0,"rotation":0,"texture":"#0"},"west":{"uv":[3.90625,6.0625,4.40625,6.5625],"tintindex":0,"rotation":0,"texture":"#0"},"up":{"uv":[8.59375,9.875,8.5,9.375],"tintindex":0,"rotation":0,"texture":"#0"},"down":{"uv":[0.09375,9.40625,0.0,9.90625],"tintindex":0,"rotation":0,"texture":"#0"}}},{"from":[15.648052,-12.521637,0.0],"to":[15.648052,-6.521637,16.0],"faces":{"east":{"uv":[2.5,3.34375,3.0,3.53125],"tintindex":0,"rotation":0,"texture":"#0"},"west":{"uv":[8.625,7.34375,9.125,7.53125],"tintindex":0,"rotation":0,"texture":"#0"}},"rotation":{"origin":[15.648052,-9.521637,8.0],"angle":22.5,"axis":"z"}},{"from":[1.5,-4.75,0.0],"to":[11.5,8.25,16.0],"faces":{"east":{"uv":[6.84375,0.0,7.34375,0.40625],"tintindex":0,"rotation":0,"texture":"#0"},"south":{"uv":[2.84375,8.34375,3.15625,8.75],"tintindex":0,"rotation":0,"texture":"#0"},"north":{"uv":[8.3125,2.28125,8.625,2.6875],"tintindex":0,"rotation":0,"texture":"#0"},"west":{"uv":[6.84375,0.40625,7.34375,0.8125],"tintindex":0,"rotation":0,"texture":"#0"},"up":{"uv":[6.90625,7.53125,6.59375,7.03125],"tintindex":0,"rotation":0,"texture":"#0"},"down":{"uv":[2.84375,7.75,2.53125,8.25],"tintindex":0,"rotation":0,"texture":"#0"}}}],"display":{"gui":{"rotation":[30,225,0]}}}