{"textures":{"0":"modelengine:entity/tower_skeleton_body"},"elements":[{"from":[3.0,-1.9999981,5.5],"to":[8.0,8.0,10.5],"faces":{"east":{"uv":[4.25,9.28125,4.40625,9.59375],"tintindex":0,"rotation":0,"texture":"#0"},"south":{"uv":[9.28125,5.3125,9.4375,5.625],"tintindex":0,"rotation":0,"texture":"#0"},"north":{"uv":[3.90625,8.8125,4.0625,9.125],"tintindex":0,"rotation":0,"texture":"#0"},"west":{"uv":[6.78125,9.28125,6.9375,9.59375],"tintindex":0,"rotation":0,"texture":"#0"},"up":{"uv":[1.1875,9.875,1.03125,9.71875],"tintindex":0,"rotation":0,"texture":"#0"},"down":{"uv":[1.34375,9.71875,1.1875,9.875],"tintindex":0,"rotation":0,"texture":"#0"}}}],"display":{"gui":{"rotation":[30,225,0]}}}