{"textures":{"0":"modelengine:entity/tower_skeleton_body"},"elements":[{"from":[7.196699,8.0,-0.18198013],"to":[9.696699,11.0,5.8180194],"faces":{"east":{"uv":[8.96875,4.96875,9.34375,5.15625],"tintindex":0,"rotation":0,"texture":"#0"},"south":{"uv":[9.625,7.8125,9.78125,8.0],"tintindex":0,"rotation":0,"texture":"#0"},"north":{"uv":[6.9375,9.59375,7.09375,9.78125],"tintindex":0,"rotation":0,"texture":"#0"},"west":{"uv":[5.1875,8.96875,5.5625,9.15625],"tintindex":0,"rotation":0,"texture":"#0"},"up":{"uv":[4.59375,9.53125,4.4375,9.15625],"tintindex":0,"rotation":0,"texture":"#0"},"down":{"uv":[4.75,9.15625,4.59375,9.53125],"tintindex":0,"rotation":0,"texture":"#0"}},"rotation":{"origin":[5.696699,2.75,-1.1819801],"angle":45.0,"axis":"y"}},{"from":[11.543356,0.25,5.2453985],"to":[14.543356,2.75,5.2453985],"faces":{"south":{"uv":[9.625,9.5625,9.8125,9.71875],"tintindex":0,"rotation":0,"texture":"#0"},"north":{"uv":[9.625,9.40625,9.8125,9.5625],"tintindex":0,"rotation":0,"texture":"#0"}}},{"from":[11.043356,0.5,4.2453985],"to":[11.543356,2.5,6.2453985],"faces":{"east":{"uv":[9.84375,6.875,9.96875,7.0],"tintindex":0,"rotation":0,"texture":"#0"},"south":{"uv":[8.25,0.875,8.28125,1.0],"tintindex":0,"rotation":0,"texture":"#0"},"north":{"uv":[1.84375,8.0625,1.875,8.1875],"tintindex":0,"rotation":0,"texture":"#0"},"west":{"uv":[9.84375,7.0,9.96875,7.125],"tintindex":0,"rotation":0,"texture":"#0"},"up":{"uv":[8.3125,1.0,8.28125,0.875],"tintindex":0,"rotation":0,"texture":"#0"},"down":{"uv":[8.3125,1.34375,8.28125,1.46875],"tintindex":0,"rotation":0,"texture":"#0"}}},{"from":[11.244398,1.4134178,14.25],"to":[14.244398,1.4134178,16.75],"faces":{"up":{"uv":[9.84375,3.0,9.65625,2.84375],"tintindex":0,"rotation":0,"texture":"#0"},"down":{"uv":[3.15625,9.65625,2.96875,9.8125],"tintindex":0,"rotation":0,"texture":"#0"}},"rotation":{"origin":[11.002164,1.5007381,14.454447],"angle":-45.0,"axis":"y"}},{"from":[7.196699,8.0,10.18198],"to":[9.696699,11.0,16.18198],"faces":{"east":{"uv":[5.875,8.96875,6.25,9.15625],"tintindex":0,"rotation":0,"texture":"#0"},"south":{"uv":[9.65625,6.78125,9.8125,6.96875],"tintindex":0,"rotation":0,"texture":"#0"},"north":{"uv":[2.5,9.65625,2.65625,9.84375],"tintindex":0,"rotation":0,"texture":"#0"},"west":{"uv":[8.96875,7.0625,9.34375,7.25],"tintindex":0,"rotation":0,"texture":"#0"},"up":{"uv":[5.96875,9.53125,5.8125,9.15625],"tintindex":0,"rotation":0,"texture":"#0"},"down":{"uv":[6.125,9.15625,5.96875,9.53125],"tintindex":0,"rotation":0,"texture":"#0"}},"rotation":{"origin":[5.696699,2.75,17.18198],"angle":-45.0,"axis":"y"}},{"from":[5.5,11.049999,-3.5],"to":[13.5,11.049999,19.5],"faces":{"up":{"uv":[10.46875,1.4375,9.96875,0.0],"tintindex":0,"rotation":0,"texture":"#0"},"down":{"uv":[11.0,0.0,10.5,1.4375],"tintindex":0,"rotation":0,"texture":"#0"}}},{"from":[11.244398,1.4134178,-0.75],"to":[14.244398,1.4134178,1.75],"faces":{"up":{"uv":[9.8125,8.3125,9.625,8.15625],"tintindex":0,"rotation":0,"texture":"#0"},"down":{"uv":[8.78125,9.625,8.59375,9.78125],"tintindex":0,"rotation":0,"texture":"#0"}},"rotation":{"origin":[11.002164,1.5007381,1.5455532],"angle":45.0,"axis":"y"}},{"from":[11.543356,1.4134178,3.9088159],"to":[14.543356,1.4134178,6.408816],"faces":{"up":{"uv":[0.65625,9.8125,0.46875,9.65625],"tintindex":0,"rotation":0,"texture":"#0"},"down":{"uv":[0.84375,9.65625,0.65625,9.8125],"tintindex":0,"rotation":0,"texture":"#0"}}},{"from":[4.196699,-5.5,11.18198],"to":[7.196699,11.0,16.18198],"faces":{"east":{"uv":[3.375,4.75,3.6875,5.78125],"tintindex":0,"rotation":0,"texture":"#0"},"south":{"uv":[5.0,7.0,5.1875,8.03125],"tintindex":0,"rotation":0,"texture":"#0"},"north":{"uv":[4.8125,7.0,5.0,8.03125],"tintindex":0,"rotation":0,"texture":"#0"},"west":{"uv":[3.6875,4.75,4.0,5.78125],"tintindex":0,"rotation":0,"texture":"#0"},"up":{"uv":[9.375,0.8125,9.1875,0.5],"tintindex":0,"rotation":0,"texture":"#0"},"down":{"uv":[7.5625,9.1875,7.375,9.5],"tintindex":0,"rotation":0,"texture":"#0"}},"rotation":{"origin":[5.696699,2.75,17.18198],"angle":-45.0,"axis":"y"}},{"from":[11.543356,0.25,10.2453985],"to":[14.543356,2.75,10.2453985],"faces":{"south":{"uv":[9.65625,1.0625,9.84375,1.21875],"tintindex":0,"rotation":0,"texture":"#0"},"north":{"uv":[0.84375,9.65625,1.03125,9.8125],"tintindex":0,"rotation":0,"texture":"#0"}}},{"from":[11.244398,0.25,15.413417],"to":[14.244398,2.75,15.413417],"faces":{"south":{"uv":[3.15625,9.65625,3.34375,9.8125],"tintindex":0,"rotation":0,"texture":"#0"},"north":{"uv":[9.65625,3.0,9.84375,3.15625],"tintindex":0,"rotation":0,"texture":"#0"}},"rotation":{"origin":[11.002164,1.5007381,14.454447],"angle":-45.0,"axis":"y"}},{"from":[11.543356,1.4134178,8.908816],"to":[14.543356,1.4134178,11.408816],"faces":{"up":{"uv":[1.625,9.8125,1.4375,9.65625],"tintindex":0,"rotation":0,"texture":"#0"},"down":{"uv":[1.8125,9.65625,1.625,9.8125],"tintindex":0,"rotation":0,"texture":"#0"}}},{"from":[11.244398,0.25,0.58658266],"to":[14.244398,2.75,0.58658266],"faces":{"south":{"uv":[9.625,8.0,9.8125,8.15625],"tintindex":0,"rotation":0,"texture":"#0"},"north":{"uv":[9.625,6.46875,9.8125,6.625],"tintindex":0,"rotation":0,"texture":"#0"}},"rotation":{"origin":[11.002164,1.5007381,1.5455532],"angle":45.0,"axis":"y"}},{"from":[11.0,8.0,1.0],"to":[13.5,11.0,15.0],"faces":{"east":{"uv":[7.40625,1.375,8.28125,1.5625],"tintindex":0,"rotation":0,"texture":"#0"},"south":{"uv":[8.78125,9.65625,8.9375,9.84375],"tintindex":0,"rotation":0,"texture":"#0"},"north":{"uv":[8.1875,9.65625,8.34375,9.84375],"tintindex":0,"rotation":0,"texture":"#0"},"west":{"uv":[7.53125,5.46875,8.40625,5.65625],"tintindex":0,"rotation":0,"texture":"#0"},"up":{"uv":[4.21875,9.125,4.0625,8.25],"tintindex":0,"rotation":0,"texture":"#0"},"down":{"uv":[4.375,8.25,4.21875,9.125],"tintindex":0,"rotation":0,"texture":"#0"}}},{"from":[10.744398,0.5,-0.41341686],"to":[11.244398,2.5,1.5865827],"faces":{"east":{"uv":[6.25,9.84375,6.375,9.96875],"tintindex":0,"rotation":0,"texture":"#0"},"south":{"uv":[0.875,7.9375,0.90625,8.0625],"tintindex":0,"rotation":0,"texture":"#0"},"north":{"uv":[6.375,7.90625,6.40625,8.03125],"tintindex":0,"rotation":0,"texture":"#0"},"west":{"uv":[9.84375,6.3125,9.96875,6.4375],"tintindex":0,"rotation":0,"texture":"#0"},"up":{"uv":[0.9375,8.0625,0.90625,7.9375],"tintindex":0,"rotation":0,"texture":"#0"},"down":{"uv":[4.0625,7.96875,4.03125,8.09375],"tintindex":0,"rotation":0,"texture":"#0"}},"rotation":{"origin":[11.002164,1.5007381,1.5455532],"angle":45.0,"axis":"y"}},{"from":[4.196699,-5.5,-0.18198013],"to":[7.196699,11.0,4.8180194],"faces":{"east":{"uv":[0.0,4.75,0.3125,5.78125],"tintindex":0,"rotation":0,"texture":"#0"},"south":{"uv":[6.9375,6.53125,7.125,7.5625],"tintindex":0,"rotation":0,"texture":"#0"},"north":{"uv":[4.625,6.75,4.8125,7.78125],"tintindex":0,"rotation":0,"texture":"#0"},"west":{"uv":[3.0625,4.75,3.375,5.78125],"tintindex":0,"rotation":0,"texture":"#0"},"up":{"uv":[5.34375,9.46875,5.15625,9.15625],"tintindex":0,"rotation":0,"texture":"#0"},"down":{"uv":[5.53125,9.15625,5.34375,9.46875],"tintindex":0,"rotation":0,"texture":"#0"}},"rotation":{"origin":[5.696699,2.75,-1.1819801],"angle":45.0,"axis":"y"}},{"from":[10.744398,0.5,14.413417],"to":[11.244398,2.5,16.413418],"faces":{"east":{"uv":[8.21875,9.84375,8.34375,9.96875],"tintindex":0,"rotation":0,"texture":"#0"},"south":{"uv":[8.1875,8.4375,8.21875,8.5625],"tintindex":0,"rotation":0,"texture":"#0"},"north":{"uv":[8.4375,7.5625,8.46875,7.6875],"tintindex":0,"rotation":0,"texture":"#0"},"west":{"uv":[9.84375,8.625,9.96875,8.75],"tintindex":0,"rotation":0,"texture":"#0"},"up":{"uv":[7.5,8.625,7.46875,8.5],"tintindex":0,"rotation":0,"texture":"#0"},"down":{"uv":[1.625,8.53125,1.59375,8.65625],"tintindex":0,"rotation":0,"texture":"#0"}},"rotation":{"origin":[11.002164,1.5007381,14.454447],"angle":-45.0,"axis":"y"}},{"from":[8.0,-5.5,2.0],"to":[11.0,11.0,14.0],"faces":{"east":{"uv":[1.15625,0.0,1.90625,1.03125],"tintindex":0,"rotation":0,"texture":"#0"},"south":{"uv":[0.9375,7.03125,1.125,8.0625],"tintindex":0,"rotation":0,"texture":"#0"},"north":{"uv":[5.1875,7.0,5.375,8.03125],"tintindex":0,"rotation":0,"texture":"#0"},"west":{"uv":[1.15625,1.03125,1.90625,2.0625],"tintindex":0,"rotation":0,"texture":"#0"},"up":{"uv":[6.0625,8.6875,5.875,7.9375],"tintindex":0,"rotation":0,"texture":"#0"},"down":{"uv":[5.375,8.03125,5.1875,8.78125],"tintindex":0,"rotation":0,"texture":"#0"}}},{"from":[11.043356,0.5,9.2453985],"to":[11.543356,2.5,11.2453985],"faces":{"east":{"uv":[9.84375,7.125,9.96875,7.25],"tintindex":0,"rotation":0,"texture":"#0"},"south":{"uv":[8.40625,3.09375,8.4375,3.21875],"tintindex":0,"rotation":0,"texture":"#0"},"north":{"uv":[1.59375,8.40625,1.625,8.53125],"tintindex":0,"rotation":0,"texture":"#0"},"west":{"uv":[8.09375,9.84375,8.21875,9.96875],"tintindex":0,"rotation":0,"texture":"#0"},"up":{"uv":[8.4375,3.34375,8.40625,3.21875],"tintindex":0,"rotation":0,"texture":"#0"},"down":{"uv":[8.4375,3.34375,8.40625,3.46875],"tintindex":0,"rotation":0,"texture":"#0"}}}],"display":{"gui":{"rotation":[30,225,0]}}}