{"textures":{"0":"modelengine:entity/tower_skeleton_body"},"elements":[{"from":[3.3125,14.958328,0.0],"to":[18.3125,21.958328,16.0],"faces":{"east":{"uv":[5.375,8.5625,5.875,8.78125],"tintindex":0,"rotation":0,"texture":"#0"},"south":{"uv":[8.625,2.15625,9.09375,2.375],"tintindex":0,"rotation":0,"texture":"#0"},"north":{"uv":[8.59375,5.84375,9.0625,6.0625],"tintindex":0,"rotation":0,"texture":"#0"},"west":{"uv":[6.96875,8.5625,7.46875,8.78125],"tintindex":0,"rotation":0,"texture":"#0"},"up":{"uv":[1.875,7.03125,1.40625,6.53125],"tintindex":0,"rotation":0,"texture":"#0"},"down":{"uv":[6.9375,6.53125,6.46875,7.03125],"tintindex":0,"rotation":0,"texture":"#0"}}},{"from":[10.8125,15.958328,23.0],"to":[15.8125,15.958328,29.0],"faces":{"up":{"uv":[9.125,9.75,8.96875,9.5625],"tintindex":0,"rotation":0,"texture":"#0"},"down":{"uv":[9.28125,9.5625,9.125,9.75],"tintindex":0,"rotation":0,"texture":"#0"}}},{"from":[11.3125,5.9583282,-7.0],"to":[15.3125,9.958328,-6.0],"faces":{"east":{"uv":[5.1875,0.6875,5.21875,0.8125],"tintindex":0,"rotation":0,"texture":"#0"},"south":{"uv":[4.125,9.78125,4.25,9.90625],"tintindex":0,"rotation":0,"texture":"#0"},"north":{"uv":[2.78125,9.78125,2.90625,9.90625],"tintindex":0,"rotation":0,"texture":"#0"},"west":{"uv":[3.03125,5.28125,3.0625,5.40625],"tintindex":0,"rotation":0,"texture":"#0"},"up":{"uv":[3.78125,5.8125,3.65625,5.78125],"tintindex":0,"rotation":0,"texture":"#0"},"down":{"uv":[3.90625,5.78125,3.78125,5.8125],"tintindex":0,"rotation":0,"texture":"#0"}}},{"from":[3.3125,0.95832825,-6.0],"to":[18.3125,21.958328,0.0],"faces":{"east":{"uv":[5.0,8.40625,5.1875,9.0625],"tintindex":0,"rotation":0,"texture":"#0"},"south":{"uv":[5.25,4.5625,5.71875,5.21875],"tintindex":0,"rotation":0,"texture":"#0"},"north":{"uv":[5.21875,0.4375,5.6875,1.09375],"tintindex":0,"rotation":0,"texture":"#0"},"west":{"uv":[8.40625,5.0625,8.59375,5.71875],"tintindex":0,"rotation":0,"texture":"#0"},"up":{"uv":[9.34375,9.03125,8.875,8.84375],"tintindex":0,"rotation":0,"texture":"#0"},"down":{"uv":[9.375,1.375,8.90625,1.5625],"tintindex":0,"rotation":0,"texture":"#0"}}},{"from":[10.8125,22.958328,8.0],"to":[15.8125,28.958328,8.0],"faces":{"south":{"uv":[9.59375,3.1875,9.75,3.375],"tintindex":0,"rotation":0,"texture":"#0"},"north":{"uv":[9.59375,2.65625,9.75,2.84375],"tintindex":0,"rotation":0,"texture":"#0"}}},{"from":[10.8125,7.9583282,23.0],"to":[15.8125,7.9583282,29.0],"faces":{"up":{"uv":[9.71875,7.21875,9.5625,7.03125],"tintindex":0,"rotation":0,"texture":"#0"},"down":{"uv":[9.71875,7.21875,9.5625,7.40625],"tintindex":0,"rotation":0,"texture":"#0"}}},{"from":[10.8125,15.958328,23.0],"to":[15.8125,15.958328,29.0],"faces":{"up":{"uv":[7.625,9.75,7.46875,9.5625],"tintindex":0,"rotation":0,"texture":"#0"},"down":{"uv":[7.78125,9.5625,7.625,9.75],"tintindex":0,"rotation":0,"texture":"#0"}},"rotation":{"origin":[13.3125,15.958328,24.25],"angle":-45.0,"axis":"z"}},{"from":[11.3125,13.958328,22.0],"to":[15.3125,17.958328,23.0],"faces":{"east":{"uv":[6.3125,1.5,6.34375,1.625],"tintindex":0,"rotation":0,"texture":"#0"},"south":{"uv":[6.9375,9.78125,7.0625,9.90625],"tintindex":0,"rotation":0,"texture":"#0"},"north":{"uv":[9.78125,6.625,9.90625,6.75],"tintindex":0,"rotation":0,"texture":"#0"},"west":{"uv":[6.4375,5.90625,6.46875,6.03125],"tintindex":0,"rotation":0,"texture":"#0"},"up":{"uv":[4.28125,5.8125,4.15625,5.78125],"tintindex":0,"rotation":0,"texture":"#0"},"down":{"uv":[0.125,5.96875,0.0,6.0],"tintindex":0,"rotation":0,"texture":"#0"}}},{"from":[6.8125,22.958328,12.0],"to":[11.8125,28.958328,12.0],"faces":{"south":{"uv":[9.59375,5.25,9.75,5.4375],"tintindex":0,"rotation":0,"texture":"#0"},"north":{"uv":[4.125,9.59375,4.28125,9.78125],"tintindex":0,"rotation":0,"texture":"#0"}},"rotation":{"origin":[13.3125,25.958328,12.0],"angle":45.0,"axis":"y"}},{"from":[11.3125,5.9583282,22.0],"to":[15.3125,9.958328,23.0],"faces":{"east":{"uv":[1.875,6.53125,1.90625,6.65625],"tintindex":0,"rotation":0,"texture":"#0"},"south":{"uv":[9.78125,7.34375,9.90625,7.46875],"tintindex":0,"rotation":0,"texture":"#0"},"north":{"uv":[7.0625,9.78125,7.1875,9.90625],"tintindex":0,"rotation":0,"texture":"#0"},"west":{"uv":[6.75,4.5,6.78125,4.625],"tintindex":0,"rotation":0,"texture":"#0"},"up":{"uv":[0.25,6.0,0.125,5.96875],"tintindex":0,"rotation":0,"texture":"#0"},"down":{"uv":[4.53125,6.25,4.40625,6.28125],"tintindex":0,"rotation":0,"texture":"#0"}}},{"from":[11.3125,5.9583282,-7.0],"to":[15.3125,9.958328,-6.0],"faces":{"east":{"uv":[6.8125,0.6875,6.84375,0.8125],"tintindex":0,"rotation":0,"texture":"#0"},"south":{"uv":[0.71875,9.8125,0.84375,9.9375],"tintindex":0,"rotation":0,"texture":"#0"},"north":{"uv":[0.59375,9.8125,0.71875,9.9375],"tintindex":0,"rotation":0,"texture":"#0"},"west":{"uv":[6.84375,0.8125,6.875,0.9375],"tintindex":0,"rotation":0,"texture":"#0"},"up":{"uv":[6.71875,7.5625,6.59375,7.53125],"tintindex":0,"rotation":0,"texture":"#0"},"down":{"uv":[6.84375,7.53125,6.71875,7.5625],"tintindex":0,"rotation":0,"texture":"#0"}}},{"from":[11.3125,21.958328,6.0],"to":[15.3125,22.958328,10.0],"faces":{"east":{"uv":[6.5,0.78125,6.625,0.8125],"tintindex":0,"rotation":0,"texture":"#0"},"south":{"uv":[0.9375,6.5,1.0625,6.53125],"tintindex":0,"rotation":0,"texture":"#0"},"north":{"uv":[4.9375,6.46875,5.0625,6.5],"tintindex":0,"rotation":0,"texture":"#0"},"west":{"uv":[0.0,6.625,0.125,6.65625],"tintindex":0,"rotation":0,"texture":"#0"},"up":{"uv":[9.90625,7.59375,9.78125,7.46875],"tintindex":0,"rotation":0,"texture":"#0"},"down":{"uv":[9.90625,7.59375,9.78125,7.71875],"tintindex":0,"rotation":0,"texture":"#0"}}},{"from":[3.3125,0.95832825,16.0],"to":[18.3125,21.958328,22.0],"faces":{"east":{"uv":[8.4375,3.09375,8.625,3.75],"tintindex":0,"rotation":0,"texture":"#0"},"south":{"uv":[0.3125,5.34375,0.78125,6.0],"tintindex":0,"rotation":0,"texture":"#0"},"north":{"uv":[5.25,5.21875,5.71875,5.875],"tintindex":0,"rotation":0,"texture":"#0"},"west":{"uv":[8.4375,6.90625,8.625,7.5625],"tintindex":0,"rotation":0,"texture":"#0"},"up":{"uv":[9.375,1.75,8.90625,1.5625],"tintindex":0,"rotation":0,"texture":"#0"},"down":{"uv":[2.65625,8.90625,2.1875,9.09375],"tintindex":0,"rotation":0,"texture":"#0"}}},{"from":[11.3125,13.958328,-7.0],"to":[15.3125,17.958328,-6.0],"faces":{"east":{"uv":[3.03125,5.40625,3.0625,5.53125],"tintindex":0,"rotation":0,"texture":"#0"},"south":{"uv":[5.59375,9.78125,5.71875,9.90625],"tintindex":0,"rotation":0,"texture":"#0"},"north":{"uv":[5.46875,9.78125,5.59375,9.90625],"tintindex":0,"rotation":0,"texture":"#0"},"west":{"uv":[5.875,1.6875,5.90625,1.8125],"tintindex":0,"rotation":0,"texture":"#0"},"up":{"uv":[4.03125,5.8125,3.90625,5.78125],"tintindex":0,"rotation":0,"texture":"#0"},"down":{"uv":[4.15625,5.78125,4.03125,5.8125],"tintindex":0,"rotation":0,"texture":"#0"}}},{"from":[6.8125,22.958328,4.0],"to":[11.8125,28.958328,4.0],"faces":{"south":{"uv":[9.59375,2.09375,9.75,2.28125],"tintindex":0,"rotation":0,"texture":"#0"},"north":{"uv":[9.59375,0.875,9.75,1.0625],"tintindex":0,"rotation":0,"texture":"#0"}},"rotation":{"origin":[13.3125,25.958328,4.0],"angle":45.0,"axis":"y"}},{"from":[10.8125,22.958328,0.0],"to":[15.8125,28.958328,0.0],"faces":{"south":{"uv":[9.59375,0.0,9.75,0.1875],"tintindex":0,"rotation":0,"texture":"#0"},"north":{"uv":[9.5625,9.21875,9.71875,9.40625],"tintindex":0,"rotation":0,"texture":"#0"}}},{"from":[11.3125,21.958328,14.0],"to":[15.3125,22.958328,18.0],"faces":{"east":{"uv":[6.90625,1.90625,7.03125,1.9375],"tintindex":0,"rotation":0,"texture":"#0"},"south":{"uv":[7.125,4.46875,7.25,4.5],"tintindex":0,"rotation":0,"texture":"#0"},"north":{"uv":[2.75,6.875,2.875,6.90625],"tintindex":0,"rotation":0,"texture":"#0"},"west":{"uv":[3.0625,7.46875,3.1875,7.5],"tintindex":0,"rotation":0,"texture":"#0"},"up":{"uv":[9.90625,9.03125,9.78125,8.90625],"tintindex":0,"rotation":0,"texture":"#0"},"down":{"uv":[0.59375,9.8125,0.46875,9.9375],"tintindex":0,"rotation":0,"texture":"#0"}}},{"from":[14.8125,22.958328,4.0],"to":[19.8125,28.958328,4.0],"faces":{"south":{"uv":[9.59375,2.46875,9.75,2.65625],"tintindex":0,"rotation":0,"texture":"#0"},"north":{"uv":[9.59375,2.28125,9.75,2.46875],"tintindex":0,"rotation":0,"texture":"#0"}},"rotation":{"origin":[13.3125,25.958328,4.0],"angle":45.0,"axis":"y"}},{"from":[10.8125,22.958328,16.0],"to":[15.8125,28.958328,16.0],"faces":{"south":{"uv":[9.59375,5.625,9.75,5.8125],"tintindex":0,"rotation":0,"texture":"#0"},"north":{"uv":[9.59375,5.4375,9.75,5.625],"tintindex":0,"rotation":0,"texture":"#0"}}},{"from":[11.3125,21.958328,-2.0],"to":[15.3125,22.958328,2.0],"faces":{"east":{"uv":[0.25,6.625,0.375,6.65625],"tintindex":0,"rotation":0,"texture":"#0"},"south":{"uv":[6.625,0.78125,6.75,0.8125],"tintindex":0,"rotation":0,"texture":"#0"},"north":{"uv":[0.125,6.625,0.25,6.65625],"tintindex":0,"rotation":0,"texture":"#0"},"west":{"uv":[2.75,6.84375,2.875,6.875],"tintindex":0,"rotation":0,"texture":"#0"},"up":{"uv":[9.90625,7.9375,9.78125,7.8125],"tintindex":0,"rotation":0,"texture":"#0"},"down":{"uv":[8.71875,9.78125,8.59375,9.90625],"tintindex":0,"rotation":0,"texture":"#0"}}},{"from":[10.8125,7.9583282,23.0],"to":[15.8125,7.9583282,29.0],"faces":{"up":{"uv":[5.15625,9.75,5.0,9.5625],"tintindex":0,"rotation":0,"texture":"#0"},"down":{"uv":[9.71875,5.8125,9.5625,6.0],"tintindex":0,"rotation":0,"texture":"#0"}},"rotation":{"origin":[13.3125,7.9583282,24.25],"angle":-45.0,"axis":"z"}}],"display":{"gui":{"rotation":[30,225,0]}}}