{"textures":{"0":"modelengine:entity/tower_skeleton_body"},"elements":[{"from":[18.5,1.7499962,5.0],"to":[19.5,5.75,9.0],"faces":{"east":{"uv":[2.90625,9.8125,3.03125,9.9375],"tintindex":0,"rotation":0,"texture":"#0"},"south":{"uv":[6.90625,7.28125,6.9375,7.40625],"tintindex":0,"rotation":0,"texture":"#0"},"north":{"uv":[6.90625,7.15625,6.9375,7.28125],"tintindex":0,"rotation":0,"texture":"#0"},"west":{"uv":[3.03125,9.8125,3.15625,9.9375],"tintindex":0,"rotation":0,"texture":"#0"},"up":{"uv":[4.625,7.4375,4.59375,7.3125],"tintindex":0,"rotation":0,"texture":"#0"},"down":{"uv":[7.375,0.625,7.34375,0.75],"tintindex":0,"rotation":0,"texture":"#0"}}},{"from":[19.5,1.2499962,-1.0],"to":[25.5,6.25,-1.0],"faces":{"south":{"uv":[9.53125,6.3125,9.71875,6.46875],"tintindex":0,"rotation":0,"texture":"#0"},"north":{"uv":[9.53125,1.84375,9.71875,2.0],"tintindex":0,"rotation":0,"texture":"#0"}}},{"from":[19.5,-2.7500038,3.0],"to":[25.5,2.2499962,3.0],"faces":{"south":{"uv":[6.75,9.59375,6.9375,9.75],"tintindex":0,"rotation":0,"texture":"#0"},"north":{"uv":[9.59375,6.625,9.78125,6.78125],"tintindex":0,"rotation":0,"texture":"#0"}},"rotation":{"origin":[22.5,3.75,3.0],"angle":45.0,"axis":"x"}},{"from":[0.5,-15.250004,-6.0],"to":[15.5,7.75,10.0],"faces":{"east":{"uv":[2.4375,4.03125,2.9375,4.75],"tintindex":0,"rotation":0,"texture":"#0"},"south":{"uv":[4.5625,2.09375,5.03125,2.8125],"tintindex":0,"rotation":0,"texture":"#0"},"north":{"uv":[4.53125,1.375,5.0,2.09375],"tintindex":0,"rotation":0,"texture":"#0"},"west":{"uv":[2.9375,4.03125,3.4375,4.75],"tintindex":0,"rotation":0,"texture":"#0"},"up":{"uv":[3.78125,7.0625,3.3125,6.5625],"tintindex":0,"rotation":0,"texture":"#0"},"down":{"uv":[4.25,6.5625,3.78125,7.0625],"tintindex":0,"rotation":0,"texture":"#0"}}},{"from":[19.5,5.25,3.0],"to":[25.5,10.25,3.0],"faces":{"south":{"uv":[9.59375,8.9375,9.78125,9.09375],"tintindex":0,"rotation":0,"texture":"#0"},"north":{"uv":[8.0,9.59375,8.1875,9.75],"tintindex":0,"rotation":0,"texture":"#0"}},"rotation":{"origin":[22.5,3.75,3.0],"angle":45.0,"axis":"x"}},{"from":[9.5,-0.2500038,-7.0],"to":[18.5,7.75,11.0],"faces":{"east":{"uv":[7.96875,3.84375,8.53125,4.09375],"tintindex":0,"rotation":0,"texture":"#0"},"south":{"uv":[6.46875,3.9375,6.75,4.1875],"tintindex":0,"rotation":0,"texture":"#0"},"north":{"uv":[5.21875,1.09375,5.5,1.34375],"tintindex":0,"rotation":0,"texture":"#0"},"west":{"uv":[7.96875,6.40625,8.53125,6.65625],"tintindex":0,"rotation":0,"texture":"#0"},"up":{"uv":[2.53125,8.25,2.25,7.6875],"tintindex":0,"rotation":0,"texture":"#0"},"down":{"uv":[4.34375,7.6875,4.0625,8.25],"tintindex":0,"rotation":0,"texture":"#0"}}},{"from":[18.5,1.7499962,-3.0],"to":[19.5,5.75,1.0],"faces":{"east":{"uv":[1.46875,9.8125,1.59375,9.9375],"tintindex":0,"rotation":0,"texture":"#0"},"south":{"uv":[6.875,1.21875,6.90625,1.34375],"tintindex":0,"rotation":0,"texture":"#0"},"north":{"uv":[6.84375,0.9375,6.875,1.0625],"tintindex":0,"rotation":0,"texture":"#0"},"west":{"uv":[1.59375,9.8125,1.71875,9.9375],"tintindex":0,"rotation":0,"texture":"#0"},"up":{"uv":[6.90625,1.46875,6.875,1.34375],"tintindex":0,"rotation":0,"texture":"#0"},"down":{"uv":[6.9375,7.03125,6.90625,7.15625],"tintindex":0,"rotation":0,"texture":"#0"}}},{"from":[19.5,1.2499962,7.0],"to":[25.5,6.25,7.0],"faces":{"south":{"uv":[9.59375,7.5625,9.78125,7.71875],"tintindex":0,"rotation":0,"texture":"#0"},"north":{"uv":[9.59375,7.40625,9.78125,7.5625],"tintindex":0,"rotation":0,"texture":"#0"}}}],"display":{"gui":{"rotation":[30,225,0]}}}