{"textures":{"0":"modelengine:entity/tower_skeleton_body"},"elements":[{"from":[5.5,-2.5,3.5],"to":[13.5,10.5,13.5],"faces":{"east":{"uv":[2.875,0.5625,3.5,1.375],"tintindex":0,"rotation":0,"texture":"#0"},"south":{"uv":[1.4375,3.875,1.9375,4.6875],"tintindex":0,"rotation":0,"texture":"#0"},"north":{"uv":[0.9375,3.8125,1.4375,4.625],"tintindex":0,"rotation":0,"texture":"#0"},"west":{"uv":[2.875,1.375,3.5,2.1875],"tintindex":0,"rotation":0,"texture":"#0"},"up":{"uv":[5.5,2.0,5.0,1.375],"tintindex":0,"rotation":0,"texture":"#0"},"down":{"uv":[5.53125,2.0,5.03125,2.625],"tintindex":0,"rotation":0,"texture":"#0"}}},{"from":[13.977892,-4.9050407,3.5],"to":[13.977892,-2.4050407,13.5],"faces":{"east":{"uv":[8.46875,7.875,9.09375,8.03125],"tintindex":0,"rotation":0,"texture":"#0"},"west":{"uv":[8.625,3.25,9.25,3.40625],"tintindex":0,"rotation":0,"texture":"#0"}},"rotation":{"origin":[13.977892,-3.6550407,8.5],"angle":22.5,"axis":"z"}}],"display":{"gui":{"rotation":[30,225,0]}}}