{"textures":{"0":"modelengine:entity/tower_skeleton_body"},"elements":[{"from":[13.5,9.0,11.5],"to":[20.0,12.5,11.5],"faces":{"south":{"uv":[8.6875,6.0625,9.09375,6.28125],"tintindex":0,"rotation":0,"texture":"#0"},"north":{"uv":[8.6875,0.9375,9.09375,1.15625],"tintindex":0,"rotation":0,"texture":"#0"}}},{"from":[20.0,9.0,4.0],"to":[20.0,12.5,11.5],"faces":{"east":{"uv":[8.625,2.375,9.09375,2.59375],"tintindex":0,"rotation":0,"texture":"#0"},"west":{"uv":[8.625,2.59375,9.09375,2.8125],"tintindex":0,"rotation":0,"texture":"#0"}}},{"from":[18.5,5.0,7.0],"to":[20.5,13.0,9.0],"faces":{"east":{"uv":[8.65625,9.125,8.78125,9.625],"tintindex":0,"rotation":0,"texture":"#0"},"south":{"uv":[0.5,9.15625,0.625,9.65625],"tintindex":0,"rotation":0,"texture":"#0"},"north":{"uv":[5.6875,9.125,5.8125,9.625],"tintindex":0,"rotation":0,"texture":"#0"},"west":{"uv":[0.625,9.15625,0.75,9.65625],"tintindex":0,"rotation":0,"texture":"#0"},"up":{"uv":[0.96875,9.9375,0.84375,9.8125],"tintindex":0,"rotation":0,"texture":"#0"},"down":{"uv":[1.46875,9.8125,1.34375,9.9375],"tintindex":0,"rotation":0,"texture":"#0"}}},{"from":[11.5,3.5,4.0],"to":[20.0,9.0,11.5],"faces":{"east":{"uv":[6.59375,7.5625,7.0625,7.90625],"tintindex":0,"rotation":0,"texture":"#0"},"south":{"uv":[7.21875,2.0625,7.75,2.40625],"tintindex":0,"rotation":0,"texture":"#0"},"north":{"uv":[7.15625,6.1875,7.6875,6.53125],"tintindex":0,"rotation":0,"texture":"#0"},"west":{"uv":[0.0,7.59375,0.46875,7.9375],"tintindex":0,"rotation":0,"texture":"#0"},"up":{"uv":[6.78125,5.15625,6.25,4.6875],"tintindex":0,"rotation":0,"texture":"#0"},"down":{"uv":[6.78125,5.15625,6.25,5.625],"tintindex":0,"rotation":0,"texture":"#0"}}},{"from":[7.0,5.5,5.0],"to":[15.0,12.0,10.5],"faces":{"east":{"uv":[7.875,8.03125,8.21875,8.4375],"tintindex":0,"rotation":0,"texture":"#0"},"south":{"uv":[6.78125,4.90625,7.28125,5.3125],"tintindex":0,"rotation":0,"texture":"#0"},"north":{"uv":[6.78125,4.5,7.28125,4.90625],"tintindex":0,"rotation":0,"texture":"#0"},"west":{"uv":[0.875,8.0625,1.21875,8.46875],"tintindex":0,"rotation":0,"texture":"#0"},"up":{"uv":[3.5625,7.84375,3.0625,7.5],"tintindex":0,"rotation":0,"texture":"#0"},"down":{"uv":[4.0625,7.5,3.5625,7.84375],"tintindex":0,"rotation":0,"texture":"#0"}}},{"from":[14.0,9.0,4.0],"to":[20.0,12.5,4.0],"faces":{"south":{"uv":[3.15625,8.875,3.53125,9.09375],"tintindex":0,"rotation":0,"texture":"#0"},"north":{"uv":[7.46875,8.78125,7.84375,9.0],"tintindex":0,"rotation":0,"texture":"#0"}}}],"display":{"gui":{"rotation":[30,225,0]}}}