{"textures":{"0":"modelengine:entity/tower_skeleton_body"},"elements":[{"from":[1.5,-13.5,1.5],"to":[14.5,-2.5,14.5],"faces":{"east":{"uv":[1.21875,8.0625,1.625,8.40625],"tintindex":0,"rotation":0,"texture":"#0"},"south":{"uv":[8.0625,7.6875,8.46875,8.03125],"tintindex":0,"rotation":0,"texture":"#0"},"north":{"uv":[8.03125,3.5,8.4375,3.84375],"tintindex":0,"rotation":0,"texture":"#0"},"west":{"uv":[8.125,1.5625,8.53125,1.90625],"tintindex":0,"rotation":0,"texture":"#0"},"up":{"uv":[5.78125,7.9375,5.375,7.53125],"tintindex":0,"rotation":0,"texture":"#0"},"down":{"uv":[6.1875,7.53125,5.78125,7.9375],"tintindex":0,"rotation":0,"texture":"#0"}}},{"from":[2.0,-13.5,2.0],"to":[14.0,12.5,14.0],"faces":{"east":{"uv":[5.5,1.09375,5.875,1.90625],"tintindex":0,"rotation":0,"texture":"#0"},"south":{"uv":[5.53125,1.90625,5.90625,2.71875],"tintindex":0,"rotation":0,"texture":"#0"},"north":{"uv":[0.78125,5.34375,1.15625,6.15625],"tintindex":0,"rotation":0,"texture":"#0"},"west":{"uv":[5.65625,2.71875,6.03125,3.53125],"tintindex":0,"rotation":0,"texture":"#0"},"up":{"uv":[6.96875,8.28125,6.59375,7.90625],"tintindex":0,"rotation":0,"texture":"#0"},"down":{"uv":[0.875,7.9375,0.5,8.3125],"tintindex":0,"rotation":0,"texture":"#0"}}},{"from":[15.648052,-13.5,14.271638],"to":[15.648052,-2.5,20.271637],"faces":{"east":{"uv":[7.1875,9.09375,7.375,9.4375],"tintindex":0,"rotation":0,"texture":"#0"},"west":{"uv":[3.46875,9.125,3.65625,9.46875],"tintindex":0,"rotation":0,"texture":"#0"}},"rotation":{"origin":[15.648052,-8.0,17.271637],"angle":22.5,"axis":"y"}}],"display":{"gui":{"rotation":[30,225,0]}}}