{"textures":{"0":"modelengine:entity/tower_skeleton_body"},"elements":[{"from":[-1.0,3.5,-0.5],"to":[17.0,12.5,10.5],"faces":{"east":{"uv":[8.625,7.0625,8.96875,7.34375],"tintindex":0,"rotation":0,"texture":"#0"},"south":{"uv":[7.75,2.46875,8.3125,2.75],"tintindex":0,"rotation":0,"texture":"#0"},"north":{"uv":[7.6875,6.125,8.25,6.40625],"tintindex":0,"rotation":0,"texture":"#0"},"west":{"uv":[8.625,8.03125,8.96875,8.3125],"tintindex":0,"rotation":0,"texture":"#0"},"up":{"uv":[2.125,3.34375,1.5625,3.0],"tintindex":0,"rotation":0,"texture":"#0"},"down":{"uv":[7.46875,2.8125,6.90625,3.15625],"tintindex":0,"rotation":0,"texture":"#0"}}}],"display":{"gui":{"rotation":[30,225,0]}}}