{"textures":{"6":"modelengine:entity/tower_skeleton_shield"},"elements":[{"from":[5.372964,-6.4322586,5.5155354],"to":[5.372964,-4.6822586,10.515535],"faces":{"east":{"uv":[9.125,5.0,7.875,5.4375],"tintindex":0,"rotation":0,"texture":"#6"},"west":{"uv":[7.875,5.0,9.125,5.4375],"tintindex":0,"rotation":0,"texture":"#6"}},"rotation":{"origin":[5.372964,-5.5572586,8.265535],"angle":45.0,"axis":"z"}},{"from":[6.206765,-3.1759758,10.44449],"to":[8.956765,-1.9259768,17.944489],"faces":{"east":{"uv":[6.8125,7.75,8.6875,8.0625],"tintindex":0,"rotation":0,"texture":"#6"},"south":{"uv":[5.0,8.9375,5.6875,9.25],"tintindex":0,"rotation":0,"texture":"#6"},"north":{"uv":[0.0,8.9375,0.6875,9.25],"tintindex":0,"rotation":0,"texture":"#6"},"west":{"uv":[7.6875,1.6875,9.5625,2.0],"tintindex":0,"rotation":0,"texture":"#6"},"up":{"uv":[7.875,4.8125,6.0,4.125],"tintindex":0,"rotation":270,"texture":"#6"},"down":{"uv":[7.875,4.8125,6.0,5.5],"tintindex":0,"rotation":90,"texture":"#6"}},"rotation":{"origin":[6.956765,-1.6134768,10.44449],"angle":22.5,"axis":"y"}},{"from":[7.456765,-15.925976,-1.9381943],"to":[8.956765,-3.1759758,5.5618067],"faces":{"east":{"uv":[3.75,0.0,1.875,3.1875],"tintindex":0,"rotation":0,"texture":"#6"},"south":{"uv":[3.0,5.9375,2.625,9.125],"tintindex":0,"rotation":0,"texture":"#6"},"north":{"uv":[3.375,5.9375,3.0,9.125],"tintindex":0,"rotation":0,"texture":"#6"},"west":{"uv":[1.875,0.0,0.0,3.1875],"tintindex":0,"rotation":0,"texture":"#6"},"up":{"uv":[7.25,6.75,9.125,6.375],"tintindex":0,"rotation":270,"texture":"#6"},"down":{"uv":[7.375,6.75,9.25,7.125],"tintindex":0,"rotation":90,"texture":"#6"}},"rotation":{"origin":[6.956765,-1.6134768,5.5618067],"angle":-22.5,"axis":"y"}},{"from":[3.9478245,-15.925976,2.0862517],"to":[7.447824,-12.425976,2.0862517],"faces":{"south":{"uv":[6.5,6.875,7.375,7.75],"tintindex":0,"rotation":0,"texture":"#6"},"north":{"uv":[7.375,6.875,6.5,7.75],"tintindex":0,"rotation":0,"texture":"#6"}},"rotation":{"origin":[6.760324,-14.051102,3.5862513],"angle":-22.5,"axis":"y"}},{"from":[5.206765,-3.1759758,10.19449],"to":[6.206765,2.3240237,17.944489],"faces":{"east":{"uv":[3.75,0.0,5.6875,1.375],"tintindex":0,"rotation":0,"texture":"#6"},"south":{"uv":[2.0,8.375,2.25,9.75],"tintindex":0,"rotation":0,"texture":"#6"},"north":{"uv":[1.75,8.375,2.0,9.75],"tintindex":0,"rotation":0,"texture":"#6"},"west":{"uv":[2.25,3.1875,4.1875,4.5625],"tintindex":0,"rotation":0,"texture":"#6"},"up":{"uv":[9.875,3.9375,7.9375,3.6875],"tintindex":0,"rotation":270,"texture":"#6"},"down":{"uv":[9.9375,0.5,8.0,0.75],"tintindex":0,"rotation":90,"texture":"#6"}},"rotation":{"origin":[6.956765,-1.6134768,10.44449],"angle":22.5,"axis":"y"}},{"from":[5.9916825,-8.925976,10.265535],"to":[8.241682,-2.9259758,11.265535],"faces":{"east":{"uv":[1.5,7.875,1.75,9.375],"tintindex":0,"rotation":0,"texture":"#6"},"south":{"uv":[5.0625,6.375,5.625,7.875],"tintindex":0,"rotation":0,"texture":"#6"},"north":{"uv":[1.25,6.375,1.8125,7.875],"tintindex":0,"rotation":0,"texture":"#6"},"west":{"uv":[1.25,7.875,1.5,9.375],"tintindex":0,"rotation":0,"texture":"#6"},"up":{"uv":[1.1875,9.625,0.9375,9.0625],"tintindex":0,"rotation":270,"texture":"#6"},"down":{"uv":[3.375,9.125,3.125,9.6875],"tintindex":0,"rotation":90,"texture":"#6"}}},{"from":[7.418705,-15.925976,5.753148],"to":[8.918705,-3.1759758,10.253148],"faces":{"east":{"uv":[1.125,3.1875,2.25,6.375],"tintindex":0,"rotation":0,"texture":"#6"},"south":{"uv":[2.25,5.9375,2.625,9.125],"tintindex":0,"rotation":0,"texture":"#6"},"north":{"uv":[4.6875,5.375,5.0625,8.5625],"tintindex":0,"rotation":0,"texture":"#6"},"west":{"uv":[0.0,3.1875,1.125,6.375],"tintindex":0,"rotation":0,"texture":"#6"},"up":{"uv":[9.0625,8.4375,7.9375,8.0625],"tintindex":0,"rotation":270,"texture":"#6"},"down":{"uv":[9.25,2.0,8.125,2.375],"tintindex":0,"rotation":90,"texture":"#6"}}},{"from":[6.2416825,1.0740237,5.5155354],"to":[8.991682,2.3240237,10.515535],"faces":{"east":{"uv":[5.0625,8.25,6.25,8.5625],"tintindex":0,"rotation":0,"texture":"#6"},"south":{"uv":[6.75,9.0,7.4375,9.3125],"tintindex":0,"rotation":0,"texture":"#6"},"north":{"uv":[7.9375,8.9375,8.625,9.25],"tintindex":0,"rotation":0,"texture":"#6"},"west":{"uv":[8.125,6.0625,9.3125,6.375],"tintindex":0,"rotation":0,"texture":"#6"},"up":{"uv":[4.5625,7.375,3.375,6.6875],"tintindex":0,"rotation":270,"texture":"#6"},"down":{"uv":[8.0,0.5,6.8125,1.1875],"tintindex":0,"rotation":90,"texture":"#6"}}},{"from":[6.713085,4.8240232,-1.1904716],"to":[7.463085,6.8240237,5.5345287],"faces":{"east":{"uv":[8.5,0.0,6.8125,0.5],"tintindex":0,"rotation":0,"texture":"#6"},"south":{"uv":[4.1875,4.5625,4.0,5.0625],"tintindex":0,"rotation":0,"texture":"#6"},"north":{"uv":[3.5625,5.9375,3.375,6.4375],"tintindex":0,"rotation":0,"texture":"#6"},"west":{"uv":[8.125,2.0,6.4375,2.5],"tintindex":0,"rotation":0,"texture":"#6"},"up":{"uv":[7.9375,4.125,9.625,3.9375],"tintindex":0,"rotation":270,"texture":"#6"},"down":{"uv":[8.8125,8.4375,10.5,8.625],"tintindex":0,"rotation":90,"texture":"#6"}},"rotation":{"origin":[6.963085,-1.6134768,5.5595284],"angle":-22.5,"axis":"y"}},{"from":[5.9916825,-8.925976,4.765761],"to":[8.241682,-2.9259758,5.765761],"faces":{"east":{"uv":[1.75,7.875,1.5,9.375],"tintindex":0,"rotation":0,"texture":"#6"},"south":{"uv":[1.8125,6.375,1.25,7.875],"tintindex":0,"rotation":0,"texture":"#6"},"north":{"uv":[5.625,6.375,5.0625,7.875],"tintindex":0,"rotation":0,"texture":"#6"},"west":{"uv":[1.5,7.875,1.25,9.375],"tintindex":0,"rotation":0,"texture":"#6"},"up":{"uv":[0.9375,9.625,1.1875,9.0625],"tintindex":0,"rotation":270,"texture":"#6"},"down":{"uv":[3.125,9.125,3.375,9.6875],"tintindex":0,"rotation":90,"texture":"#6"}}},{"from":[7.447824,-15.925976,0.33625174],"to":[8.1978245,-12.425976,3.8362513],"faces":{"east":{"uv":[8.125,5.5,7.25,6.375],"tintindex":0,"rotation":0,"texture":"#6"},"south":{"uv":[4.6875,7.375,4.5,8.25],"tintindex":0,"rotation":0,"texture":"#6"},"north":{"uv":[0.875,7.9375,0.6875,8.8125],"tintindex":0,"rotation":0,"texture":"#6"},"west":{"uv":[0.875,7.0625,0.0,7.9375],"tintindex":0,"rotation":0,"texture":"#6"},"up":{"uv":[8.875,1.625,9.75,1.4375],"tintindex":0,"rotation":270,"texture":"#6"},"down":{"uv":[2.25,9.125,3.125,9.3125],"tintindex":0,"rotation":90,"texture":"#6"}},"rotation":{"origin":[6.760324,-14.051102,3.5862513],"angle":-22.5,"axis":"y"}},{"from":[6.668705,-15.925976,6.003148],"to":[7.418705,-12.425976,9.503148],"faces":{"east":{"uv":[7.25,5.5,8.125,6.375],"tintindex":0,"rotation":0,"texture":"#6"},"south":{"uv":[0.6875,7.9375,0.875,8.8125],"tintindex":0,"rotation":0,"texture":"#6"},"north":{"uv":[4.5,7.375,4.6875,8.25],"tintindex":0,"rotation":0,"texture":"#6"},"west":{"uv":[0.0,7.0625,0.875,7.9375],"tintindex":0,"rotation":0,"texture":"#6"},"up":{"uv":[9.75,1.625,8.875,1.4375],"tintindex":0,"rotation":270,"texture":"#6"},"down":{"uv":[3.125,9.125,2.25,9.3125],"tintindex":0,"rotation":90,"texture":"#6"}}},{"from":[4.706765,8.324024,11.94449],"to":[7.456765,10.324024,12.94449],"faces":{"east":{"uv":[8.625,9.125,8.875,9.625],"tintindex":0,"rotation":0,"texture":"#6"},"south":{"uv":[8.5,0.0,9.1875,0.5],"tintindex":0,"rotation":0,"texture":"#6"},"north":{"uv":[8.125,8.4375,8.8125,8.9375],"tintindex":0,"rotation":0,"texture":"#6"},"west":{"uv":[9.125,4.625,9.375,5.125],"tintindex":0,"rotation":0,"texture":"#6"},"up":{"uv":[7.9375,9.6875,7.6875,9.0],"tintindex":0,"rotation":270,"texture":"#6"},"down":{"uv":[0.9375,9.0625,0.6875,9.75],"tintindex":0,"rotation":90,"texture":"#6"}},"rotation":{"origin":[6.956765,-1.6134768,10.44449],"angle":22.5,"axis":"y"}},{"from":[4.706765,7.5740237,15.69449],"to":[7.456765,9.574024,16.694489],"faces":{"east":{"uv":[9.125,4.125,9.375,4.625],"tintindex":0,"rotation":0,"texture":"#6"},"south":{"uv":[0.0,8.4375,0.6875,8.9375],"tintindex":0,"rotation":0,"texture":"#6"},"north":{"uv":[0.0,7.9375,0.6875,8.4375],"tintindex":0,"rotation":0,"texture":"#6"},"west":{"uv":[5.625,6.375,5.875,6.875],"tintindex":0,"rotation":0,"texture":"#6"},"up":{"uv":[4.4375,9.375,4.1875,8.6875],"tintindex":0,"rotation":270,"texture":"#6"},"down":{"uv":[7.6875,9.0,7.4375,9.6875],"tintindex":0,"rotation":90,"texture":"#6"}},"rotation":{"origin":[6.956765,-1.6134768,10.44449],"angle":22.5,"axis":"y"}},{"from":[5.2416825,-4.675976,5.7030354],"to":[5.2416825,-3.1759758,11.078035],"faces":{"east":{"uv":[9.25,2.9375,7.9375,3.3125],"tintindex":0,"rotation":0,"texture":"#6"},"west":{"uv":[7.9375,2.9375,9.25,3.3125],"tintindex":0,"rotation":0,"texture":"#6"}}},{"from":[5.9916825,-8.925976,5.7655354],"to":[7.7416825,-6.175976,10.265535],"faces":{"east":{"uv":[6.125,6.1875,7.25,6.875],"tintindex":0,"rotation":0,"texture":"#6"},"south":{"uv":[3.75,8.6875,4.1875,9.375],"tintindex":0,"rotation":0,"texture":"#6"},"north":{"uv":[3.5625,4.5625,4.0,5.25],"tintindex":0,"rotation":0,"texture":"#6"},"west":{"uv":[6.125,5.5,7.25,6.1875],"tintindex":0,"rotation":0,"texture":"#6"},"up":{"uv":[9.0,4.5625,7.875,4.125],"tintindex":0,"rotation":270,"texture":"#6"},"down":{"uv":[9.0,4.5625,7.875,5.0],"tintindex":0,"rotation":90,"texture":"#6"}}},{"from":[6.206765,-3.1759758,-1.9381943],"to":[8.956765,-1.9259768,5.5618067],"faces":{"east":{"uv":[8.6875,7.75,6.8125,8.0625],"tintindex":0,"rotation":0,"texture":"#6"},"south":{"uv":[0.6875,8.9375,0.0,9.25],"tintindex":0,"rotation":0,"texture":"#6"},"north":{"uv":[5.6875,8.9375,5.0,9.25],"tintindex":0,"rotation":0,"texture":"#6"},"west":{"uv":[9.5625,1.6875,7.6875,2.0],"tintindex":0,"rotation":0,"texture":"#6"},"up":{"uv":[6.0,4.8125,7.875,4.125],"tintindex":0,"rotation":270,"texture":"#6"},"down":{"uv":[6.0,4.8125,7.875,5.5],"tintindex":0,"rotation":90,"texture":"#6"}},"rotation":{"origin":[6.956765,-1.6134768,5.5618067],"angle":-22.5,"axis":"y"}},{"from":[4.706765,7.5740237,-0.6881943],"to":[7.456765,9.574024,0.3118062],"faces":{"east":{"uv":[9.375,4.125,9.125,4.625],"tintindex":0,"rotation":0,"texture":"#6"},"south":{"uv":[0.6875,7.9375,0.0,8.4375],"tintindex":0,"rotation":0,"texture":"#6"},"north":{"uv":[0.6875,8.4375,0.0,8.9375],"tintindex":0,"rotation":0,"texture":"#6"},"west":{"uv":[5.875,6.375,5.625,6.875],"tintindex":0,"rotation":0,"texture":"#6"},"up":{"uv":[4.1875,9.375,4.4375,8.6875],"tintindex":0,"rotation":270,"texture":"#6"},"down":{"uv":[7.4375,9.0,7.6875,9.6875],"tintindex":0,"rotation":90,"texture":"#6"}},"rotation":{"origin":[6.956765,-1.6134768,5.5618067],"angle":-22.5,"axis":"y"}},{"from":[7.456765,2.3240237,10.44449],"to":[8.956765,10.324024,14.19449],"faces":{"east":{"uv":[4.1875,3.375,5.125,5.375],"tintindex":0,"rotation":0,"texture":"#6"},"south":{"uv":[0.875,7.0625,1.25,9.0625],"tintindex":0,"rotation":0,"texture":"#6"},"north":{"uv":[1.8125,6.375,2.1875,8.375],"tintindex":0,"rotation":0,"texture":"#6"},"west":{"uv":[4.1875,1.375,5.125,3.375],"tintindex":0,"rotation":0,"texture":"#6"},"up":{"uv":[7.1875,8.8125,6.25,8.4375],"tintindex":0,"rotation":270,"texture":"#6"},"down":{"uv":[8.125,8.4375,7.1875,8.8125],"tintindex":0,"rotation":90,"texture":"#6"}},"rotation":{"origin":[6.956765,-1.6134768,10.44449],"angle":22.5,"axis":"y"}},{"from":[7.956765,4.8240232,17.944489],"to":[7.956765,7.8240237,22.694489],"faces":{"east":{"uv":[11.125,0.0,9.9375,0.75],"tintindex":0,"rotation":0,"texture":"#6"},"west":{"uv":[9.9375,0.0,11.125,0.75],"tintindex":0,"rotation":0,"texture":"#6"}},"rotation":{"origin":[6.956765,-1.6134768,10.44449],"angle":22.5,"axis":"y"}},{"from":[5.2416825,-3.1759758,5.1155353],"to":[6.2416825,2.3240237,10.890535],"faces":{"east":{"uv":[5.125,1.375,6.4375,2.75],"tintindex":0,"rotation":0,"texture":"#6"},"south":{"uv":[4.75,8.5625,5.0,9.9375],"tintindex":0,"rotation":0,"texture":"#6"},"north":{"uv":[4.5,8.5625,4.75,9.9375],"tintindex":0,"rotation":0,"texture":"#6"},"west":{"uv":[2.25,4.5625,3.5625,5.9375],"tintindex":0,"rotation":0,"texture":"#6"},"up":{"uv":[7.75,2.75,6.4375,2.5],"tintindex":0,"rotation":270,"texture":"#6"},"down":{"uv":[10.0,7.75,8.6875,8.0],"tintindex":0,"rotation":90,"texture":"#6"}}},{"from":[6.2416825,-3.1759758,5.7655354],"to":[8.991682,-1.9259768,10.765535],"faces":{"east":{"uv":[8.125,5.75,9.375,6.0625],"tintindex":0,"rotation":0,"texture":"#6"},"south":{"uv":[9.125,0.75,9.8125,1.0625],"tintindex":0,"rotation":0,"texture":"#6"},"north":{"uv":[9.0625,8.0,9.75,8.3125],"tintindex":0,"rotation":0,"texture":"#6"},"west":{"uv":[8.125,5.4375,9.375,5.75],"tintindex":0,"rotation":0,"texture":"#6"},"up":{"uv":[1.25,7.0625,0.0,6.375],"tintindex":0,"rotation":270,"texture":"#6"},"down":{"uv":[7.6875,1.3125,6.4375,2.0],"tintindex":0,"rotation":90,"texture":"#6"}}},{"from":[6.206765,1.0740237,-1.9381943],"to":[8.956765,2.3240237,5.8118067],"faces":{"east":{"uv":[9.3125,7.4375,7.375,7.75],"tintindex":0,"rotation":0,"texture":"#6"},"south":{"uv":[9.5,8.8125,8.8125,9.125],"tintindex":0,"rotation":0,"texture":"#6"},"north":{"uv":[9.5625,1.125,8.875,1.4375],"tintindex":0,"rotation":0,"texture":"#6"},"west":{"uv":[9.3125,7.125,7.375,7.4375],"tintindex":0,"rotation":0,"texture":"#6"},"up":{"uv":[6.0,3.4375,7.9375,2.75],"tintindex":0,"rotation":270,"texture":"#6"},"down":{"uv":[6.0,3.4375,7.9375,4.125],"tintindex":0,"rotation":90,"texture":"#6"}},"rotation":{"origin":[6.956765,-1.6134768,5.5618067],"angle":-22.5,"axis":"y"}},{"from":[7.456765,-15.925976,10.44449],"to":[8.956765,-3.1759758,17.944489],"faces":{"east":{"uv":[1.875,0.0,3.75,3.1875],"tintindex":0,"rotation":0,"texture":"#6"},"south":{"uv":[3.0,5.9375,3.375,9.125],"tintindex":0,"rotation":0,"texture":"#6"},"north":{"uv":[2.625,5.9375,3.0,9.125],"tintindex":0,"rotation":0,"texture":"#6"},"west":{"uv":[0.0,0.0,1.875,3.1875],"tintindex":0,"rotation":0,"texture":"#6"},"up":{"uv":[9.125,6.75,7.25,6.375],"tintindex":0,"rotation":270,"texture":"#6"},"down":{"uv":[9.25,6.75,7.375,7.125],"tintindex":0,"rotation":90,"texture":"#6"}},"rotation":{"origin":[6.956765,-1.6134768,10.44449],"angle":22.5,"axis":"y"}},{"from":[4.706765,8.324024,3.0618062],"to":[7.456765,10.324024,4.0618067],"faces":{"east":{"uv":[8.875,9.125,8.625,9.625],"tintindex":0,"rotation":0,"texture":"#6"},"south":{"uv":[8.8125,8.4375,8.125,8.9375],"tintindex":0,"rotation":0,"texture":"#6"},"north":{"uv":[9.1875,0.0,8.5,0.5],"tintindex":0,"rotation":0,"texture":"#6"},"west":{"uv":[9.375,4.625,9.125,5.125],"tintindex":0,"rotation":0,"texture":"#6"},"up":{"uv":[7.6875,9.6875,7.9375,9.0],"tintindex":0,"rotation":270,"texture":"#6"},"down":{"uv":[0.6875,9.0625,0.9375,9.75],"tintindex":0,"rotation":90,"texture":"#6"}},"rotation":{"origin":[6.956765,-1.6134768,5.5618067],"angle":-22.5,"axis":"y"}},{"from":[7.956765,1.3240237,-6.6881943],"to":[7.956765,4.3240232,-1.9381943],"faces":{"east":{"uv":[9.9375,0.0,11.125,0.75],"tintindex":0,"rotation":0,"texture":"#6"},"west":{"uv":[11.125,0.0,9.9375,0.75],"tintindex":0,"rotation":0,"texture":"#6"}},"rotation":{"origin":[6.956765,-1.6134768,5.5618067],"angle":-22.5,"axis":"y"}},{"from":[3.168705,-13.926226,6.003148],"to":[6.668705,-13.926226,9.503148],"faces":{"up":{"uv":[6.5,6.875,7.375,7.75],"tintindex":0,"rotation":0,"texture":"#6"},"down":{"uv":[7.375,6.875,6.5,7.75],"tintindex":0,"rotation":180,"texture":"#6"}}},{"from":[7.456765,2.3240237,-1.9381943],"to":[8.956765,9.574024,1.5618062],"faces":{"east":{"uv":[6.0,4.5625,5.125,6.375],"tintindex":0,"rotation":0,"texture":"#6"},"south":{"uv":[4.125,1.375,3.75,3.1875],"tintindex":0,"rotation":0,"texture":"#6"},"north":{"uv":[3.75,7.375,3.375,9.1875],"tintindex":0,"rotation":0,"texture":"#6"},"west":{"uv":[6.0,2.75,5.125,4.5625],"tintindex":0,"rotation":0,"texture":"#6"},"up":{"uv":[5.0,8.9375,5.875,8.5625],"tintindex":0,"rotation":270,"texture":"#6"},"down":{"uv":[5.875,8.8125,6.75,9.1875],"tintindex":0,"rotation":90,"texture":"#6"}},"rotation":{"origin":[6.956765,-1.6134768,5.5618067],"angle":-22.5,"axis":"y"}},{"from":[5.2416825,-3.2009764,-2.0469646],"to":[10.241682,-3.2009764,17.953035],"faces":{"up":{"uv":[15.99375,13.5,10.99375,12.25],"tintindex":0,"rotation":270,"texture":"#6"},"down":{"uv":[16.0,14.75,11.0,16.0],"tintindex":0,"rotation":90,"texture":"#6"}}},{"from":[6.7416825,4.8240232,5.4405355],"to":[7.4916825,6.8240237,10.565536],"faces":{"east":{"uv":[5.625,7.75,6.8125,8.25],"tintindex":0,"rotation":0,"texture":"#6"},"south":{"uv":[8.875,9.125,9.0625,9.625],"tintindex":0,"rotation":0,"texture":"#6"},"north":{"uv":[5.6875,8.9375,5.875,9.4375],"tintindex":0,"rotation":0,"texture":"#6"},"west":{"uv":[7.6875,1.1875,8.875,1.6875],"tintindex":0,"rotation":0,"texture":"#6"},"up":{"uv":[7.9375,9.0,6.75,8.8125],"tintindex":0,"rotation":270,"texture":"#6"},"down":{"uv":[10.0,8.625,8.8125,8.8125],"tintindex":0,"rotation":90,"texture":"#6"}}},{"from":[6.206765,1.0740237,10.19449],"to":[8.956765,2.3240237,17.944489],"faces":{"east":{"uv":[7.375,7.4375,9.3125,7.75],"tintindex":0,"rotation":0,"texture":"#6"},"south":{"uv":[8.875,1.125,9.5625,1.4375],"tintindex":0,"rotation":0,"texture":"#6"},"north":{"uv":[8.8125,8.8125,9.5,9.125],"tintindex":0,"rotation":0,"texture":"#6"},"west":{"uv":[7.375,7.125,9.3125,7.4375],"tintindex":0,"rotation":0,"texture":"#6"},"up":{"uv":[7.9375,3.4375,6.0,2.75],"tintindex":0,"rotation":270,"texture":"#6"},"down":{"uv":[7.9375,3.4375,6.0,4.125],"tintindex":0,"rotation":90,"texture":"#6"}},"rotation":{"origin":[6.956765,-1.6134768,10.44449],"angle":22.5,"axis":"y"}},{"from":[7.456765,2.3240237,14.44449],"to":[8.956765,9.574024,17.944489],"faces":{"east":{"uv":[5.125,4.5625,6.0,6.375],"tintindex":0,"rotation":0,"texture":"#6"},"south":{"uv":[3.375,7.375,3.75,9.1875],"tintindex":0,"rotation":0,"texture":"#6"},"north":{"uv":[3.75,1.375,4.125,3.1875],"tintindex":0,"rotation":0,"texture":"#6"},"west":{"uv":[5.125,2.75,6.0,4.5625],"tintindex":0,"rotation":0,"texture":"#6"},"up":{"uv":[5.875,8.9375,5.0,8.5625],"tintindex":0,"rotation":270,"texture":"#6"},"down":{"uv":[6.75,8.8125,5.875,9.1875],"tintindex":0,"rotation":90,"texture":"#6"}},"rotation":{"origin":[6.956765,-1.6134768,10.44449],"angle":22.5,"axis":"y"}},{"from":[5.206765,-3.1759758,-1.9381943],"to":[6.206765,2.3240237,5.8118067],"faces":{"east":{"uv":[5.6875,0.0,3.75,1.375],"tintindex":0,"rotation":0,"texture":"#6"},"south":{"uv":[2.0,8.375,1.75,9.75],"tintindex":0,"rotation":0,"texture":"#6"},"north":{"uv":[2.25,8.375,2.0,9.75],"tintindex":0,"rotation":0,"texture":"#6"},"west":{"uv":[4.1875,3.1875,2.25,4.5625],"tintindex":0,"rotation":0,"texture":"#6"},"up":{"uv":[7.9375,3.9375,9.875,3.6875],"tintindex":0,"rotation":270,"texture":"#6"},"down":{"uv":[8.0,0.5,9.9375,0.75],"tintindex":0,"rotation":90,"texture":"#6"}},"rotation":{"origin":[6.956765,-1.6134768,5.5618067],"angle":-22.5,"axis":"y"}},{"from":[6.713085,4.8240232,10.471767],"to":[7.463085,6.8240237,17.196766],"faces":{"east":{"uv":[6.8125,0.0,8.5,0.5],"tintindex":0,"rotation":0,"texture":"#6"},"south":{"uv":[3.375,5.9375,3.5625,6.4375],"tintindex":0,"rotation":0,"texture":"#6"},"north":{"uv":[4.0,4.5625,4.1875,5.0625],"tintindex":0,"rotation":0,"texture":"#6"},"west":{"uv":[6.4375,2.0,8.125,2.5],"tintindex":0,"rotation":0,"texture":"#6"},"up":{"uv":[9.625,4.125,7.9375,3.9375],"tintindex":0,"rotation":270,"texture":"#6"},"down":{"uv":[10.5,8.4375,8.8125,8.625],"tintindex":0,"rotation":90,"texture":"#6"}},"rotation":{"origin":[6.963085,-1.6134768,10.446768],"angle":22.5,"axis":"y"}},{"from":[3.9478245,-13.926226,12.170045],"to":[7.447824,-13.926226,15.670044],"faces":{"up":{"uv":[6.5,6.875,7.375,7.75],"tintindex":0,"rotation":0,"texture":"#6"},"down":{"uv":[7.375,6.875,6.5,7.75],"tintindex":0,"rotation":180,"texture":"#6"}},"rotation":{"origin":[6.760324,-14.051102,12.420045],"angle":22.5,"axis":"y"}},{"from":[7.956765,4.8240232,-6.6881943],"to":[7.956765,7.8240237,-1.9381943],"faces":{"east":{"uv":[9.9375,0.0,11.125,0.75],"tintindex":0,"rotation":0,"texture":"#6"},"west":{"uv":[11.125,0.0,9.9375,0.75],"tintindex":0,"rotation":0,"texture":"#6"}},"rotation":{"origin":[6.956765,-1.6134768,5.5618067],"angle":-22.5,"axis":"y"}},{"from":[7.418705,2.3240237,5.753148],"to":[8.918705,7.5740237,10.253148],"faces":{"east":{"uv":[5.6875,0.0,6.8125,1.3125],"tintindex":0,"rotation":0,"texture":"#6"},"south":{"uv":[4.125,7.375,4.5,8.6875],"tintindex":0,"rotation":0,"texture":"#6"},"north":{"uv":[3.75,7.375,4.125,8.6875],"tintindex":0,"rotation":0,"texture":"#6"},"west":{"uv":[3.5625,5.375,4.6875,6.6875],"tintindex":0,"rotation":0,"texture":"#6"},"up":{"uv":[9.125,1.125,8.0,0.75],"tintindex":0,"rotation":270,"texture":"#6"},"down":{"uv":[7.9375,8.0625,6.8125,8.4375],"tintindex":0,"rotation":90,"texture":"#6"}}},{"from":[7.956765,1.3240237,17.944489],"to":[7.956765,4.3240232,22.694489],"faces":{"east":{"uv":[11.125,0.0,9.9375,0.75],"tintindex":0,"rotation":0,"texture":"#6"},"west":{"uv":[9.9375,0.0,11.125,0.75],"tintindex":0,"rotation":0,"texture":"#6"}},"rotation":{"origin":[6.956765,-1.6134768,10.44449],"angle":22.5,"axis":"y"}},{"from":[3.9478245,-15.925976,13.920045],"to":[7.447824,-12.425976,13.920045],"faces":{"south":{"uv":[6.5,6.875,7.375,7.75],"tintindex":0,"rotation":0,"texture":"#6"},"north":{"uv":[7.375,6.875,6.5,7.75],"tintindex":0,"rotation":0,"texture":"#6"}},"rotation":{"origin":[6.760324,-14.051102,12.420045],"angle":22.5,"axis":"y"}},{"from":[3.168705,-15.925976,7.753148],"to":[6.668705,-12.425976,7.753148],"faces":{"south":{"uv":[6.5,6.875,7.375,7.75],"tintindex":0,"rotation":0,"texture":"#6"},"north":{"uv":[7.375,6.875,6.5,7.75],"tintindex":0,"rotation":0,"texture":"#6"}}},{"from":[3.9478245,-13.926226,0.33625174],"to":[7.447824,-13.926226,3.8362513],"faces":{"up":{"uv":[6.5,7.75,7.375,6.875],"tintindex":0,"rotation":0,"texture":"#6"},"down":{"uv":[7.375,7.75,6.5,6.875],"tintindex":0,"rotation":180,"texture":"#6"}},"rotation":{"origin":[6.760324,-14.051102,3.5862513],"angle":-22.5,"axis":"y"}},{"from":[7.447824,-15.925976,12.170045],"to":[8.1978245,-12.425976,15.670044],"faces":{"east":{"uv":[7.25,5.5,8.125,6.375],"tintindex":0,"rotation":0,"texture":"#6"},"south":{"uv":[0.6875,7.9375,0.875,8.8125],"tintindex":0,"rotation":0,"texture":"#6"},"north":{"uv":[4.5,7.375,4.6875,8.25],"tintindex":0,"rotation":0,"texture":"#6"},"west":{"uv":[0.0,7.0625,0.875,7.9375],"tintindex":0,"rotation":0,"texture":"#6"},"up":{"uv":[9.75,1.625,8.875,1.4375],"tintindex":0,"rotation":270,"texture":"#6"},"down":{"uv":[3.125,9.125,2.25,9.3125],"tintindex":0,"rotation":90,"texture":"#6"}},"rotation":{"origin":[6.760324,-14.051102,12.420045],"angle":22.5,"axis":"y"}},{"from":[7.456765,2.3240237,1.8118062],"to":[8.956765,10.324024,5.5618067],"faces":{"east":{"uv":[5.125,3.375,4.1875,5.375],"tintindex":0,"rotation":0,"texture":"#6"},"south":{"uv":[2.1875,6.375,1.8125,8.375],"tintindex":0,"rotation":0,"texture":"#6"},"north":{"uv":[1.25,7.0625,0.875,9.0625],"tintindex":0,"rotation":0,"texture":"#6"},"west":{"uv":[5.125,1.375,4.1875,3.375],"tintindex":0,"rotation":0,"texture":"#6"},"up":{"uv":[6.25,8.8125,7.1875,8.4375],"tintindex":0,"rotation":270,"texture":"#6"},"down":{"uv":[7.1875,8.4375,8.125,8.8125],"tintindex":0,"rotation":90,"texture":"#6"}},"rotation":{"origin":[6.956765,-1.6134768,5.5618067],"angle":-22.5,"axis":"y"}},{"from":[5.2416825,2.3490238,-2.0469646],"to":[10.241682,2.3490238,17.953035],"faces":{"up":{"uv":[15.99375,14.75,10.99375,13.5],"tintindex":0,"rotation":270,"texture":"#6"},"down":{"uv":[15.99375,12.25,10.99375,13.5],"tintindex":0,"rotation":90,"texture":"#6"}}}],"display":{"gui":{"rotation":[30,225,0]}}}