{"textures":{"0":"modelengine:entity/tower_skeleton_body"},"elements":[{"from":[3.0,-1.9999981,5.5],"to":[8.0,8.0,10.5],"faces":{"east":{"uv":[9.28125,9.03125,9.4375,9.34375],"tintindex":0,"rotation":0,"texture":"#0"},"south":{"uv":[9.3125,2.09375,9.46875,2.40625],"tintindex":0,"rotation":0,"texture":"#0"},"north":{"uv":[6.9375,9.28125,7.09375,9.59375],"tintindex":0,"rotation":0,"texture":"#0"},"west":{"uv":[9.3125,2.40625,9.46875,2.71875],"tintindex":0,"rotation":0,"texture":"#0"},"up":{"uv":[9.875,2.0,9.71875,1.84375],"tintindex":0,"rotation":0,"texture":"#0"},"down":{"uv":[3.5,9.71875,3.34375,9.875],"tintindex":0,"rotation":0,"texture":"#0"}}}],"display":{"gui":{"rotation":[30,225,0]}}}