{"textures":{"0":"modelengine:entity/tower_skeleton_body"},"elements":[{"from":[5.0,5.500001,6.875],"to":[11.0,11.0,7.875],"faces":{"east":{"uv":[0.6875,2.46875,0.75,2.8125],"tintindex":0,"rotation":0,"texture":"#0"},"south":{"uv":[6.59375,8.28125,6.96875,8.625],"tintindex":0,"rotation":0,"texture":"#0"},"north":{"uv":[8.25,2.75,8.625,3.09375],"tintindex":0,"rotation":0,"texture":"#0"},"west":{"uv":[4.46875,1.375,4.53125,1.71875],"tintindex":0,"rotation":0,"texture":"#0"},"up":{"uv":[1.125,2.0625,0.75,2.0],"tintindex":0,"rotation":0,"texture":"#0"},"down":{"uv":[3.96875,0.5,3.59375,0.5625],"tintindex":0,"rotation":0,"texture":"#0"}},"rotation":{"origin":[8.0,8.25,7.375],"angle":-22.5,"axis":"x"}},{"from":[4.5,1.0179901,7.96544],"to":[11.5,8.01799,16.965439],"faces":{"east":{"uv":[6.3125,1.0625,6.875,1.5],"tintindex":0,"rotation":0,"texture":"#0"},"south":{"uv":[0.0,7.15625,0.4375,7.59375],"tintindex":0,"rotation":0,"texture":"#0"},"north":{"uv":[7.125,6.96875,7.5625,7.40625],"tintindex":0,"rotation":0,"texture":"#0"},"west":{"uv":[6.34375,1.5,6.90625,1.9375],"tintindex":0,"rotation":0,"texture":"#0"},"up":{"uv":[2.875,6.84375,2.4375,6.28125],"tintindex":0,"rotation":0,"texture":"#0"},"down":{"uv":[3.3125,6.34375,2.875,6.90625],"tintindex":0,"rotation":0,"texture":"#0"}}},{"from":[5.0,-4.98201,7.96544],"to":[11.0,1.0179901,15.46544],"faces":{"east":{"uv":[4.125,7.3125,4.59375,7.6875],"tintindex":0,"rotation":0,"texture":"#0"},"south":{"uv":[8.03125,3.125,8.40625,3.5],"tintindex":0,"rotation":0,"texture":"#0"},"north":{"uv":[8.03125,1.90625,8.40625,2.28125],"tintindex":0,"rotation":0,"texture":"#0"},"west":{"uv":[7.3125,5.75,7.78125,6.125],"tintindex":0,"rotation":0,"texture":"#0"},"up":{"uv":[2.875,6.28125,2.5,5.8125],"tintindex":0,"rotation":0,"texture":"#0"},"down":{"uv":[2.25,7.3125,1.875,7.78125],"tintindex":0,"rotation":0,"texture":"#0"}}},{"from":[8.0,-1.9820099,4.46544],"to":[8.0,8.01799,7.96544],"faces":{"east":{"uv":[1.625,8.0625,1.84375,8.6875],"tintindex":0,"rotation":0,"texture":"#0"},"west":{"uv":[6.375,8.0625,6.59375,8.6875],"tintindex":0,"rotation":0,"texture":"#0"}}}],"display":{"gui":{"rotation":[30,225,0]}}}