{"textures":{"6":"modelengine:entity/tower_skeleton_shield"},"elements":[{"from":[7.263766,-10.56797,-2.2183313],"to":[8.263766,-5.9013023,2.4483347],"faces":{"east":{"uv":[8.125,5.5,7.25,6.375],"tintindex":0,"rotation":0,"texture":"#6"},"south":{"uv":[4.6875,7.375,4.5,8.25],"tintindex":0,"rotation":0,"texture":"#6"},"north":{"uv":[0.875,7.9375,0.6875,8.8125],"tintindex":0,"rotation":0,"texture":"#6"},"west":{"uv":[0.875,7.0625,0.0,7.9375],"tintindex":0,"rotation":0,"texture":"#6"},"up":{"uv":[8.875,1.625,9.75,1.4375],"tintindex":0,"rotation":270,"texture":"#6"},"down":{"uv":[2.25,9.125,3.125,9.3125],"tintindex":0,"rotation":90,"texture":"#6"}},"rotation":{"origin":[6.3470993,-8.068136,2.1150017],"angle":-22.5,"axis":"y"}},{"from":[5.3222427,-1.2346363,5.020714],"to":[7.655576,2.4320307,11.020714],"faces":{"east":{"uv":[6.125,6.1875,7.25,6.875],"tintindex":0,"rotation":0,"texture":"#6"},"south":{"uv":[3.75,8.6875,4.1875,9.375],"tintindex":0,"rotation":0,"texture":"#6"},"north":{"uv":[3.5625,4.5625,4.0,5.25],"tintindex":0,"rotation":0,"texture":"#6"},"west":{"uv":[6.125,5.5,7.25,6.1875],"tintindex":0,"rotation":0,"texture":"#6"},"up":{"uv":[9.0,4.5625,7.875,4.125],"tintindex":0,"rotation":270,"texture":"#6"},"down":{"uv":[9.0,4.5625,7.875,5.0],"tintindex":0,"rotation":90,"texture":"#6"}}},{"from":[5.60902,12.098698,-5.250926],"to":[9.275687,13.765365,5.082408],"faces":{"east":{"uv":[9.3125,7.4375,7.375,7.75],"tintindex":0,"rotation":0,"texture":"#6"},"south":{"uv":[9.5,8.8125,8.8125,9.125],"tintindex":0,"rotation":0,"texture":"#6"},"north":{"uv":[9.5625,1.125,8.875,1.4375],"tintindex":0,"rotation":0,"texture":"#6"},"west":{"uv":[9.3125,7.125,7.375,7.4375],"tintindex":0,"rotation":0,"texture":"#6"},"up":{"uv":[6.0,3.4375,7.9375,2.75],"tintindex":0,"rotation":270,"texture":"#6"},"down":{"uv":[6.0,3.4375,7.9375,4.125],"tintindex":0,"rotation":90,"texture":"#6"}},"rotation":{"origin":[6.60902,8.515365,4.749075],"angle":-22.5,"axis":"y"}},{"from":[7.2756867,13.765365,-5.250926],"to":[9.275687,23.432032,-0.58425903],"faces":{"east":{"uv":[6.0,4.5625,5.125,6.375],"tintindex":0,"rotation":0,"texture":"#6"},"south":{"uv":[4.125,1.375,3.75,3.1875],"tintindex":0,"rotation":0,"texture":"#6"},"north":{"uv":[3.75,7.375,3.375,9.1875],"tintindex":0,"rotation":0,"texture":"#6"},"west":{"uv":[6.0,2.75,5.125,4.5625],"tintindex":0,"rotation":0,"texture":"#6"},"up":{"uv":[5.0,8.9375,5.875,8.5625],"tintindex":0,"rotation":270,"texture":"#6"},"down":{"uv":[5.875,8.8125,6.75,9.1875],"tintindex":0,"rotation":90,"texture":"#6"}},"rotation":{"origin":[6.60902,8.515365,4.749075],"angle":-22.5,"axis":"y"}},{"from":[7.9423537,17.098698,21.25932],"to":[7.9423537,21.098698,27.592651],"faces":{"east":{"uv":[11.125,0.0,9.9375,0.75],"tintindex":0,"rotation":0,"texture":"#6"},"west":{"uv":[9.9375,0.0,11.125,0.75],"tintindex":0,"rotation":0,"texture":"#6"}},"rotation":{"origin":[6.60902,8.515365,11.25932],"angle":22.5,"axis":"y"}},{"from":[5.60902,12.098698,10.925987],"to":[9.275687,13.765365,21.25932],"faces":{"east":{"uv":[7.375,7.4375,9.3125,7.75],"tintindex":0,"rotation":0,"texture":"#6"},"south":{"uv":[8.875,1.125,9.5625,1.4375],"tintindex":0,"rotation":0,"texture":"#6"},"north":{"uv":[8.8125,8.8125,9.5,9.125],"tintindex":0,"rotation":0,"texture":"#6"},"west":{"uv":[7.375,7.125,9.3125,7.4375],"tintindex":0,"rotation":0,"texture":"#6"},"up":{"uv":[7.9375,3.4375,6.0,2.75],"tintindex":0,"rotation":270,"texture":"#6"},"down":{"uv":[7.9375,3.4375,6.0,4.125],"tintindex":0,"rotation":90,"texture":"#6"}},"rotation":{"origin":[6.60902,8.515365,11.25932],"angle":22.5,"axis":"y"}},{"from":[7.2756867,13.765365,11.25932],"to":[9.275687,24.432032,16.259321],"faces":{"east":{"uv":[4.1875,3.375,5.125,5.375],"tintindex":0,"rotation":0,"texture":"#6"},"south":{"uv":[0.875,7.0625,1.25,9.0625],"tintindex":0,"rotation":0,"texture":"#6"},"north":{"uv":[1.8125,6.375,2.1875,8.375],"tintindex":0,"rotation":0,"texture":"#6"},"west":{"uv":[4.1875,1.375,5.125,3.375],"tintindex":0,"rotation":0,"texture":"#6"},"up":{"uv":[7.1875,8.8125,6.25,8.4375],"tintindex":0,"rotation":270,"texture":"#6"},"down":{"uv":[8.125,8.4375,7.1875,8.8125],"tintindex":0,"rotation":90,"texture":"#6"}},"rotation":{"origin":[6.60902,8.515365,11.25932],"angle":22.5,"axis":"y"}},{"from":[7.9423537,12.432032,21.25932],"to":[7.9423537,16.432032,27.592651],"faces":{"east":{"uv":[11.125,0.0,9.9375,0.75],"tintindex":0,"rotation":0,"texture":"#6"},"west":{"uv":[9.9375,0.0,11.125,0.75],"tintindex":0,"rotation":0,"texture":"#6"}},"rotation":{"origin":[6.60902,8.515365,11.25932],"angle":22.5,"axis":"y"}},{"from":[7.2756867,-10.56797,11.25932],"to":[9.275687,6.4320307,21.25932],"faces":{"east":{"uv":[1.875,0.0,3.75,3.1875],"tintindex":0,"rotation":0,"texture":"#6"},"south":{"uv":[3.0,5.9375,3.375,9.125],"tintindex":0,"rotation":0,"texture":"#6"},"north":{"uv":[2.625,5.9375,3.0,9.125],"tintindex":0,"rotation":0,"texture":"#6"},"west":{"uv":[0.0,0.0,1.875,3.1875],"tintindex":0,"rotation":0,"texture":"#6"},"up":{"uv":[9.125,6.75,7.25,6.375],"tintindex":0,"rotation":270,"texture":"#6"},"down":{"uv":[9.25,6.75,7.375,7.125],"tintindex":0,"rotation":90,"texture":"#6"}},"rotation":{"origin":[6.60902,8.515365,11.25932],"angle":22.5,"axis":"y"}},{"from":[6.2841134,17.098698,-4.2539625],"to":[7.2841134,19.765366,4.7127047],"faces":{"east":{"uv":[8.5,0.0,6.8125,0.5],"tintindex":0,"rotation":0,"texture":"#6"},"south":{"uv":[4.1875,4.5625,4.0,5.0625],"tintindex":0,"rotation":0,"texture":"#6"},"north":{"uv":[3.5625,5.9375,3.375,6.4375],"tintindex":0,"rotation":0,"texture":"#6"},"west":{"uv":[8.125,2.0,6.4375,2.5],"tintindex":0,"rotation":0,"texture":"#6"},"up":{"uv":[7.9375,4.125,9.625,3.9375],"tintindex":0,"rotation":270,"texture":"#6"},"down":{"uv":[8.8125,8.4375,10.5,8.625],"tintindex":0,"rotation":90,"texture":"#6"}},"rotation":{"origin":[6.617447,8.515365,4.7460375],"angle":-22.5,"axis":"y"}},{"from":[7.9423537,12.432032,-11.584259],"to":[7.9423537,16.432032,-5.250926],"faces":{"east":{"uv":[9.9375,0.0,11.125,0.75],"tintindex":0,"rotation":0,"texture":"#6"},"west":{"uv":[11.125,0.0,9.9375,0.75],"tintindex":0,"rotation":0,"texture":"#6"}},"rotation":{"origin":[6.60902,8.515365,4.749075],"angle":-22.5,"axis":"y"}},{"from":[7.22494,-10.56797,5.004197],"to":[9.22494,6.4320307,11.004198],"faces":{"east":{"uv":[1.125,3.1875,2.25,6.375],"tintindex":0,"rotation":0,"texture":"#6"},"south":{"uv":[2.25,5.9375,2.625,9.125],"tintindex":0,"rotation":0,"texture":"#6"},"north":{"uv":[4.6875,5.375,5.0625,8.5625],"tintindex":0,"rotation":0,"texture":"#6"},"west":{"uv":[0.0,3.1875,1.125,6.375],"tintindex":0,"rotation":0,"texture":"#6"},"up":{"uv":[9.0625,8.4375,7.9375,8.0625],"tintindex":0,"rotation":270,"texture":"#6"},"down":{"uv":[9.25,2.0,8.125,2.375],"tintindex":0,"rotation":90,"texture":"#6"}}},{"from":[6.22494,-10.56797,5.3375306],"to":[7.22494,-5.9013023,10.004198],"faces":{"east":{"uv":[7.25,5.5,8.125,6.375],"tintindex":0,"rotation":0,"texture":"#6"},"south":{"uv":[0.6875,7.9375,0.875,8.8125],"tintindex":0,"rotation":0,"texture":"#6"},"north":{"uv":[4.5,7.375,4.6875,8.25],"tintindex":0,"rotation":0,"texture":"#6"},"west":{"uv":[0.0,7.0625,0.875,7.9375],"tintindex":0,"rotation":0,"texture":"#6"},"up":{"uv":[9.75,1.625,8.875,1.4375],"tintindex":0,"rotation":270,"texture":"#6"},"down":{"uv":[3.125,9.125,2.25,9.3125],"tintindex":0,"rotation":90,"texture":"#6"}}},{"from":[7.2756867,-10.56797,-5.250926],"to":[9.275687,6.4320307,4.749075],"faces":{"east":{"uv":[3.75,0.0,1.875,3.1875],"tintindex":0,"rotation":0,"texture":"#6"},"south":{"uv":[3.0,5.9375,2.625,9.125],"tintindex":0,"rotation":0,"texture":"#6"},"north":{"uv":[3.375,5.9375,3.0,9.125],"tintindex":0,"rotation":0,"texture":"#6"},"west":{"uv":[1.875,0.0,0.0,3.1875],"tintindex":0,"rotation":0,"texture":"#6"},"up":{"uv":[7.25,6.75,9.125,6.375],"tintindex":0,"rotation":270,"texture":"#6"},"down":{"uv":[7.375,6.75,9.25,7.125],"tintindex":0,"rotation":90,"texture":"#6"}},"rotation":{"origin":[6.60902,8.515365,4.749075],"angle":-22.5,"axis":"y"}},{"from":[4.2756867,6.4320307,-5.250926],"to":[5.60902,13.765365,5.082408],"faces":{"east":{"uv":[5.6875,0.0,3.75,1.375],"tintindex":0,"rotation":0,"texture":"#6"},"south":{"uv":[2.0,8.375,1.75,9.75],"tintindex":0,"rotation":0,"texture":"#6"},"north":{"uv":[2.25,8.375,2.0,9.75],"tintindex":0,"rotation":0,"texture":"#6"},"west":{"uv":[4.1875,3.1875,2.25,4.5625],"tintindex":0,"rotation":0,"texture":"#6"},"up":{"uv":[7.9375,3.9375,9.875,3.6875],"tintindex":0,"rotation":270,"texture":"#6"},"down":{"uv":[8.0,0.5,9.9375,0.75],"tintindex":0,"rotation":90,"texture":"#6"}},"rotation":{"origin":[6.60902,8.515365,4.749075],"angle":-22.5,"axis":"y"}},{"from":[4.3222427,6.398698,-5.395953],"to":[10.98891,6.398698,21.270714],"faces":{"up":{"uv":[15.99375,13.5,10.99375,12.25],"tintindex":0,"rotation":270,"texture":"#6"},"down":{"uv":[16.0,14.75,11.0,16.0],"tintindex":0,"rotation":90,"texture":"#6"}}},{"from":[6.2841134,17.098698,11.295691],"to":[7.2841134,19.765366,20.262356],"faces":{"east":{"uv":[6.8125,0.0,8.5,0.5],"tintindex":0,"rotation":0,"texture":"#6"},"south":{"uv":[3.375,5.9375,3.5625,6.4375],"tintindex":0,"rotation":0,"texture":"#6"},"north":{"uv":[4.0,4.5625,4.1875,5.0625],"tintindex":0,"rotation":0,"texture":"#6"},"west":{"uv":[6.4375,2.0,8.125,2.5],"tintindex":0,"rotation":0,"texture":"#6"},"up":{"uv":[9.625,4.125,7.9375,3.9375],"tintindex":0,"rotation":270,"texture":"#6"},"down":{"uv":[10.5,8.4375,8.8125,8.625],"tintindex":0,"rotation":90,"texture":"#6"}},"rotation":{"origin":[6.617447,8.515365,11.262358],"angle":22.5,"axis":"y"}},{"from":[4.2756867,6.4320307,10.925987],"to":[5.60902,13.765365,21.25932],"faces":{"east":{"uv":[3.75,0.0,5.6875,1.375],"tintindex":0,"rotation":0,"texture":"#6"},"south":{"uv":[2.0,8.375,2.25,9.75],"tintindex":0,"rotation":0,"texture":"#6"},"north":{"uv":[1.75,8.375,2.0,9.75],"tintindex":0,"rotation":0,"texture":"#6"},"west":{"uv":[2.25,3.1875,4.1875,4.5625],"tintindex":0,"rotation":0,"texture":"#6"},"up":{"uv":[9.875,3.9375,7.9375,3.6875],"tintindex":0,"rotation":270,"texture":"#6"},"down":{"uv":[9.9375,0.5,8.0,0.75],"tintindex":0,"rotation":90,"texture":"#6"}},"rotation":{"origin":[6.60902,8.515365,11.25932],"angle":22.5,"axis":"y"}},{"from":[5.3222427,-1.2346363,11.020714],"to":[8.322243,6.765364,12.354048],"faces":{"east":{"uv":[1.5,7.875,1.75,9.375],"tintindex":0,"rotation":0,"texture":"#6"},"south":{"uv":[5.0625,6.375,5.625,7.875],"tintindex":0,"rotation":0,"texture":"#6"},"north":{"uv":[1.25,6.375,1.8125,7.875],"tintindex":0,"rotation":0,"texture":"#6"},"west":{"uv":[1.25,7.875,1.5,9.375],"tintindex":0,"rotation":0,"texture":"#6"},"up":{"uv":[1.1875,9.625,0.9375,9.0625],"tintindex":0,"rotation":270,"texture":"#6"},"down":{"uv":[3.375,9.125,3.125,9.6875],"tintindex":0,"rotation":90,"texture":"#6"}}},{"from":[5.6555758,12.098698,4.6873803],"to":[9.322243,13.765365,11.354048],"faces":{"east":{"uv":[5.0625,8.25,6.25,8.5625],"tintindex":0,"rotation":0,"texture":"#6"},"south":{"uv":[6.75,9.0,7.4375,9.3125],"tintindex":0,"rotation":0,"texture":"#6"},"north":{"uv":[7.9375,8.9375,8.625,9.25],"tintindex":0,"rotation":0,"texture":"#6"},"west":{"uv":[8.125,6.0625,9.3125,6.375],"tintindex":0,"rotation":0,"texture":"#6"},"up":{"uv":[4.5625,7.375,3.375,6.6875],"tintindex":0,"rotation":270,"texture":"#6"},"down":{"uv":[8.0,0.5,6.8125,1.1875],"tintindex":0,"rotation":90,"texture":"#6"}}},{"from":[3.6090202,20.765366,18.259321],"to":[7.2756867,23.432032,19.592653],"faces":{"east":{"uv":[9.125,4.125,9.375,4.625],"tintindex":0,"rotation":0,"texture":"#6"},"south":{"uv":[0.0,8.4375,0.6875,8.9375],"tintindex":0,"rotation":0,"texture":"#6"},"north":{"uv":[0.0,7.9375,0.6875,8.4375],"tintindex":0,"rotation":0,"texture":"#6"},"west":{"uv":[5.625,6.375,5.875,6.875],"tintindex":0,"rotation":0,"texture":"#6"},"up":{"uv":[4.4375,9.375,4.1875,8.6875],"tintindex":0,"rotation":270,"texture":"#6"},"down":{"uv":[7.6875,9.0,7.4375,9.6875],"tintindex":0,"rotation":90,"texture":"#6"}},"rotation":{"origin":[6.60902,8.515365,11.25932],"angle":22.5,"axis":"y"}},{"from":[6.3222427,17.098698,4.5873804],"to":[7.3222427,19.765366,11.420714],"faces":{"east":{"uv":[5.625,7.75,6.8125,8.25],"tintindex":0,"rotation":0,"texture":"#6"},"south":{"uv":[8.875,9.125,9.0625,9.625],"tintindex":0,"rotation":0,"texture":"#6"},"north":{"uv":[5.6875,8.9375,5.875,9.4375],"tintindex":0,"rotation":0,"texture":"#6"},"west":{"uv":[7.6875,1.1875,8.875,1.6875],"tintindex":0,"rotation":0,"texture":"#6"},"up":{"uv":[7.9375,9.0,6.75,8.8125],"tintindex":0,"rotation":270,"texture":"#6"},"down":{"uv":[10.0,8.625,8.8125,8.8125],"tintindex":0,"rotation":90,"texture":"#6"}}},{"from":[5.6555758,6.4320307,5.020714],"to":[9.322243,8.098698,11.687381],"faces":{"east":{"uv":[8.125,5.75,9.375,6.0625],"tintindex":0,"rotation":0,"texture":"#6"},"south":{"uv":[9.125,0.75,9.8125,1.0625],"tintindex":0,"rotation":0,"texture":"#6"},"north":{"uv":[9.0625,8.0,9.75,8.3125],"tintindex":0,"rotation":0,"texture":"#6"},"west":{"uv":[8.125,5.4375,9.375,5.75],"tintindex":0,"rotation":0,"texture":"#6"},"up":{"uv":[1.25,7.0625,0.0,6.375],"tintindex":0,"rotation":270,"texture":"#6"},"down":{"uv":[7.6875,1.3125,6.4375,2.0],"tintindex":0,"rotation":90,"texture":"#6"}}},{"from":[7.22494,13.765365,5.004197],"to":[9.22494,20.765366,11.004198],"faces":{"east":{"uv":[5.6875,0.0,6.8125,1.3125],"tintindex":0,"rotation":0,"texture":"#6"},"south":{"uv":[4.125,7.375,4.5,8.6875],"tintindex":0,"rotation":0,"texture":"#6"},"north":{"uv":[3.75,7.375,4.125,8.6875],"tintindex":0,"rotation":0,"texture":"#6"},"west":{"uv":[3.5625,5.375,4.6875,6.6875],"tintindex":0,"rotation":0,"texture":"#6"},"up":{"uv":[9.125,1.125,8.0,0.75],"tintindex":0,"rotation":270,"texture":"#6"},"down":{"uv":[7.9375,8.0625,6.8125,8.4375],"tintindex":0,"rotation":90,"texture":"#6"}}},{"from":[1.5582733,-7.901636,5.3375306],"to":[6.22494,-7.901636,10.004198],"faces":{"up":{"uv":[6.5,6.875,7.375,7.75],"tintindex":0,"rotation":0,"texture":"#6"},"down":{"uv":[7.375,6.875,6.5,7.75],"tintindex":0,"rotation":180,"texture":"#6"}}},{"from":[3.6090202,21.765366,13.25932],"to":[7.2756867,24.432032,14.592653],"faces":{"east":{"uv":[8.625,9.125,8.875,9.625],"tintindex":0,"rotation":0,"texture":"#6"},"south":{"uv":[8.5,0.0,9.1875,0.5],"tintindex":0,"rotation":0,"texture":"#6"},"north":{"uv":[8.125,8.4375,8.8125,8.9375],"tintindex":0,"rotation":0,"texture":"#6"},"west":{"uv":[9.125,4.625,9.375,5.125],"tintindex":0,"rotation":0,"texture":"#6"},"up":{"uv":[7.9375,9.6875,7.6875,9.0],"tintindex":0,"rotation":270,"texture":"#6"},"down":{"uv":[0.9375,9.0625,0.6875,9.75],"tintindex":0,"rotation":90,"texture":"#6"}},"rotation":{"origin":[6.60902,8.515365,11.25932],"angle":22.5,"axis":"y"}},{"from":[4.497285,2.0903225,4.6873803],"to":[4.497285,4.423655,11.354048],"faces":{"east":{"uv":[9.125,5.0,7.875,5.4375],"tintindex":0,"rotation":0,"texture":"#6"},"west":{"uv":[7.875,5.0,9.125,5.4375],"tintindex":0,"rotation":0,"texture":"#6"}},"rotation":{"origin":[4.497285,3.256989,8.354047],"angle":45.0,"axis":"z"}},{"from":[2.5970993,-7.901636,13.5600605],"to":[7.263766,-7.901636,18.226727],"faces":{"up":{"uv":[6.5,6.875,7.375,7.75],"tintindex":0,"rotation":0,"texture":"#6"},"down":{"uv":[7.375,6.875,6.5,7.75],"tintindex":0,"rotation":180,"texture":"#6"}},"rotation":{"origin":[6.3470993,-8.068136,13.8933935],"angle":22.5,"axis":"y"}},{"from":[4.3222427,13.798697,-5.395953],"to":[10.98891,13.798697,21.270714],"faces":{"up":{"uv":[15.99375,14.75,10.99375,13.5],"tintindex":0,"rotation":270,"texture":"#6"},"down":{"uv":[15.99375,12.25,10.99375,13.5],"tintindex":0,"rotation":90,"texture":"#6"}}},{"from":[7.2756867,13.765365,16.592655],"to":[9.275687,23.432032,21.25932],"faces":{"east":{"uv":[5.125,4.5625,6.0,6.375],"tintindex":0,"rotation":0,"texture":"#6"},"south":{"uv":[3.375,7.375,3.75,9.1875],"tintindex":0,"rotation":0,"texture":"#6"},"north":{"uv":[3.75,1.375,4.125,3.1875],"tintindex":0,"rotation":0,"texture":"#6"},"west":{"uv":[5.125,2.75,6.0,4.5625],"tintindex":0,"rotation":0,"texture":"#6"},"up":{"uv":[5.875,8.9375,5.0,8.5625],"tintindex":0,"rotation":270,"texture":"#6"},"down":{"uv":[6.75,8.8125,5.875,9.1875],"tintindex":0,"rotation":90,"texture":"#6"}},"rotation":{"origin":[6.60902,8.515365,11.25932],"angle":22.5,"axis":"y"}},{"from":[2.5970993,-10.56797,0.115002155],"to":[7.263766,-5.9013023,0.115002155],"faces":{"south":{"uv":[6.5,6.875,7.375,7.75],"tintindex":0,"rotation":0,"texture":"#6"},"north":{"uv":[7.375,6.875,6.5,7.75],"tintindex":0,"rotation":0,"texture":"#6"}},"rotation":{"origin":[6.3470993,-8.068136,2.1150017],"angle":-22.5,"axis":"y"}},{"from":[3.6090202,20.765366,-3.584259],"to":[7.2756867,23.432032,-2.250925],"faces":{"east":{"uv":[9.375,4.125,9.125,4.625],"tintindex":0,"rotation":0,"texture":"#6"},"south":{"uv":[0.6875,7.9375,0.0,8.4375],"tintindex":0,"rotation":0,"texture":"#6"},"north":{"uv":[0.6875,8.4375,0.0,8.9375],"tintindex":0,"rotation":0,"texture":"#6"},"west":{"uv":[5.875,6.375,5.625,6.875],"tintindex":0,"rotation":0,"texture":"#6"},"up":{"uv":[4.1875,9.375,4.4375,8.6875],"tintindex":0,"rotation":270,"texture":"#6"},"down":{"uv":[7.4375,9.0,7.6875,9.6875],"tintindex":0,"rotation":90,"texture":"#6"}},"rotation":{"origin":[6.60902,8.515365,4.749075],"angle":-22.5,"axis":"y"}},{"from":[7.9423537,17.098698,-11.584259],"to":[7.9423537,21.098698,-5.250926],"faces":{"east":{"uv":[9.9375,0.0,11.125,0.75],"tintindex":0,"rotation":0,"texture":"#6"},"west":{"uv":[11.125,0.0,9.9375,0.75],"tintindex":0,"rotation":0,"texture":"#6"}},"rotation":{"origin":[6.60902,8.515365,4.749075],"angle":-22.5,"axis":"y"}},{"from":[4.3222427,6.4320307,4.154047],"to":[5.6555758,13.765365,11.854048],"faces":{"east":{"uv":[5.125,1.375,6.4375,2.75],"tintindex":0,"rotation":0,"texture":"#6"},"south":{"uv":[4.75,8.5625,5.0,9.9375],"tintindex":0,"rotation":0,"texture":"#6"},"north":{"uv":[4.5,8.5625,4.75,9.9375],"tintindex":0,"rotation":0,"texture":"#6"},"west":{"uv":[2.25,4.5625,3.5625,5.9375],"tintindex":0,"rotation":0,"texture":"#6"},"up":{"uv":[7.75,2.75,6.4375,2.5],"tintindex":0,"rotation":270,"texture":"#6"},"down":{"uv":[10.0,7.75,8.6875,8.0],"tintindex":0,"rotation":90,"texture":"#6"}}},{"from":[5.60902,6.4320307,11.25932],"to":[9.275687,8.098698,21.25932],"faces":{"east":{"uv":[6.8125,7.75,8.6875,8.0625],"tintindex":0,"rotation":0,"texture":"#6"},"south":{"uv":[5.0,8.9375,5.6875,9.25],"tintindex":0,"rotation":0,"texture":"#6"},"north":{"uv":[0.0,8.9375,0.6875,9.25],"tintindex":0,"rotation":0,"texture":"#6"},"west":{"uv":[7.6875,1.6875,9.5625,2.0],"tintindex":0,"rotation":0,"texture":"#6"},"up":{"uv":[7.875,4.8125,6.0,4.125],"tintindex":0,"rotation":270,"texture":"#6"},"down":{"uv":[7.875,4.8125,6.0,5.5],"tintindex":0,"rotation":90,"texture":"#6"}},"rotation":{"origin":[6.60902,8.515365,11.25932],"angle":22.5,"axis":"y"}},{"from":[4.3222427,4.4320307,4.9373803],"to":[4.3222427,6.4320307,12.104048],"faces":{"east":{"uv":[9.25,2.9375,7.9375,3.3125],"tintindex":0,"rotation":0,"texture":"#6"},"west":{"uv":[7.9375,2.9375,9.25,3.3125],"tintindex":0,"rotation":0,"texture":"#6"}}},{"from":[1.5582733,-10.56797,7.670864],"to":[6.22494,-5.9013023,7.670864],"faces":{"south":{"uv":[6.5,6.875,7.375,7.75],"tintindex":0,"rotation":0,"texture":"#6"},"north":{"uv":[7.375,6.875,6.5,7.75],"tintindex":0,"rotation":0,"texture":"#6"}}},{"from":[2.5970993,-7.901636,-2.2183313],"to":[7.263766,-7.901636,2.4483347],"faces":{"up":{"uv":[6.5,7.75,7.375,6.875],"tintindex":0,"rotation":0,"texture":"#6"},"down":{"uv":[7.375,7.75,6.5,6.875],"tintindex":0,"rotation":180,"texture":"#6"}},"rotation":{"origin":[6.3470993,-8.068136,2.1150017],"angle":-22.5,"axis":"y"}},{"from":[7.2756867,13.765365,-0.25092506],"to":[9.275687,24.432032,4.749075],"faces":{"east":{"uv":[5.125,3.375,4.1875,5.375],"tintindex":0,"rotation":0,"texture":"#6"},"south":{"uv":[2.1875,6.375,1.8125,8.375],"tintindex":0,"rotation":0,"texture":"#6"},"north":{"uv":[1.25,7.0625,0.875,9.0625],"tintindex":0,"rotation":0,"texture":"#6"},"west":{"uv":[5.125,1.375,4.1875,3.375],"tintindex":0,"rotation":0,"texture":"#6"},"up":{"uv":[6.25,8.8125,7.1875,8.4375],"tintindex":0,"rotation":270,"texture":"#6"},"down":{"uv":[7.1875,8.4375,8.125,8.8125],"tintindex":0,"rotation":90,"texture":"#6"}},"rotation":{"origin":[6.60902,8.515365,4.749075],"angle":-22.5,"axis":"y"}},{"from":[5.3222427,-1.2346363,3.6876812],"to":[8.322243,6.765364,5.021014],"faces":{"east":{"uv":[1.75,7.875,1.5,9.375],"tintindex":0,"rotation":0,"texture":"#6"},"south":{"uv":[1.8125,6.375,1.25,7.875],"tintindex":0,"rotation":0,"texture":"#6"},"north":{"uv":[5.625,6.375,5.0625,7.875],"tintindex":0,"rotation":0,"texture":"#6"},"west":{"uv":[1.5,7.875,1.25,9.375],"tintindex":0,"rotation":0,"texture":"#6"},"up":{"uv":[0.9375,9.625,1.1875,9.0625],"tintindex":0,"rotation":270,"texture":"#6"},"down":{"uv":[3.125,9.125,3.375,9.6875],"tintindex":0,"rotation":90,"texture":"#6"}}},{"from":[5.60902,6.4320307,-5.250926],"to":[9.275687,8.098698,4.749075],"faces":{"east":{"uv":[8.6875,7.75,6.8125,8.0625],"tintindex":0,"rotation":0,"texture":"#6"},"south":{"uv":[0.6875,8.9375,0.0,9.25],"tintindex":0,"rotation":0,"texture":"#6"},"north":{"uv":[5.6875,8.9375,5.0,9.25],"tintindex":0,"rotation":0,"texture":"#6"},"west":{"uv":[9.5625,1.6875,7.6875,2.0],"tintindex":0,"rotation":0,"texture":"#6"},"up":{"uv":[6.0,4.8125,7.875,4.125],"tintindex":0,"rotation":270,"texture":"#6"},"down":{"uv":[6.0,4.8125,7.875,5.5],"tintindex":0,"rotation":90,"texture":"#6"}},"rotation":{"origin":[6.60902,8.515365,4.749075],"angle":-22.5,"axis":"y"}},{"from":[3.6090202,21.765366,1.4157414],"to":[7.2756867,24.432032,2.749075],"faces":{"east":{"uv":[8.875,9.125,8.625,9.625],"tintindex":0,"rotation":0,"texture":"#6"},"south":{"uv":[8.8125,8.4375,8.125,8.9375],"tintindex":0,"rotation":0,"texture":"#6"},"north":{"uv":[9.1875,0.0,8.5,0.5],"tintindex":0,"rotation":0,"texture":"#6"},"west":{"uv":[9.375,4.625,9.125,5.125],"tintindex":0,"rotation":0,"texture":"#6"},"up":{"uv":[7.6875,9.6875,7.9375,9.0],"tintindex":0,"rotation":270,"texture":"#6"},"down":{"uv":[0.6875,9.0625,0.9375,9.75],"tintindex":0,"rotation":90,"texture":"#6"}},"rotation":{"origin":[6.60902,8.515365,4.749075],"angle":-22.5,"axis":"y"}},{"from":[7.263766,-10.56797,13.5600605],"to":[8.263766,-5.9013023,18.226727],"faces":{"east":{"uv":[7.25,5.5,8.125,6.375],"tintindex":0,"rotation":0,"texture":"#6"},"south":{"uv":[0.6875,7.9375,0.875,8.8125],"tintindex":0,"rotation":0,"texture":"#6"},"north":{"uv":[4.5,7.375,4.6875,8.25],"tintindex":0,"rotation":0,"texture":"#6"},"west":{"uv":[0.0,7.0625,0.875,7.9375],"tintindex":0,"rotation":0,"texture":"#6"},"up":{"uv":[9.75,1.625,8.875,1.4375],"tintindex":0,"rotation":270,"texture":"#6"},"down":{"uv":[3.125,9.125,2.25,9.3125],"tintindex":0,"rotation":90,"texture":"#6"}},"rotation":{"origin":[6.3470993,-8.068136,13.8933935],"angle":22.5,"axis":"y"}},{"from":[2.5970993,-10.56797,15.8933935],"to":[7.263766,-5.9013023,15.8933935],"faces":{"south":{"uv":[6.5,6.875,7.375,7.75],"tintindex":0,"rotation":0,"texture":"#6"},"north":{"uv":[7.375,6.875,6.5,7.75],"tintindex":0,"rotation":0,"texture":"#6"}},"rotation":{"origin":[6.3470993,-8.068136,13.8933935],"angle":22.5,"axis":"y"}}],"display":{"gui":{"rotation":[30,225,0]}}}