{"textures":{"0":"modelengine:entity/tower_skeleton_body"},"elements":[{"from":[8.0,8.0,9.25],"to":[8.0,13.0,11.25],"faces":{"east":{"uv":[1.9375,9.15625,2.0,9.3125],"tintindex":0,"rotation":0,"texture":"#0"},"west":{"uv":[4.75,9.15625,4.8125,9.3125],"tintindex":0,"rotation":0,"texture":"#0"}}},{"from":[2.0,8.0,8.25],"to":[5.0,13.0,8.25],"faces":{"south":{"uv":[4.25,9.875,4.34375,10.03125],"tintindex":0,"rotation":0,"texture":"#0"},"north":{"uv":[9.875,4.125,9.96875,4.28125],"tintindex":0,"rotation":0,"texture":"#0"}}},{"from":[5.0,8.0,6.25],"to":[11.0,13.0,9.25],"faces":{"east":{"uv":[9.875,3.96875,9.96875,4.125],"tintindex":0,"rotation":0,"texture":"#0"},"south":{"uv":[9.53125,0.53125,9.71875,0.6875],"tintindex":0,"rotation":0,"texture":"#0"},"north":{"uv":[9.53125,0.375,9.71875,0.53125],"tintindex":0,"rotation":0,"texture":"#0"},"west":{"uv":[4.03125,9.875,4.125,10.03125],"tintindex":0,"rotation":0,"texture":"#0"},"up":{"uv":[9.9375,5.28125,9.75,5.1875],"tintindex":0,"rotation":0,"texture":"#0"},"down":{"uv":[9.9375,5.28125,9.75,5.375],"tintindex":0,"rotation":0,"texture":"#0"}}},{"from":[11.0,8.0,8.25],"to":[14.0,13.0,8.25],"faces":{"south":{"uv":[3.9375,9.875,4.03125,10.03125],"tintindex":0,"rotation":0,"texture":"#0"},"north":{"uv":[3.84375,9.875,3.9375,10.03125],"tintindex":0,"rotation":0,"texture":"#0"}}}],"display":{"gui":{"rotation":[30,225,0]}}}