{"textures":{"0":"modelengine:entity/tower_skeleton_body"},"elements":[{"from":[8.0,8.0,9.25],"to":[8.0,13.0,11.25],"faces":{"east":{"uv":[8.46875,8.78125,8.53125,8.9375],"tintindex":0,"rotation":0,"texture":"#0"},"west":{"uv":[6.84375,8.9375,6.90625,9.09375],"tintindex":0,"rotation":0,"texture":"#0"}}},{"from":[11.0,8.0,8.25],"to":[14.0,13.0,8.25],"faces":{"south":{"uv":[3.375,9.875,3.46875,10.03125],"tintindex":0,"rotation":0,"texture":"#0"},"north":{"uv":[3.28125,9.875,3.375,10.03125],"tintindex":0,"rotation":0,"texture":"#0"}}},{"from":[5.0,8.0,6.25],"to":[11.0,13.0,9.25],"faces":{"east":{"uv":[3.46875,9.875,3.5625,10.03125],"tintindex":0,"rotation":0,"texture":"#0"},"south":{"uv":[9.53125,0.21875,9.71875,0.375],"tintindex":0,"rotation":0,"texture":"#0"},"north":{"uv":[9.4375,9.5,9.625,9.65625],"tintindex":0,"rotation":0,"texture":"#0"},"west":{"uv":[3.5625,9.875,3.65625,10.03125],"tintindex":0,"rotation":0,"texture":"#0"},"up":{"uv":[9.9375,3.25,9.75,3.15625],"tintindex":0,"rotation":0,"texture":"#0"},"down":{"uv":[9.9375,3.25,9.75,3.34375],"tintindex":0,"rotation":0,"texture":"#0"}}},{"from":[2.0,8.0,8.25],"to":[5.0,13.0,8.25],"faces":{"south":{"uv":[3.75,9.875,3.84375,10.03125],"tintindex":0,"rotation":0,"texture":"#0"},"north":{"uv":[3.65625,9.875,3.75,10.03125],"tintindex":0,"rotation":0,"texture":"#0"}}}],"display":{"gui":{"rotation":[30,225,0]}}}