{"textures":{"0":"modelengine:entity/tower_skeleton_body"},"elements":[{"from":[11.0,8.0,8.25],"to":[14.0,13.0,8.25],"faces":{"south":{"uv":[1.25,9.875,1.34375,10.03125],"tintindex":0,"rotation":0,"texture":"#0"},"north":{"uv":[1.15625,9.875,1.25,10.03125],"tintindex":0,"rotation":0,"texture":"#0"}}},{"from":[2.0,8.0,8.25],"to":[5.0,13.0,8.25],"faces":{"south":{"uv":[9.875,1.75,9.96875,1.90625],"tintindex":0,"rotation":0,"texture":"#0"},"north":{"uv":[9.875,1.59375,9.96875,1.75],"tintindex":0,"rotation":0,"texture":"#0"}}},{"from":[5.0,8.0,6.25],"to":[11.0,13.0,9.25],"faces":{"east":{"uv":[9.875,1.28125,9.96875,1.4375],"tintindex":0,"rotation":0,"texture":"#0"},"south":{"uv":[9.5,8.78125,9.6875,8.9375],"tintindex":0,"rotation":0,"texture":"#0"},"north":{"uv":[8.78125,9.5,8.96875,9.65625],"tintindex":0,"rotation":0,"texture":"#0"},"west":{"uv":[9.875,1.4375,9.96875,1.59375],"tintindex":0,"rotation":0,"texture":"#0"},"up":{"uv":[9.9375,2.75,9.75,2.65625],"tintindex":0,"rotation":0,"texture":"#0"},"down":{"uv":[9.9375,2.75,9.75,2.84375],"tintindex":0,"rotation":0,"texture":"#0"}}},{"from":[8.0,8.0,9.25],"to":[8.0,13.0,11.25],"faces":{"east":{"uv":[1.15625,8.625,1.21875,8.78125],"tintindex":0,"rotation":0,"texture":"#0"},"west":{"uv":[6.90625,8.625,6.96875,8.78125],"tintindex":0,"rotation":0,"texture":"#0"}}}],"display":{"gui":{"rotation":[30,225,0]}}}