{"textures":{"2":"modelengine:entity/tower_skeleton_sword"},"elements":[{"from":[6.1000004,1.8491325,7.0071793],"to":[9.1,9.849133,25.00718],"faces":{"east":{"uv":[7.375,0.0,8.5,0.5],"tintindex":0,"rotation":0,"texture":"#2"},"south":{"uv":[8.375,7.5625,8.5625,8.0625],"tintindex":0,"rotation":0,"texture":"#2"},"north":{"uv":[8.375,7.0625,8.5625,7.5625],"tintindex":0,"rotation":0,"texture":"#2"},"west":{"uv":[7.375,0.5,8.5,1.0],"tintindex":0,"rotation":0,"texture":"#2"},"up":{"uv":[8.1875,8.4375,8.0,7.3125],"tintindex":0,"rotation":0,"texture":"#2"},"down":{"uv":[6.0,8.0625,5.8125,9.1875],"tintindex":0,"rotation":0,"texture":"#2"}},"rotation":{"origin":[7.6000004,5.8491325,12.507179],"angle":-22.5,"axis":"x"}},{"from":[6.0,-1.0628433,-14.4135895],"to":[6.0,14.937157,25.58641],"faces":{"east":{"uv":[6.875,4.0,4.375,5.0],"tintindex":0,"rotation":0,"texture":"#2"},"west":{"uv":[6.875,3.0,4.375,4.0],"tintindex":0,"rotation":0,"texture":"#2"}}},{"from":[6.1000004,-1.0628433,-14.4135895],"to":[9.1,14.937157,9.5864105],"faces":{"east":{"uv":[5.375,5.8125,6.875,6.8125],"tintindex":0,"rotation":0,"texture":"#2"},"south":{"uv":[6.1875,8.0625,6.375,9.0625],"tintindex":0,"rotation":0,"texture":"#2"},"north":{"uv":[6.0,8.0625,6.1875,9.0625],"tintindex":0,"rotation":0,"texture":"#2"},"west":{"uv":[5.875,0.0,7.375,1.0],"tintindex":0,"rotation":0,"texture":"#2"},"up":{"uv":[7.125,9.375,6.9375,7.875],"tintindex":0,"rotation":0,"texture":"#2"},"down":{"uv":[7.3125,7.875,7.125,9.375],"tintindex":0,"rotation":0,"texture":"#2"}}},{"from":[9.200001,-1.0628433,-14.4135895],"to":[9.200001,14.937157,25.58641],"faces":{"east":{"uv":[4.375,3.0,6.875,4.0],"tintindex":0,"rotation":0,"texture":"#2"},"west":{"uv":[4.375,4.0,6.875,5.0],"tintindex":0,"rotation":0,"texture":"#2"}}},{"from":[6.1000004,6.9371567,0.5864105],"to":[9.1,14.937157,25.58641],"faces":{"east":{"uv":[6.625,6.8125,8.1875,7.3125],"tintindex":0,"rotation":0,"texture":"#2"},"south":{"uv":[8.3125,4.9375,8.5,5.4375],"tintindex":0,"rotation":0,"texture":"#2"},"north":{"uv":[8.3125,3.8125,8.5,4.3125],"tintindex":0,"rotation":0,"texture":"#2"},"west":{"uv":[6.875,2.8125,8.4375,3.3125],"tintindex":0,"rotation":0,"texture":"#2"},"up":{"uv":[6.75,9.4375,6.5625,7.875],"tintindex":0,"rotation":0,"texture":"#2"},"down":{"uv":[6.9375,7.875,6.75,9.4375],"tintindex":0,"rotation":0,"texture":"#2"}}},{"from":[9.200001,-1.0628433,-14.4135895],"to":[9.200001,14.937157,25.58641],"faces":{"east":{"uv":[4.375,3.0,6.875,4.0],"tintindex":0,"rotation":0,"texture":"#2"},"west":{"uv":[4.375,4.0,6.875,5.0],"tintindex":0,"rotation":0,"texture":"#2"}}},{"from":[6.1000004,-1.0628433,-14.4135895],"to":[9.1,14.937157,9.5864105],"faces":{"east":{"uv":[5.375,5.8125,6.875,6.8125],"tintindex":0,"rotation":0,"texture":"#2"},"south":{"uv":[6.1875,8.0625,6.375,9.0625],"tintindex":0,"rotation":0,"texture":"#2"},"north":{"uv":[6.0,8.0625,6.1875,9.0625],"tintindex":0,"rotation":0,"texture":"#2"},"west":{"uv":[5.875,0.0,7.375,1.0],"tintindex":0,"rotation":0,"texture":"#2"},"up":{"uv":[7.125,9.375,6.9375,7.875],"tintindex":0,"rotation":0,"texture":"#2"},"down":{"uv":[7.3125,7.875,7.125,9.375],"tintindex":0,"rotation":0,"texture":"#2"}}},{"from":[6.1000004,1.8491325,7.0071793],"to":[9.1,9.849133,25.00718],"faces":{"east":{"uv":[7.375,0.0,8.5,0.5],"tintindex":0,"rotation":0,"texture":"#2"},"south":{"uv":[8.375,7.5625,8.5625,8.0625],"tintindex":0,"rotation":0,"texture":"#2"},"north":{"uv":[8.375,7.0625,8.5625,7.5625],"tintindex":0,"rotation":0,"texture":"#2"},"west":{"uv":[7.375,0.5,8.5,1.0],"tintindex":0,"rotation":0,"texture":"#2"},"up":{"uv":[8.1875,8.4375,8.0,7.3125],"tintindex":0,"rotation":0,"texture":"#2"},"down":{"uv":[6.0,8.0625,5.8125,9.1875],"tintindex":0,"rotation":0,"texture":"#2"}},"rotation":{"origin":[7.6000004,5.8491325,12.507179],"angle":-22.5,"axis":"x"}},{"from":[6.1000004,6.9371567,0.5864105],"to":[9.1,14.937157,25.58641],"faces":{"east":{"uv":[6.625,6.8125,8.1875,7.3125],"tintindex":0,"rotation":0,"texture":"#2"},"south":{"uv":[8.3125,4.9375,8.5,5.4375],"tintindex":0,"rotation":0,"texture":"#2"},"north":{"uv":[8.3125,3.8125,8.5,4.3125],"tintindex":0,"rotation":0,"texture":"#2"},"west":{"uv":[6.875,2.8125,8.4375,3.3125],"tintindex":0,"rotation":0,"texture":"#2"},"up":{"uv":[6.75,9.4375,6.5625,7.875],"tintindex":0,"rotation":0,"texture":"#2"},"down":{"uv":[6.9375,7.875,6.75,9.4375],"tintindex":0,"rotation":0,"texture":"#2"}}}],"display":{"gui":{"rotation":[30,225,0]}}}