{"textures":{"2":"modelengine:entity/tower_skeleton_sword"},"elements":[{"from":[8.22,5.3999996,-12.0],"to":[8.22,10.8,-0.40000057],"faces":{"east":{"uv":[0.0,0.0,3.625,1.6875],"tintindex":0,"rotation":0,"texture":"#2"},"west":{"uv":[0.0,1.6875,3.625,3.375],"tintindex":0,"rotation":0,"texture":"#2"}}},{"from":[6.8,9.8,0.5999999],"to":[7.2,11.0,1.7999997],"faces":{"east":{"uv":[4.375,3.0,4.0,3.375],"tintindex":0,"rotation":0,"texture":"#2"},"south":{"uv":[4.125,7.5,4.0,7.875],"tintindex":0,"rotation":0,"texture":"#2"},"north":{"uv":[2.25,7.375,2.125,7.75],"tintindex":0,"rotation":0,"texture":"#2"},"west":{"uv":[4.0,3.0,3.625,3.375],"tintindex":0,"rotation":0,"texture":"#2"},"up":{"uv":[2.125,8.125,2.25,7.75],"tintindex":0,"rotation":0,"texture":"#2"},"down":{"uv":[7.6875,7.875,7.8125,8.25],"tintindex":0,"rotation":0,"texture":"#2"}}},{"from":[7.2,4.2,-0.40000057],"to":[8.6,12.0,2.7999997],"faces":{"east":{"uv":[4.375,5.0,5.375,7.4375],"tintindex":0,"rotation":0,"texture":"#2"},"south":{"uv":[3.6875,5.0625,4.125,7.5],"tintindex":0,"rotation":0,"texture":"#2"},"north":{"uv":[3.25,5.0625,3.6875,7.5],"tintindex":0,"rotation":0,"texture":"#2"},"west":{"uv":[5.375,5.0,4.375,7.4375],"tintindex":0,"rotation":0,"texture":"#2"},"up":{"uv":[4.5625,8.4375,4.125,7.4375],"tintindex":0,"rotation":0,"texture":"#2"},"down":{"uv":[5.0,7.4375,4.5625,8.4375],"tintindex":0,"rotation":0,"texture":"#2"}}},{"from":[7.0,7.2,1.1999998],"to":[8.8,9.0,5.0],"faces":{"east":{"uv":[6.875,5.8125,8.0625,6.375],"tintindex":0,"rotation":0,"texture":"#2"},"south":{"uv":[7.625,1.0,8.1875,1.5625],"tintindex":0,"rotation":0,"texture":"#2"},"north":{"uv":[5.8125,7.5,6.375,8.0625],"tintindex":0,"rotation":0,"texture":"#2"},"west":{"uv":[8.0625,5.8125,6.875,6.375],"tintindex":0,"rotation":0,"texture":"#2"},"up":{"uv":[1.5625,8.5625,1.0,7.375],"tintindex":0,"rotation":0,"texture":"#2"},"down":{"uv":[1.0,7.375,1.5625,8.5625],"tintindex":0,"rotation":0,"texture":"#2"}}},{"from":[7.2,8.2,14.6],"to":[7.8,8.8,15.200001],"faces":{"east":{"uv":[6.625,2.8125,6.4375,3.0],"tintindex":0,"rotation":0,"texture":"#2"},"south":{"uv":[6.4375,2.8125,6.25,3.0],"tintindex":0,"rotation":0,"texture":"#2"},"north":{"uv":[6.0625,2.8125,5.875,3.0],"tintindex":0,"rotation":0,"texture":"#2"},"west":{"uv":[6.25,2.8125,6.0625,3.0],"tintindex":0,"rotation":0,"texture":"#2"},"up":{"uv":[6.625,3.0,6.8125,2.8125],"tintindex":0,"rotation":0,"texture":"#2"},"down":{"uv":[8.1875,1.375,8.375,1.5625],"tintindex":0,"rotation":0,"texture":"#2"}}},{"from":[7.2,7.4,6.4],"to":[8.6,8.8,8.0],"faces":{"east":{"uv":[7.625,4.9375,8.125,5.375],"tintindex":0,"rotation":0,"texture":"#2"},"south":{"uv":[8.0625,5.8125,8.5,6.25],"tintindex":0,"rotation":0,"texture":"#2"},"north":{"uv":[7.625,6.375,8.0625,6.8125],"tintindex":0,"rotation":0,"texture":"#2"},"west":{"uv":[8.125,4.9375,7.625,5.375],"tintindex":0,"rotation":0,"texture":"#2"},"up":{"uv":[3.6875,8.4375,3.25,7.9375],"tintindex":0,"rotation":0,"texture":"#2"},"down":{"uv":[3.25,7.9375,3.6875,8.4375],"tintindex":0,"rotation":0,"texture":"#2"}}},{"from":[7.58,5.3999996,-12.0],"to":[7.58,10.8,-0.40000057],"faces":{"east":{"uv":[3.625,1.6875,0.0,3.375],"tintindex":0,"rotation":0,"texture":"#2"},"west":{"uv":[3.625,0.0,0.0,1.6875],"tintindex":0,"rotation":0,"texture":"#2"}}},{"from":[7.6,5.3999996,-12.0],"to":[8.2,7.0,-7.4000006],"faces":{"east":{"uv":[6.875,3.3125,8.3125,3.8125],"tintindex":0,"rotation":0,"texture":"#2"},"south":{"uv":[8.3125,3.3125,8.5,3.8125],"tintindex":0,"rotation":0,"texture":"#2"},"north":{"uv":[8.3125,2.0,8.5,2.5],"tintindex":0,"rotation":0,"texture":"#2"},"west":{"uv":[6.875,3.8125,8.3125,4.3125],"tintindex":0,"rotation":0,"texture":"#2"},"up":{"uv":[7.5,9.3125,7.3125,7.875],"tintindex":0,"rotation":0,"texture":"#2"},"down":{"uv":[7.6875,7.875,7.5,9.3125],"tintindex":0,"rotation":0,"texture":"#2"}}},{"from":[7.2,7.4,12.200001],"to":[8.6,8.8,14.6],"faces":{"east":{"uv":[6.875,6.375,7.625,6.8125],"tintindex":0,"rotation":0,"texture":"#2"},"south":{"uv":[8.125,1.5625,8.5625,2.0],"tintindex":0,"rotation":0,"texture":"#2"},"north":{"uv":[8.0625,6.25,8.5,6.6875],"tintindex":0,"rotation":0,"texture":"#2"},"west":{"uv":[7.625,6.375,6.875,6.8125],"tintindex":0,"rotation":0,"texture":"#2"},"up":{"uv":[1.0,8.25,0.5625,7.5],"tintindex":0,"rotation":0,"texture":"#2"},"down":{"uv":[0.5625,7.5,1.0,8.25],"tintindex":0,"rotation":0,"texture":"#2"}}},{"from":[7.2,7.4,14.6],"to":[7.8,8.0,15.200001],"faces":{"east":{"uv":[6.625,3.0,6.4375,2.8125],"tintindex":0,"rotation":0,"texture":"#2"},"south":{"uv":[6.4375,3.0,6.25,2.8125],"tintindex":0,"rotation":0,"texture":"#2"},"north":{"uv":[6.0625,3.0,5.875,2.8125],"tintindex":0,"rotation":0,"texture":"#2"},"west":{"uv":[6.25,3.0,6.0625,2.8125],"tintindex":0,"rotation":0,"texture":"#2"},"up":{"uv":[8.1875,1.5625,8.375,1.375],"tintindex":0,"rotation":0,"texture":"#2"},"down":{"uv":[6.625,2.8125,6.8125,3.0],"tintindex":0,"rotation":0,"texture":"#2"}}},{"from":[6.8,5.0,0.5999999],"to":[7.2,6.2,1.7999997],"faces":{"east":{"uv":[8.5625,6.6875,8.1875,7.0625],"tintindex":0,"rotation":0,"texture":"#2"},"south":{"uv":[3.25,8.125,3.125,8.5],"tintindex":0,"rotation":0,"texture":"#2"},"north":{"uv":[2.25,8.125,2.125,8.5],"tintindex":0,"rotation":0,"texture":"#2"},"west":{"uv":[8.5625,1.0,8.1875,1.375],"tintindex":0,"rotation":0,"texture":"#2"},"up":{"uv":[0.875,8.625,1.0,8.25],"tintindex":0,"rotation":0,"texture":"#2"},"down":{"uv":[5.6875,8.25,5.8125,8.625],"tintindex":0,"rotation":0,"texture":"#2"}}},{"from":[8.0,7.4,14.6],"to":[8.6,8.0,15.200001],"faces":{"east":{"uv":[6.0625,3.0,6.25,2.8125],"tintindex":0,"rotation":0,"texture":"#2"},"south":{"uv":[6.25,3.0,6.4375,2.8125],"tintindex":0,"rotation":0,"texture":"#2"},"north":{"uv":[5.875,3.0,6.0625,2.8125],"tintindex":0,"rotation":0,"texture":"#2"},"west":{"uv":[6.4375,3.0,6.625,2.8125],"tintindex":0,"rotation":0,"texture":"#2"},"up":{"uv":[8.375,1.5625,8.1875,1.375],"tintindex":0,"rotation":0,"texture":"#2"},"down":{"uv":[6.8125,2.8125,6.625,3.0],"tintindex":0,"rotation":0,"texture":"#2"}}},{"from":[8.6,5.0,0.5999999],"to":[9.0,6.2,1.7999997],"faces":{"east":{"uv":[8.1875,1.0,8.5625,1.375],"tintindex":0,"rotation":0,"texture":"#2"},"south":{"uv":[3.125,8.125,3.25,8.5],"tintindex":0,"rotation":0,"texture":"#2"},"north":{"uv":[2.125,8.125,2.25,8.5],"tintindex":0,"rotation":0,"texture":"#2"},"west":{"uv":[8.1875,6.6875,8.5625,7.0625],"tintindex":0,"rotation":0,"texture":"#2"},"up":{"uv":[1.0,8.625,0.875,8.25],"tintindex":0,"rotation":0,"texture":"#2"},"down":{"uv":[5.8125,8.25,5.6875,8.625],"tintindex":0,"rotation":0,"texture":"#2"}}},{"from":[7.6,8.065685,-9.315939],"to":[8.2,10.265685,-5.315938],"faces":{"east":{"uv":[1.0,6.6875,2.25,7.375],"tintindex":0,"rotation":0,"texture":"#2"},"south":{"uv":[8.1875,7.75,8.375,8.4375],"tintindex":0,"rotation":0,"texture":"#2"},"north":{"uv":[8.1875,7.0625,8.375,7.75],"tintindex":0,"rotation":0,"texture":"#2"},"west":{"uv":[5.375,6.8125,6.625,7.5],"tintindex":0,"rotation":0,"texture":"#2"},"up":{"uv":[7.9375,2.8125,7.75,1.5625],"tintindex":0,"rotation":0,"texture":"#2"},"down":{"uv":[8.125,1.5625,7.9375,2.8125],"tintindex":0,"rotation":0,"texture":"#2"}},"rotation":{"origin":[7.5,7.5656853,-5.815938],"angle":-45.0,"axis":"x"}},{"from":[8.6,9.8,0.5999999],"to":[9.0,11.0,1.7999997],"faces":{"east":{"uv":[3.625,3.0,4.0,3.375],"tintindex":0,"rotation":0,"texture":"#2"},"south":{"uv":[4.0,7.5,4.125,7.875],"tintindex":0,"rotation":0,"texture":"#2"},"north":{"uv":[2.125,7.375,2.25,7.75],"tintindex":0,"rotation":0,"texture":"#2"},"west":{"uv":[4.0,3.0,4.375,3.375],"tintindex":0,"rotation":0,"texture":"#2"},"up":{"uv":[2.25,8.125,2.125,7.75],"tintindex":0,"rotation":0,"texture":"#2"},"down":{"uv":[7.8125,7.875,7.6875,8.25],"tintindex":0,"rotation":0,"texture":"#2"}}},{"from":[7.4,7.6,5.0],"to":[8.4,8.6,12.200001],"faces":{"east":{"uv":[6.875,4.3125,9.125,4.625],"tintindex":0,"rotation":0,"texture":"#2"},"south":{"uv":[5.375,8.25,5.6875,8.5625],"tintindex":0,"rotation":0,"texture":"#2"},"north":{"uv":[0.5625,8.25,0.875,8.5625],"tintindex":0,"rotation":0,"texture":"#2"},"west":{"uv":[6.875,4.625,9.125,4.9375],"tintindex":0,"rotation":0,"texture":"#2"},"up":{"uv":[3.0625,8.125,2.75,5.875],"tintindex":0,"rotation":0,"texture":"#2"},"down":{"uv":[2.5625,6.6875,2.25,8.9375],"tintindex":0,"rotation":0,"texture":"#2"}}},{"from":[7.2,7.4,9.2],"to":[8.6,8.8,10.8],"faces":{"east":{"uv":[7.625,4.9375,8.125,5.375],"tintindex":0,"rotation":0,"texture":"#2"},"south":{"uv":[8.0625,5.8125,8.5,6.25],"tintindex":0,"rotation":0,"texture":"#2"},"north":{"uv":[7.625,6.375,8.0625,6.8125],"tintindex":0,"rotation":0,"texture":"#2"},"west":{"uv":[8.125,4.9375,7.625,5.375],"tintindex":0,"rotation":0,"texture":"#2"},"up":{"uv":[3.6875,8.4375,3.25,7.9375],"tintindex":0,"rotation":0,"texture":"#2"},"down":{"uv":[3.25,7.9375,3.6875,8.4375],"tintindex":0,"rotation":0,"texture":"#2"}}},{"from":[8.0,8.2,14.6],"to":[8.6,8.8,15.200001],"faces":{"east":{"uv":[6.0625,2.8125,6.25,3.0],"tintindex":0,"rotation":0,"texture":"#2"},"south":{"uv":[6.25,2.8125,6.4375,3.0],"tintindex":0,"rotation":0,"texture":"#2"},"north":{"uv":[5.875,2.8125,6.0625,3.0],"tintindex":0,"rotation":0,"texture":"#2"},"west":{"uv":[6.4375,2.8125,6.625,3.0],"tintindex":0,"rotation":0,"texture":"#2"},"up":{"uv":[6.8125,3.0,6.625,2.8125],"tintindex":0,"rotation":0,"texture":"#2"},"down":{"uv":[8.375,1.375,8.1875,1.5625],"tintindex":0,"rotation":0,"texture":"#2"}}},{"from":[7.6,5.3999996,-7.4000006],"to":[8.2,10.8,-0.40000057],"faces":{"east":{"uv":[0.0,3.375,2.1875,5.0625],"tintindex":0,"rotation":0,"texture":"#2"},"south":{"uv":[7.8125,7.3125,8.0,9.0],"tintindex":0,"rotation":0,"texture":"#2"},"north":{"uv":[6.375,7.5,6.5625,9.1875],"tintindex":0,"rotation":0,"texture":"#2"},"west":{"uv":[2.1875,3.375,4.375,5.0625],"tintindex":0,"rotation":0,"texture":"#2"},"up":{"uv":[2.75,8.875,2.5625,6.6875],"tintindex":0,"rotation":0,"texture":"#2"},"down":{"uv":[5.1875,7.4375,5.0,9.625],"tintindex":0,"rotation":0,"texture":"#2"}}}],"display":{"gui":{"rotation":[30,225,0]}}}