{"textures":{"2":"modelengine:entity/tower_skeleton_sword"},"elements":[{"from":[6.5,4.0,-7.0],"to":[9.5,12.0,23.0],"faces":{"east":{"uv":[5.875,1.8125,7.75,2.3125],"tintindex":0,"rotation":0,"texture":"#2"},"south":{"uv":[8.4375,2.5,8.625,3.0],"tintindex":0,"rotation":0,"texture":"#2"},"north":{"uv":[8.375,8.0625,8.5625,8.5625],"tintindex":0,"rotation":0,"texture":"#2"},"west":{"uv":[7.75,1.8125,5.875,2.3125],"tintindex":0,"rotation":0,"texture":"#2"},"up":{"uv":[5.375,9.3125,5.1875,7.4375],"tintindex":0,"rotation":0,"texture":"#2"},"down":{"uv":[0.1875,7.5,0.0,9.375],"tintindex":0,"rotation":0,"texture":"#2"}}}],"display":{"gui":{"rotation":[30,225,0]}}}