{"textures":{"2":"modelengine:entity/tower_skeleton_sword"},"elements":[{"from":[9.066668,-5.7158813,-9.140579],"to":[9.066668,18.284119,26.85942],"faces":{"east":{"uv":[3.625,0.0,5.875,1.5],"tintindex":0,"rotation":0,"texture":"#2"},"west":{"uv":[3.625,1.5,5.875,3.0],"tintindex":0,"rotation":0,"texture":"#2"}}},{"from":[5.866667,-5.7158813,-9.140579],"to":[5.866667,18.284119,26.85942],"faces":{"east":{"uv":[5.875,1.5,3.625,3.0],"tintindex":0,"rotation":0,"texture":"#2"},"west":{"uv":[5.875,0.0,3.625,1.5],"tintindex":0,"rotation":0,"texture":"#2"}}},{"from":[5.966667,5.2841187,-9.140579],"to":[8.966667,18.284119,26.85942],"faces":{"east":{"uv":[1.0,5.0625,3.25,5.875],"tintindex":0,"rotation":0,"texture":"#2"},"south":{"uv":[2.75,8.125,2.9375,8.9375],"tintindex":0,"rotation":0,"texture":"#2"},"north":{"uv":[8.125,2.0,8.3125,2.8125],"tintindex":0,"rotation":0,"texture":"#2"},"west":{"uv":[5.375,5.0,7.625,5.8125],"tintindex":0,"rotation":0,"texture":"#2"},"up":{"uv":[4.3125,7.3125,4.125,5.0625],"tintindex":0,"rotation":0,"texture":"#2"},"down":{"uv":[3.25,5.875,3.0625,8.125],"tintindex":0,"rotation":0,"texture":"#2"}}},{"from":[5.966667,-2.0989666,-8.0233],"to":[8.966667,10.901035,19.9767],"faces":{"east":{"uv":[1.0,5.875,2.75,6.6875],"tintindex":0,"rotation":0,"texture":"#2"},"south":{"uv":[8.125,4.9375,8.3125,5.75],"tintindex":0,"rotation":0,"texture":"#2"},"north":{"uv":[2.9375,8.125,3.125,8.9375],"tintindex":0,"rotation":0,"texture":"#2"},"west":{"uv":[5.875,1.0,7.625,1.8125],"tintindex":0,"rotation":0,"texture":"#2"},"up":{"uv":[0.375,9.25,0.1875,7.5],"tintindex":0,"rotation":0,"texture":"#2"},"down":{"uv":[0.5625,7.5,0.375,9.25],"tintindex":0,"rotation":0,"texture":"#2"}},"rotation":{"origin":[7.466667,4.4010334,9.9767],"angle":22.5,"axis":"x"}}],"display":{"gui":{"rotation":[30,225,0]}}}