{"textures":{"0":"modelengine:entity/tower_skeleton_body"},"elements":[{"from":[3.0,6.717415,-3.0782108],"to":[13.0,12.717415,-1.0782108],"faces":{"east":{"uv":[3.0,3.34375,3.0625,3.53125],"tintindex":0,"rotation":0,"texture":"#0"},"south":{"uv":[9.15625,1.125,9.46875,1.3125],"tintindex":0,"rotation":0,"texture":"#0"},"north":{"uv":[0.0,5.78125,0.3125,5.96875],"tintindex":0,"rotation":0,"texture":"#0"},"west":{"uv":[4.0625,7.5,4.125,7.6875],"tintindex":0,"rotation":0,"texture":"#0"},"up":{"uv":[2.25,5.15625,1.9375,5.09375],"tintindex":0,"rotation":0,"texture":"#0"},"down":{"uv":[7.625,6.125,7.3125,6.1875],"tintindex":0,"rotation":0,"texture":"#0"}}},{"from":[-7.0,12.56517,-1.8435774],"to":[23.0,16.56517,-1.8435774],"faces":{"south":{"uv":[8.34375,5.71875,9.28125,5.84375],"tintindex":0,"rotation":0,"texture":"#0"},"north":{"uv":[7.96875,4.09375,8.90625,4.21875],"tintindex":0,"rotation":0,"texture":"#0"}},"rotation":{"origin":[8.0,14.56517,-1.8435774],"angle":-22.5,"axis":"x"}},{"from":[-6.0,-1.2825851,-1.0782108],"to":[22.0,12.717415,14.921789],"faces":{"east":{"uv":[5.40625,6.65625,5.90625,7.09375],"tintindex":0,"rotation":0,"texture":"#0"},"south":{"uv":[4.0,2.96875,4.875,3.40625],"tintindex":0,"rotation":0,"texture":"#0"},"north":{"uv":[3.6875,2.53125,4.5625,2.96875],"tintindex":0,"rotation":0,"texture":"#0"},"west":{"uv":[5.90625,6.65625,6.40625,7.09375],"tintindex":0,"rotation":0,"texture":"#0"},"up":{"uv":[3.375,4.03125,2.5,3.53125],"tintindex":0,"rotation":0,"texture":"#0"},"down":{"uv":[4.25,3.53125,3.375,4.03125],"tintindex":0,"rotation":0,"texture":"#0"}}}],"display":{"gui":{"rotation":[30,225,0]}}}