{
    "group": "CAVE",
    "maximumRate": {
        "amount": 3,
        "per": {"seconds": 30}
    },
    "allowedLightLevels": {
        "max": 7,
        "min": 0
    },
    "maxEntitiesPerChunk": 2,
    "energyMultiplier": 3,
    "spawns": [
        {
            "entity": "standard/neutral/cavespider",
            "energyMultiplier": 1,
            "rarity": 5,
            "maxSpawns": 4,
            "minSpawns": 4
        },
        {
            "entity": "standard/hostile/zombie",
            "energyMultiplier": 1,
            "rarity": 5,
            "maxSpawns": 4,
            "minSpawns": 4
        },
        {
            "entity": "standard/hostile/stray",
            "energyMultiplier": 1,
            "rarity": 6,
            "maxSpawns": 4,
            "minSpawns": 4
        },
        {
            "entity": "standard/hostile/creeper",
            "energyMultiplier": 1,
            "rarity": 5,
            "maxSpawns": 4,
            "minSpawns": 4
        },
        {
            "entity": "standard/hostile/slime",
            "energyMultiplier": 1,
            "rarity": 5,
            "maxSpawns": 4,
            "minSpawns": 4
        },
        {
            "entity": "standard/hostile/skeleton",
            "energyMultiplier": 1,
            "rarity": 30,
            "maxSpawns": 4,
            "minSpawns": 4
        },
        {
            "entity": "standard/neutral/enderman",
            "energyMultiplier": 1,
            "rarity": 60,
            "maxSpawns": 1,
            "minSpawns": 1
        },
        {
            "entity": "standard/passive/bat",
            "energyMultiplier": 1,
            "rarity": 1,
            "maxSpawns": 8,
            "minSpawns": 8
        }
    ]
}
