{
    "name": "Butcher",
    "rarity": 1,
    "loot": [
        {
            "type": "beef",
            "maxAmount": 3,
            "minAmount": 1,
            "rarity": 2,
            "slotTypes": "STORAGE"
        },
        {
            "type": "mutton",
            "maxAmount": 3,
            "minAmount": 1,
            "rarity": 2,
            "slotTypes": "STORAGE"
        },
        {
            "type": "porkchop",
            "maxAmount": 3,
            "minAmount": 1,
            "rarity": 2,
            "slottypes": "STORAGE"
        },
        {
            "type": "wheat",
            "maxamount": 3,
            "minAmount": 1,
            "rarity": 2,
            "slottypes": "STORAGE"
        },
        {
            "type": "coal",
            "maxamount": 3,
            "minAmount": 1,
            "rarity": 3,
            "slottypes": "STORAGE"
        },
        {
            "type": "emerald",
            "maxamount": 1,
            "rarity": 10,
            "slottypes": "STORAGE"
        }
    ]
}
