{
    "name": "Cartographer",
    "rarity": 1,
    "loot": [
        {
            "type": "paper",
            "maxAmount": 5,
            "minAmount": 1,
            "rarity": 2,
            "slotTypes": "STORAGE"
        },
        {
            "type": "bread",
            "maxAmount": 4,
            "minAmount": 1,
            "rarity": 2,
            "slotTypes": "STORAGE"
        },
        {
            "type": "map",
            "maxAmount": 3,
            "minAmount": 1,
            "rarity": 2,
            "slottypes": "STORAGE"
        },
        {
            "type": "stick",
            "maxamount": 2,
            "minAmount": 1,
            "rarity": 3,
            "slottypes": "STORAGE"
        },
        {
            "type": "compass",
            "maxamount": 1,
            "rarity": 3,
            "slottypes": "STORAGE"
        }
    ]
}
