{
    "name": "Desert",
    "rarity": 1,
    "loot": [
        {
            "type": "wheat",
            "maxAmount": 7,
            "minAmount": 1,
            "rarity": 1,
            "slotTypes": "STORAGE"
        },
        {
            "type": "bread",
            "maxAmount": 4,
            "minAmount": 1,
            "rarity": 1,
            "slotTypes": "STORAGE"
        },
        {
            "type": "cactus",
            "maxAmount": 4,
            "minAmount": 1,
            "rarity": 1,
            "slottypes": "STORAGE"
        },
        {
            "type": "dead_bush",
            "maxamount": 3,
            "minAmount": 1,
            "rarity": 4,
            "slottypes": "STORAGE"
        },
        {
            "type": "emerald",
            "maxamount": 3,
            "minAmount": 1,
            "rarity": 7,
            "slottypes": "STORAGE"
        },
        {
            "type": "book",
            "maxamount": 1,
            "rarity": 7,
            "slottypes": "STORAGE"
        },
        {
            "type": "clay_ball",
            "maxamount": 1,
            "rarity": 7,
            "slottypes": "STORAGE"
        },
        {
            "type": "green_dye",
            "maxamount": 1,
            "rarity": 7,
            "slottypes": "STORAGE"
        }
    ]
}
