{
    "name": "Plain",
    "rarity": 1,
    "loot": [
        {
            "type": "potato",
            "maxAmount": 7,
            "minAmount": 1,
            "rarity": 1,
            "slotTypes": "STORAGE"
        },
        {
            "type": "apple",
            "maxAmount": 5,
            "minAmount": 1,
            "rarity": 1,
            "slotTypes": "STORAGE"
        },
        {
            "type": "bread",
            "maxAmount": 4,
            "minAmount": 1,
            "rarity": 1,
            "slottypes": "STORAGE"
        },
        {
            "type": "oak_sapling",
            "maxamount": 5,
            "minAmount": 1,
            "rarity": 5,
            "slottypes": "STORAGE"
        },
        {
            "type": "emerald",
            "maxamount": 4,
            "minAmount": 1,
            "rarity": 4,
            "slottypes": "STORAGE"
        },
        {
            "type": "dandelion",
            "maxamount": 1,
            "rarity": 4,
            "slottypes": "STORAGE"
        },
        {
            "type": "gold_nugget",
            "maxamount": 3,
            "minAmount": 1,
            "rarity": 8,
            "slottypes": "STORAGE"
        },
        {
            "type": "book",
            "maxamount": 1,
            "rarity": 8,
            "slottypes": "STORAGE"
        },
        {
            "type": "feather",
            "maxamount": 1,
            "rarity": 8,
            "slottypes": "STORAGE"
        },
        {
            "type": "poppy",
            "maxamount": 1,
            "rarity": 8,
            "slottypes": "STORAGE"
        }
    ]
}
