{
    "name": "Snowy",
    "rarity": 1,
    "loot": [
        {
            "type": "potato",
            "maxAmount": 7,
            "minAmount": 1,
            "rarity": 2,
            "slotTypes": "STORAGE"
        },
        {
            "type": "snowball",
            "maxAmount": 7,
            "minAmount": 1,
            "rarity": 2,
            "slotTypes": "STORAGE"
        },
        {
            "type": "beetroot_seeds",
            "maxAmount": 5,
            "minAmount": 1,
            "rarity": 2,
            "slottypes": "STORAGE"
        },
        {
            "type": "bread",
            "maxamount": 4,
            "minAmount": 1,
            "rarity": 2,
            "slottypes": "STORAGE"
        },
        {
            "type": "coal",
            "maxamount": 4,
            "minAmount": 1,
            "rarity": 2,
            "slottypes": "STORAGE"
        },
        {
            "type": "snow_block",
            "maxamount": 1,
            "rarity": 3,
            "slottypes": "STORAGE"
        },
        {
            "type": "emerald",
            "maxamount": 5,
            "minAmount": 2,
            "rarity": 10,
            "slottypes": "STORAGE"
        },
        {
            "type": "beetroot_soup",
            "maxamount": 1,
            "rarity": 10,
            "slottypes": "STORAGE"
        },
        {
            "type": "blue_ice",
            "maxamount": 1,
            "rarity": 10,
            "slottypes": "STORAGE"
        },
        {
            "type": "furnace",
            "maxamount": 1,
            "rarity": 10,
            "slottypes": "STORAGE"
        }
    ]
}
