{
    "name": "Taiga",
    "rarity": 1,
    "loot": [
        {
            "type": "potato",
            "maxAmount": 7,
            "minAmount": 1,
            "rarity": 2,
            "slotTypes": "STORAGE"
        },
        {
            "type": "spruce_log",
            "maxAmount": 5,
            "minAmount": 1,
            "rarity": 2,
            "slotTypes": "STORAGE"
        },
        {
            "type": "bread",
            "maxAmount": 4,
            "minAmount": 1,
            "rarity": 2,
            "slottypes": "STORAGE"
        },
        {
            "type": "sweet_berries",
            "maxamount": 7,
            "minAmount": 1,
            "rarity": 2,
            "slottypes": "STORAGE"
        },
        {
            "type": "pumpkin_seeds",
            "maxamount": 5,
            "minAmount": 1,
            "rarity": 2,
            "slottypes": "STORAGE"
        },
        {
            "type": "spruce_sapling",
            "maxamount": 5,
            "minAmount": 1,
            "rarity": 2,
            "slottypes": "STORAGE"
        },
        {
            "type": "emerald",
            "maxamount": 4,
            "minAmount": 1,
            "rarity": 5,
            "slottypes": "STORAGE"
        },
        {
            "type": "fern",
            "maxamount": 1,
            "rarity": 5,
            "slottypes": "STORAGE"
        },
        {
            "type": "large_fern",
            "maxamount": 1,
            "rarity": 5,
            "slottypes": "STORAGE"
        },
        {
            "type": "iron_nugget",
            "maxamount": 5,
            "minAmount": 1,
            "rarity": 10,
            "slottypes": "STORAGE"
        },
        {
            "type": "pumpkin_pie",
            "maxamount": 1,
            "rarity": 10,
            "slottypes": "STORAGE"
        },
        {
            "type": "spruce_sign",
            "maxamount": 1,
            "rarity": 10,
            "slottypes": "STORAGE"
        }
    ]
}
