{
    "name": "Tannery",
    "rarity": 1,
    "loot": [
        {
            "type": "bread",
            "maxAmount": 4,
            "minAmount": 1,
            "rarity": 2,
            "slotTypes": "STORAGE"
        },
        {
            "type": "leather_helmet",
            "maxAmount": 1,
            "rarity": 3,
            "slotTypes": "STORAGE"
        },
        {
            "type": "leather_chestplate",
            "maxAmount": 1,
            "rarity": 3,
            "slottypes": "STORAGE"
        },
        {
            "type": "leather_leggings",
            "maxamount": 1,
            "rarity": 3,
            "slottypes": "STORAGE"
        },
        {
            "type": "leather_boots",
            "maxamount": 1,
            "rarity": 3,
            "slottypes": "STORAGE"
        },
        {
            "type": "emerald",
            "maxamount": 4,
            "minAmount": 1,
            "rarity": 5,
            "slottypes": "STORAGE"
        },
        {
            "type": "leather",
            "maxamount": 3,
            "minAmount": 1,
            "rarity": 5,
            "slottypes": "STORAGE"
        },
        {
            "type": "saddle",
            "maxamount": 1,
            "rarity": 5,
            "slottypes": "STORAGE"
        }
    ]
}
