{
    "name": "Temple",
    "rarity": 1,
    "loot": [
        {
            "type": "bread",
            "maxAmount": 4,
            "minAmount": 1,
            "rarity": 1,
            "slotTypes": "STORAGE"
        },
        {
            "type": "rotten_flesh",
            "maxAmount": 4,
            "minAmount": 1,
            "rarity": 1,
            "slotTypes": "STORAGE"
        },
        {
            "type": "redstone",
            "maxAmount": 4,
            "minAmount": 1,
            "rarity": 2,
            "slottypes": "STORAGE"
        },
        {
            "type": "emerald",
            "maxamount": 4,
            "minAmount": 1,
            "rarity": 4,
            "slottypes": "STORAGE"
        },
        {
            "type": "lapis_lazuli",
            "maxamount": 4,
            "minAmount": 1,
            "rarity": 4,
            "slottypes": "STORAGE"
        },
        {
            "type": "gold_ingot",
            "maxamount": 4,
            "minAmount": 1,
            "rarity": 4,
            "slottypes": "STORAGE"
        }
    ]
}
