{
    "name": "Toolsmith",
    "rarity": 1,
    "loot": [
        {
            "type": "stick",
            "maxAmount": 3,
            "minAmount": 1,
            "rarity": 1,
            "slotTypes": "STORAGE"
        },
        {
            "type": "bread",
            "maxAmount": 3,
            "minAmount": 1,
            "rarity": 1,
            "slotTypes": "STORAGE"
        },
        {
            "type": "iron_ingot",
            "maxAmount": 5,
            "minAmount": 1,
            "rarity": 2,
            "slottypes": "STORAGE"
        },
        {
            "type": "iron_pickaxe",
            "maxamount": 1,
            "rarity": 2,
            "slottypes": "STORAGE"
        },
        {
            "type": "iron_shovel",
            "maxamount": 1,
            "rarity": 2,
            "slottypes": "STORAGE"
        },
        {
            "type": "coal",
            "maxamount": 3,
            "minAmount": 1,
            "rarity": 10,
            "slottypes": "STORAGE"
        },
        {
            "type": "gold_ingot",
            "maxamount": 3,
            "minAmount": 1,
            "rarity": 10,
            "slottypes": "STORAGE"
        },
        {
            "type": "diamond",
            "maxamount": 3,
            "minAmount": 1,
            "rarity": 10,
            "slottypes": "STORAGE"
        }
    ]
}
