{
    "name": "Weaponsmith",
    "rarity": 1,
    "loot": [
        {
            "type": "apple",
            "maxAmount": 3,
            "minAmount": 1,
            "rarity": 2,
            "slotTypes": "STORAGE"
        },
        {
            "type": "bread",
            "maxAmount": 3,
            "minAmount": 1,
            "rarity": 2,
            "slotTypes": "STORAGE"
        },
        {
            "type": "iron_ingot",
            "maxAmount": 5,
            "minAmount": 1,
            "rarity": 2,
            "slottypes": "STORAGE"
        },
        {
            "type": "oak_sapling",
            "maxamount": 7,
            "minAmount": 3,
            "rarity": 4,
            "slottypes": "STORAGE"
        },
        {
            "type": "obsidian",
            "maxamount": 7,
            "minAmount": 3,
            "rarity": 4,
            "slottypes": "STORAGE"
        },
        {
            "type": "gold_ingot",
            "maxamount": 3,
            "minAmount": 1,
            "rarity": 4,
            "slottypes": "STORAGE"
        },
        {
            "type": "iron_pickaxe",
            "maxamount": 1,
            "rarity": 4,
            "slottypes": "STORAGE"
        },
        {
            "type": "iron_sword",
            "maxamount": 1,
            "rarity": 4,
            "slottypes": "STORAGE"
        },
        {
            "type": "iron_helmet",
            "maxamount": 1,
            "rarity": 4,
            "slottypes": "STORAGE"
        },
        {
            "type": "iron_chestplate",
            "maxamount": 1,
            "rarity": 4,
            "slottypes": "STORAGE"
        },
        {
            "type": "iron_leggings",
            "maxamount": 1,
            "rarity": 4,
            "slottypes": "STORAGE"
        },
        {
            "type": "iron_boots",
            "maxamount": 1,
            "rarity": 4,
            "slottypes": "STORAGE"
        },
        {
            "type": "diamond",
            "maxamount": 3,
            "minAmount": 1,
            "rarity": 6,
            "slottypes": "STORAGE"
        },
        {
            "type": "saddle",
            "maxamount": 1,
            "rarity": 6,
            "slottypes": "STORAGE"
        },
        {
            "type": "iron_horse_armor",
            "maxamount": 1,
            "rarity": 17,
            "slottypes": "STORAGE"
        },
        {
            "type": "golden_horse_armor",
            "maxamount": 1,
            "rarity": 17,
            "slottypes": "STORAGE"
        },
        {
            "type": "diamond_horse_armor",
            "maxamount": 1,
            "rarity": 17,
            "slottypes": "STORAGE"
        }
    ]
}
