{
	"credit": "Made with Blockbench",
	"texture_size": [64, 64],
	"textures": {
		"0": "modelengine:entity/eye_of_the_beholder"
	},
	"elements": [
		{
			"from": [2, 0, -3],
			"to": [14, 12, 9],
			"rotation": {"angle": 0, "axis": "y", "origin": [8, 0, 1]},
			"faces": {
				"north": {"uv": [0, 0, 3, 3], "texture": "#0"},
				"east": {"uv": [0, 3, 3, 6], "texture": "#0"},
				"south": {"uv": [3, 0, 6, 3], "texture": "#0"},
				"west": {"uv": [3, 3, 6, 6], "texture": "#0"},
				"up": {"uv": [3, 9, 0, 6], "texture": "#0"},
				"down": {"uv": [9, 0, 6, 3], "texture": "#0"}
			}
		},
		{
			"from": [6.5, 4.5, 9],
			"to": [9.5, 7.5, 11],
			"rotation": {"angle": 0, "axis": "y", "origin": [8, 0, 1]},
			"faces": {
				"north": {"uv": [5, 8, 5.75, 8.75], "texture": "#0"},
				"east": {"uv": [8, 5.75, 8.5, 6.5], "texture": "#0"},
				"south": {"uv": [8, 5, 8.75, 5.75], "texture": "#0"},
				"west": {"uv": [8, 6.5, 8.5, 7.25], "texture": "#0"},
				"up": {"uv": [8.75, 7.75, 8, 7.25], "texture": "#0"},
				"down": {"uv": [9.25, 5.75, 8.5, 6.25], "texture": "#0"}
			}
		},
		{
			"from": [4, 0, 9],
			"to": [12, 8, 20],
			"rotation": {"angle": -45, "axis": "x", "origin": [8, 4, 14.5]},
			"faces": {
				"north": {"uv": [7.75, 7.75, 9.75, 9.75], "texture": "#0"},
				"east": {"uv": [3, 6, 5.75, 8], "texture": "#0"},
				"south": {"uv": [3, 8, 5, 10], "texture": "#0"},
				"west": {"uv": [6, 3, 8.75, 5], "texture": "#0"},
				"up": {"uv": [8, 7.75, 6, 5], "texture": "#0"},
				"down": {"uv": [7.75, 7.75, 5.75, 10.5], "texture": "#0"}
			}
		},
		{
			"name": "cube inverted",
			"from": [12, 8, 20],
			"to": [4, 0, 9],
			"rotation": {"angle": -45, "axis": "x", "origin": [8, 4, 14.5]},
			"faces": {
				"north": {"uv": [3, 10, 5, 8], "texture": "#0"},
				"east": {"uv": [6, 5, 8.75, 3], "texture": "#0"},
				"south": {"uv": [7.75, 9.75, 9.75, 7.75], "texture": "#0"},
				"west": {"uv": [3, 8, 5.75, 6], "texture": "#0"},
				"up": {"uv": [5.75, 7.75, 7.75, 10.5], "texture": "#0"},
				"down": {"uv": [6, 7.75, 8, 5], "texture": "#0"}
			}
		}
	],
	"gui_light": "front",
	"display": {
		"thirdperson_righthand": {
			"rotation": [45, 0, 0],
			"translation": [0, 2.5, 2.5],
			"scale": [0.6, 0.6, 0.6]
		},
		"thirdperson_lefthand": {
			"rotation": [45, 0, 0],
			"translation": [0, 2.5, 2.5],
			"scale": [0.6, 0.6, 0.6]
		},
		"firstperson_righthand": {
			"rotation": [-4, 12, -4],
			"translation": [2.5, 0, -4.25],
			"scale": [0.6, 0.6, 0.6]
		},
		"firstperson_lefthand": {
			"rotation": [-4, 12, -4],
			"translation": [2.5, 0, -4.25],
			"scale": [0.6, 0.6, 0.6]
		},
		"ground": {
			"rotation": [-38, 0, 0],
			"translation": [0, 4.25, 0],
			"scale": [0.6, 0.6, 0.6]
		},
		"gui": {
			"rotation": [23, 130, 0],
			"scale": [0.5, 0.5, 0.5]
		},
		"fixed": {
			"rotation": [-90, 0, 0],
			"translation": [0, 0, -6.5]
		}
	}
}