{
	"credit": "Made with Blockbench",
	"texture_size": [64, 64],
	"textures": {
		"0": "modelengine:entity/mega_warden_pet"
	},
	"elements": [
		{
			"from": [4, 2, 5],
			"to": [13, 9, 12],
			"rotation": {"angle": 0, "axis": "y", "origin": [8, -9, 9]},
			"faces": {
				"north": {"uv": [0, 0, 2.25, 1.75], "texture": "#0"},
				"east": {"uv": [3.5, 3.5, 5.25, 5.25], "texture": "#0"},
				"south": {"uv": [0, 1.75, 2.25, 3.5], "texture": "#0"},
				"west": {"uv": [4.5, 0, 6.25, 1.75], "texture": "#0"},
				"up": {"uv": [4.5, 1.75, 2.25, 0], "texture": "#0"},
				"down": {"uv": [4.5, 1.75, 2.25, 3.5], "texture": "#0"}
			}
		},
		{
			"from": [5, -1, 5],
			"to": [8, 2, 5],
			"rotation": {"angle": 0, "axis": "y", "origin": [8, -9, 9]},
			"faces": {
				"north": {"uv": [16, 0, 15.25, 0.75], "texture": "#0"},
				"east": {"uv": [3.5, 3.5, 3.5, 4.25], "texture": "#0"},
				"south": {"uv": [15.25, 0, 16, 0.75], "texture": "#0"},
				"west": {"uv": [4.5, 0, 4.5, 0.75], "texture": "#0"},
				"up": {"uv": [3, 0, 2.25, 0], "texture": "#0"},
				"down": {"uv": [3, 1.75, 2.25, 1.75], "texture": "#0"}
			}
		},
		{
			"from": [10, 2.88582, 4.42597],
			"to": [13, 5.88582, 4.42597],
			"rotation": {"angle": -22.5, "axis": "x", "origin": [11.5, 4.38582, 4.42597]},
			"faces": {
				"north": {"uv": [9.75, 0, 9, 0.75], "texture": "#0"},
				"east": {"uv": [3.5, 3.5, 3.5, 4.25], "texture": "#0"},
				"south": {"uv": [9, 0, 9.75, 0.75], "texture": "#0"},
				"west": {"uv": [4.5, 0, 4.5, 0.75], "texture": "#0"},
				"up": {"uv": [3, 0, 2.25, 0], "texture": "#0"},
				"down": {"uv": [3, 1.75, 2.25, 1.75], "texture": "#0"}
			}
		},
		{
			"from": [4, 2.88582, 4.42597],
			"to": [7, 5.88582, 4.42597],
			"rotation": {"angle": -22.5, "axis": "x", "origin": [4.5, 4.38582, 4.42597]},
			"faces": {
				"north": {"uv": [9, 0, 9.75, 0.75], "texture": "#0"},
				"east": {"uv": [4.5, 0, 4.5, 0.75], "texture": "#0"},
				"south": {"uv": [9.75, 0, 9, 0.75], "texture": "#0"},
				"west": {"uv": [3.5, 3.5, 3.5, 4.25], "texture": "#0"},
				"up": {"uv": [2.25, 0, 3, 0], "texture": "#0"},
				"down": {"uv": [2.25, 1.75, 3, 1.75], "texture": "#0"}
			}
		},
		{
			"from": [4, 5.15224, 4.23463],
			"to": [13, 9.15224, 4.23463],
			"rotation": {"angle": 22.5, "axis": "x", "origin": [8.5, 7.15224, 4.23463]},
			"faces": {
				"north": {"uv": [5.25, 3.75, 7.5, 4.75], "texture": "#0"},
				"east": {"uv": [0, 0, 0, 1], "texture": "#0"},
				"south": {"uv": [7.5, 3.75, 5.25, 4.75], "texture": "#0"},
				"west": {"uv": [0, 0, 0, 1], "texture": "#0"},
				"up": {"uv": [2.25, 0, 0, 0], "texture": "#0"},
				"down": {"uv": [2.25, 0, 0, 0], "texture": "#0"}
			}
		},
		{
			"from": [-2, 4, 7],
			"to": [4, 8, 11],
			"rotation": {"angle": 0, "axis": "y", "origin": [8, -9, 9]},
			"faces": {
				"north": {"uv": [6.25, 0, 7.75, 1], "texture": "#0"},
				"east": {"uv": [1.5, 6.75, 2.5, 7.75], "texture": "#0"},
				"south": {"uv": [4.75, 6.25, 6.25, 7.25], "texture": "#0"},
				"west": {"uv": [2.5, 6.75, 3.5, 7.75], "texture": "#0"},
				"up": {"uv": [7.75, 7.25, 6.25, 6.25], "texture": "#0"},
				"down": {"uv": [8, 1, 6.5, 2], "texture": "#0"}
			}
		},
		{
			"from": [-2, 8, 8],
			"to": [0, 10, 10],
			"rotation": {"angle": 0, "axis": "y", "origin": [8, -9, 9]},
			"faces": {
				"north": {"uv": [5.25, 4.75, 5.75, 5.25], "texture": "#0"},
				"east": {"uv": [5.75, 4.75, 6.25, 5.25], "texture": "#0"},
				"south": {"uv": [6.25, 4.75, 6.75, 5.25], "texture": "#0"},
				"west": {"uv": [7.25, 3.25, 7.75, 3.75], "texture": "#0"},
				"up": {"uv": [8, 4.25, 7.5, 3.75], "texture": "#0"},
				"down": {"uv": [8, 4.25, 7.5, 4.75], "texture": "#0"}
			}
		},
		{
			"from": [13, 4, 7],
			"to": [19, 8, 11],
			"rotation": {"angle": 0, "axis": "y", "origin": [8, -9, 9]},
			"faces": {
				"north": {"uv": [7.75, 0, 6.25, 1], "texture": "#0"},
				"east": {"uv": [3.5, 6.75, 2.5, 7.75], "texture": "#0"},
				"south": {"uv": [6.25, 6.25, 4.75, 7.25], "texture": "#0"},
				"west": {"uv": [2.5, 6.75, 1.5, 7.75], "texture": "#0"},
				"up": {"uv": [6.25, 7.25, 7.75, 6.25], "texture": "#0"},
				"down": {"uv": [6.5, 1, 8, 2], "texture": "#0"}
			}
		},
		{
			"from": [17, 8, 8],
			"to": [19, 10, 10],
			"rotation": {"angle": 0, "axis": "y", "origin": [8, -9, 9]},
			"faces": {
				"north": {"uv": [5.75, 4.75, 5.25, 5.25], "texture": "#0"},
				"east": {"uv": [7.75, 3.25, 7.25, 3.75], "texture": "#0"},
				"south": {"uv": [6.75, 4.75, 6.25, 5.25], "texture": "#0"},
				"west": {"uv": [6.25, 4.75, 5.75, 5.25], "texture": "#0"},
				"up": {"uv": [7.5, 4.25, 8, 3.75], "texture": "#0"},
				"down": {"uv": [7.5, 4.25, 8, 4.75], "texture": "#0"}
			}
		}
	],
	"gui_light": "front",
	"display": {
		"gui": {
			"rotation": [15, 180, 0],
			"translation": [0.35, 0, 0],
			"scale": [0.75, 0.75, 0.75]
		}
	},
	"groups": [
		{
			"name": "h_head",
			"origin": [8, 12, 9],
			"color": 0,
			"children": [
				0,
				{
					"name": "drool",
					"origin": [6.51708, 10.99852, 4.06431],
					"color": 0,
					"children": [1]
				},
				2,
				3,
				4,
				5,
				6,
				7,
				8
			]
		}
	]
}