{"textures":{"0":"modelengine:entity/wizpiglin_2"},"elements":[{"from":[8.0,8.0,8.0],"to":[9.0,9.0,9.0],"faces":{"east":{"uv":[10.5,0.5,11.0,1.0],"tintindex":0,"rotation":0,"texture":"#0"},"south":{"uv":[10.5,0.5,11.0,1.0],"tintindex":0,"rotation":0,"texture":"#0"},"north":{"uv":[10.5,0.5,11.0,1.0],"tintindex":0,"rotation":0,"texture":"#0"},"west":{"uv":[10.5,0.5,11.0,1.0],"tintindex":0,"rotation":0,"texture":"#0"},"up":{"uv":[10.5,0.5,11.0,1.0],"tintindex":0,"rotation":0,"texture":"#0"},"down":{"uv":[10.5,0.5,11.0,1.0],"tintindex":0,"rotation":0,"texture":"#0"}}}],"display":{"gui":{"rotation":[30,225,0]}}}