{"textures":{"0":"modelengine:entity/wizpiglin_2"},"elements":[{"from":[8.901186,-0.4217844,8.771639],"to":[10.901186,4.5782156,10.771639],"faces":{"east":{"uv":[11.275,10.025,10.775,11.275],"tintindex":0,"rotation":0,"texture":"#0"},"south":{"uv":[14.525,4.275,14.025,5.525],"tintindex":0,"rotation":0,"texture":"#0"},"north":{"uv":[13.775,14.025,13.275,15.275],"tintindex":0,"rotation":0,"texture":"#0"},"west":{"uv":[13.525,14.025,13.025,15.275],"tintindex":0,"rotation":0,"texture":"#0"},"up":{"uv":[2.975,13.775,2.525,14.275],"tintindex":0,"rotation":0,"texture":"#0"},"down":{"uv":[3.725,14.275,3.275,13.775],"tintindex":0,"rotation":0,"texture":"#0"}},"rotation":{"origin":[9.651186,3.726266,6.5],"angle":-22.5,"axis":"x"}},{"from":[10.0,7.0,3.0],"to":[12.0,9.0,7.0],"faces":{"east":{"uv":[11.275,7.025,12.225,7.475],"tintindex":0,"rotation":0,"texture":"#0"},"south":{"uv":[11.775,14.525,12.225,14.975],"tintindex":0,"rotation":0,"texture":"#0"},"north":{"uv":[14.025,5.775,14.475,6.225],"tintindex":0,"rotation":0,"texture":"#0"},"west":{"uv":[14.275,4.275,15.225,4.725],"tintindex":0,"rotation":0,"texture":"#0"},"up":{"uv":[1.475,15.225,1.025,14.275],"tintindex":0,"rotation":0,"texture":"#0"},"down":{"uv":[11.475,14.525,11.025,15.475],"tintindex":0,"rotation":0,"texture":"#0"}}},{"from":[8.901186,0.7262659,5.0],"to":[10.901186,5.726266,7.0],"faces":{"east":{"uv":[10.775,10.025,11.275,11.275],"tintindex":0,"rotation":0,"texture":"#0"},"south":{"uv":[13.275,14.025,13.775,15.275],"tintindex":0,"rotation":0,"texture":"#0"},"north":{"uv":[14.025,4.275,14.525,5.525],"tintindex":0,"rotation":0,"texture":"#0"},"west":{"uv":[13.025,14.025,13.525,15.275],"tintindex":0,"rotation":0,"texture":"#0"},"up":{"uv":[2.975,14.275,2.525,13.775],"tintindex":0,"rotation":0,"texture":"#0"},"down":{"uv":[3.725,13.775,3.275,14.275],"tintindex":0,"rotation":0,"texture":"#0"}},"rotation":{"origin":[9.651186,3.726266,6.5],"angle":22.5,"axis":"x"}},{"from":[8.651186,4.726266,5.5],"to":[10.651186,8.726266,10.5],"faces":{"east":{"uv":[2.025,8.775,3.275,9.775],"tintindex":0,"rotation":0,"texture":"#0"},"south":{"uv":[13.275,14.025,13.775,15.025],"tintindex":0,"rotation":0,"texture":"#0"},"north":{"uv":[12.775,14.025,13.275,15.025],"tintindex":0,"rotation":0,"texture":"#0"},"west":{"uv":[13.525,13.025,14.775,14.025],"tintindex":0,"rotation":0,"texture":"#0"},"up":{"uv":[2.975,15.025,2.525,13.775],"tintindex":0,"rotation":0,"texture":"#0"},"down":{"uv":[3.725,13.775,3.275,15.025],"tintindex":0,"rotation":0,"texture":"#0"}},"rotation":{"origin":[10.151186,6.726266,8.0],"angle":22.5,"axis":"z"}}],"display":{"gui":{"rotation":[30,225,0]}}}