{
    "group": "NORMAL",
    "maximumRate": {
        "amount": 8,
        "per": {"seconds": 30}
    },
    "timeBlock": {
        "startHour": 6,
        "endHour": 18
    },
    "maxEntitiesPerChunk": 2,
    "energyMultiplier": 0.85,
    "weather": "NONE",
    "spawns": [
        {
            "entity": "standard/passive/chicken",
            "maxSpawns": 4,
            "minSpawns": 1,
            "rarity": 1
        },
        {
            "entity": "standard/passive/cow",
            "maxSpawns": 3,
            "minSpawns": 1,
            "rarity": 4,
            "energyMultiplier": 1.2
        },
        {
            "entity": "standard/passive/pig",
            "maxSpawns": 4,
            "minSpawns": 1,
            "rarity": 4,
            "energyMultiplier": 1.2
        },
        {
            "entity": "standard/passive/sheep",
            "maxSpawns": 3,
            "minSpawns": 1,
            "rarity": 2
        },
        {
            "entity": "standard/passive/parrot",
            "maxSpawns": 3,
            "minSpawns": 1,
            "rarity": 15
        },
        {
            "entity": "standard/passive/ocelot",
            "maxSpawns": 3,
            "minSpawns": 1,
            "rarity": 15
        },
        {
            "entity": "standard/neutral/panda",
            "maxSpawns": 3,
            "minSpawns": 1,
            "rarity": 15
        }
    ]
}
