{"textures":{"1":"modelengine:entity/tower_skeleton_chest"},"elements":[{"from":[21.841421,5.6,2.3585787],"to":[23.841421,11.6,5.3585787],"faces":{"east":{"uv":[9.25,1.375,9.625,2.125],"tintindex":0,"rotation":0,"texture":"#1"},"south":{"uv":[5.5,9.375,5.75,10.125],"tintindex":0,"rotation":0,"texture":"#1"},"north":{"uv":[9.375,5.375,9.625,6.125],"tintindex":0,"rotation":0,"texture":"#1"},"west":{"uv":[7.875,9.25,8.25,10.0],"tintindex":0,"rotation":0,"texture":"#1"},"up":{"uv":[4.0,8.375,3.75,8.0],"tintindex":0,"rotation":0,"texture":"#1"},"down":{"uv":[7.875,9.375,7.625,9.75],"tintindex":0,"rotation":0,"texture":"#1"}}},{"from":[-4.158579,5.6,16.358578],"to":[-1.1585789,11.6,18.358578],"faces":{"east":{"uv":[5.25,9.375,5.5,10.125],"tintindex":0,"rotation":0,"texture":"#1"},"south":{"uv":[9.125,2.125,9.5,2.875],"tintindex":0,"rotation":0,"texture":"#1"},"north":{"uv":[9.25,0.625,9.625,1.375],"tintindex":0,"rotation":0,"texture":"#1"},"west":{"uv":[5.0,9.375,5.25,10.125],"tintindex":0,"rotation":0,"texture":"#1"},"up":{"uv":[1.125,9.5,1.5,9.75],"tintindex":0,"rotation":0,"texture":"#1"},"down":{"uv":[1.5,9.75,1.875,9.5],"tintindex":0,"rotation":0,"texture":"#1"}}},{"from":[-8.158579,5.6,2.3585787],"to":[-6.158579,11.6,5.3585787],"faces":{"east":{"uv":[8.25,9.25,7.875,10.0],"tintindex":0,"rotation":0,"texture":"#1"},"south":{"uv":[5.75,9.375,5.5,10.125],"tintindex":0,"rotation":0,"texture":"#1"},"north":{"uv":[9.625,5.375,9.375,6.125],"tintindex":0,"rotation":0,"texture":"#1"},"west":{"uv":[9.625,1.375,9.25,2.125],"tintindex":0,"rotation":0,"texture":"#1"},"up":{"uv":[3.75,8.375,4.0,8.0],"tintindex":0,"rotation":0,"texture":"#1"},"down":{"uv":[7.625,9.375,7.875,9.75],"tintindex":0,"rotation":0,"texture":"#1"}}},{"from":[16.841421,5.6,16.358578],"to":[19.841421,11.6,18.358578],"faces":{"east":{"uv":[5.25,9.375,5.0,10.125],"tintindex":0,"rotation":0,"texture":"#1"},"south":{"uv":[9.5,2.125,9.125,2.875],"tintindex":0,"rotation":0,"texture":"#1"},"north":{"uv":[9.625,0.625,9.25,1.375],"tintindex":0,"rotation":0,"texture":"#1"},"west":{"uv":[5.5,9.375,5.25,10.125],"tintindex":0,"rotation":0,"texture":"#1"},"up":{"uv":[1.5,9.5,1.125,9.75],"tintindex":0,"rotation":0,"texture":"#1"},"down":{"uv":[1.875,9.75,1.5,9.5],"tintindex":0,"rotation":0,"texture":"#1"}}},{"from":[-9.158579,2.6,-2.6414213],"to":[-0.15857887,5.6,6.3585787],"faces":{"east":{"uv":[2.25,8.75,1.125,9.125],"tintindex":0,"rotation":0,"texture":"#1"},"south":{"uv":[1.125,8.75,0.0,9.125],"tintindex":0,"rotation":0,"texture":"#1"},"north":{"uv":[8.25,8.5,7.125,8.875],"tintindex":0,"rotation":0,"texture":"#1"},"west":{"uv":[9.375,8.5,8.25,8.875],"tintindex":0,"rotation":0,"texture":"#1"},"up":{"uv":[5.25,8.375,6.375,7.25],"tintindex":0,"rotation":0,"texture":"#1"},"down":{"uv":[6.375,7.25,7.5,8.375],"tintindex":0,"rotation":0,"texture":"#1"}}},{"from":[-7.469239,5.6,12.608579],"to":[-2.4692392,13.6,17.608578],"faces":{"east":{"uv":[6.5,8.375,7.125,9.375],"tintindex":0,"rotation":0,"texture":"#1"},"south":{"uv":[4.625,8.375,5.25,9.375],"tintindex":0,"rotation":0,"texture":"#1"},"north":{"uv":[5.875,8.375,6.5,9.375],"tintindex":0,"rotation":0,"texture":"#1"},"west":{"uv":[5.25,8.375,5.875,9.375],"tintindex":0,"rotation":0,"texture":"#1"},"up":{"uv":[2.25,8.875,2.875,9.5],"tintindex":0,"rotation":0,"texture":"#1"},"down":{"uv":[2.875,9.5,3.5,8.875],"tintindex":0,"rotation":0,"texture":"#1"}},"rotation":{"origin":[-4.908579,6.85,15.108579],"angle":45.0,"axis":"y"}},{"from":[-6.158579,3.6,0.35857868],"to":[21.841421,14.6,16.358578],"faces":{"east":{"uv":[0.0,6.625,2.0,8.0],"tintindex":0,"rotation":0,"texture":"#1"},"south":{"uv":[3.5,4.0,7.0,5.375],"tintindex":0,"rotation":0,"texture":"#1"},"north":{"uv":[7.0,4.0,3.5,5.375],"tintindex":0,"rotation":0,"texture":"#1"},"west":{"uv":[2.0,6.625,0.0,8.0],"tintindex":0,"rotation":0,"texture":"#1"},"up":{"uv":[3.5,2.0,0.0,0.0],"tintindex":0,"rotation":0,"texture":"#1"},"down":{"uv":[3.5,2.0,0.0,4.0],"tintindex":0,"rotation":0,"texture":"#1"}}},{"from":[-4.158579,5.6,-1.6414213],"to":[-1.1585789,11.6,0.35857868],"faces":{"east":{"uv":[5.5,9.375,5.25,10.125],"tintindex":0,"rotation":0,"texture":"#1"},"south":{"uv":[9.625,0.625,9.25,1.375],"tintindex":0,"rotation":0,"texture":"#1"},"north":{"uv":[9.5,2.125,9.125,2.875],"tintindex":0,"rotation":0,"texture":"#1"},"west":{"uv":[5.25,9.375,5.0,10.125],"tintindex":0,"rotation":0,"texture":"#1"},"up":{"uv":[1.125,9.75,1.5,9.5],"tintindex":0,"rotation":0,"texture":"#1"},"down":{"uv":[1.5,9.5,1.875,9.75],"tintindex":0,"rotation":0,"texture":"#1"}}},{"from":[-8.158579,5.6,11.358579],"to":[-6.158579,11.6,14.358579],"faces":{"east":{"uv":[7.875,9.25,8.25,10.0],"tintindex":0,"rotation":0,"texture":"#1"},"south":{"uv":[9.375,5.375,9.625,6.125],"tintindex":0,"rotation":0,"texture":"#1"},"north":{"uv":[5.5,9.375,5.75,10.125],"tintindex":0,"rotation":0,"texture":"#1"},"west":{"uv":[9.25,1.375,9.625,2.125],"tintindex":0,"rotation":0,"texture":"#1"},"up":{"uv":[3.75,8.0,4.0,8.375],"tintindex":0,"rotation":0,"texture":"#1"},"down":{"uv":[7.625,9.75,7.875,9.375],"tintindex":0,"rotation":0,"texture":"#1"}}},{"from":[-7.469239,5.6,-0.8914213],"to":[-2.4692392,13.6,4.1085787],"faces":{"east":{"uv":[7.125,8.375,6.5,9.375],"tintindex":0,"rotation":0,"texture":"#1"},"south":{"uv":[6.5,8.375,5.875,9.375],"tintindex":0,"rotation":0,"texture":"#1"},"north":{"uv":[5.25,8.375,4.625,9.375],"tintindex":0,"rotation":0,"texture":"#1"},"west":{"uv":[5.875,8.375,5.25,9.375],"tintindex":0,"rotation":0,"texture":"#1"},"up":{"uv":[2.25,9.5,2.875,8.875],"tintindex":0,"rotation":0,"texture":"#1"},"down":{"uv":[2.875,8.875,3.5,9.5],"tintindex":0,"rotation":0,"texture":"#1"}},"rotation":{"origin":[-4.908579,6.85,1.6085787],"angle":-45.0,"axis":"y"}},{"from":[-9.158579,2.6,10.358579],"to":[-0.15857887,5.6,19.358578],"faces":{"east":{"uv":[1.125,8.75,2.25,9.125],"tintindex":0,"rotation":0,"texture":"#1"},"south":{"uv":[7.125,8.5,8.25,8.875],"tintindex":0,"rotation":0,"texture":"#1"},"north":{"uv":[0.0,8.75,1.125,9.125],"tintindex":0,"rotation":0,"texture":"#1"},"west":{"uv":[8.25,8.5,9.375,8.875],"tintindex":0,"rotation":0,"texture":"#1"},"up":{"uv":[5.25,7.25,6.375,8.375],"tintindex":0,"rotation":0,"texture":"#1"},"down":{"uv":[6.375,8.375,7.5,7.25],"tintindex":0,"rotation":0,"texture":"#1"}}},{"from":[18.15208,5.6,-0.8914213],"to":[23.15208,13.6,4.1085787],"faces":{"east":{"uv":[5.25,8.375,5.875,9.375],"tintindex":0,"rotation":0,"texture":"#1"},"south":{"uv":[5.875,8.375,6.5,9.375],"tintindex":0,"rotation":0,"texture":"#1"},"north":{"uv":[4.625,8.375,5.25,9.375],"tintindex":0,"rotation":0,"texture":"#1"},"west":{"uv":[6.5,8.375,7.125,9.375],"tintindex":0,"rotation":0,"texture":"#1"},"up":{"uv":[2.875,9.5,2.25,8.875],"tintindex":0,"rotation":0,"texture":"#1"},"down":{"uv":[3.5,8.875,2.875,9.5],"tintindex":0,"rotation":0,"texture":"#1"}},"rotation":{"origin":[20.591421,6.85,1.6085787],"angle":45.0,"axis":"y"}},{"from":[16.841421,5.6,-1.6414213],"to":[19.841421,11.6,0.35857868],"faces":{"east":{"uv":[5.0,9.375,5.25,10.125],"tintindex":0,"rotation":0,"texture":"#1"},"south":{"uv":[9.25,0.625,9.625,1.375],"tintindex":0,"rotation":0,"texture":"#1"},"north":{"uv":[9.125,2.125,9.5,2.875],"tintindex":0,"rotation":0,"texture":"#1"},"west":{"uv":[5.25,9.375,5.5,10.125],"tintindex":0,"rotation":0,"texture":"#1"},"up":{"uv":[1.5,9.75,1.125,9.5],"tintindex":0,"rotation":0,"texture":"#1"},"down":{"uv":[1.875,9.5,1.5,9.75],"tintindex":0,"rotation":0,"texture":"#1"}}},{"from":[21.841421,5.6,11.358579],"to":[23.841421,11.6,14.358579],"faces":{"east":{"uv":[9.625,1.375,9.25,2.125],"tintindex":0,"rotation":0,"texture":"#1"},"south":{"uv":[9.625,5.375,9.375,6.125],"tintindex":0,"rotation":0,"texture":"#1"},"north":{"uv":[5.75,9.375,5.5,10.125],"tintindex":0,"rotation":0,"texture":"#1"},"west":{"uv":[8.25,9.25,7.875,10.0],"tintindex":0,"rotation":0,"texture":"#1"},"up":{"uv":[4.0,8.0,3.75,8.375],"tintindex":0,"rotation":0,"texture":"#1"},"down":{"uv":[7.875,9.75,7.625,9.375],"tintindex":0,"rotation":0,"texture":"#1"}}},{"from":[15.841421,2.6,10.358579],"to":[24.841421,5.6,19.358578],"faces":{"east":{"uv":[9.375,8.5,8.25,8.875],"tintindex":0,"rotation":0,"texture":"#1"},"south":{"uv":[8.25,8.5,7.125,8.875],"tintindex":0,"rotation":0,"texture":"#1"},"north":{"uv":[1.125,8.75,0.0,9.125],"tintindex":0,"rotation":0,"texture":"#1"},"west":{"uv":[2.25,8.75,1.125,9.125],"tintindex":0,"rotation":0,"texture":"#1"},"up":{"uv":[6.375,7.25,5.25,8.375],"tintindex":0,"rotation":0,"texture":"#1"},"down":{"uv":[7.5,8.375,6.375,7.25],"tintindex":0,"rotation":0,"texture":"#1"}}},{"from":[15.841421,2.6,-2.6414213],"to":[24.841421,5.6,6.3585787],"faces":{"east":{"uv":[8.25,8.5,9.375,8.875],"tintindex":0,"rotation":0,"texture":"#1"},"south":{"uv":[0.0,8.75,1.125,9.125],"tintindex":0,"rotation":0,"texture":"#1"},"north":{"uv":[7.125,8.5,8.25,8.875],"tintindex":0,"rotation":0,"texture":"#1"},"west":{"uv":[1.125,8.75,2.25,9.125],"tintindex":0,"rotation":0,"texture":"#1"},"up":{"uv":[6.375,8.375,5.25,7.25],"tintindex":0,"rotation":0,"texture":"#1"},"down":{"uv":[7.5,7.25,6.375,8.375],"tintindex":0,"rotation":0,"texture":"#1"}}},{"from":[18.15208,5.6,12.608579],"to":[23.15208,13.6,17.608578],"faces":{"east":{"uv":[5.875,8.375,5.25,9.375],"tintindex":0,"rotation":0,"texture":"#1"},"south":{"uv":[5.25,8.375,4.625,9.375],"tintindex":0,"rotation":0,"texture":"#1"},"north":{"uv":[6.5,8.375,5.875,9.375],"tintindex":0,"rotation":0,"texture":"#1"},"west":{"uv":[7.125,8.375,6.5,9.375],"tintindex":0,"rotation":0,"texture":"#1"},"up":{"uv":[2.875,8.875,2.25,9.5],"tintindex":0,"rotation":0,"texture":"#1"},"down":{"uv":[3.5,9.5,2.875,8.875],"tintindex":0,"rotation":0,"texture":"#1"}},"rotation":{"origin":[20.591421,6.85,15.108579],"angle":-45.0,"axis":"y"}}],"display":{"gui":{"rotation":[30,225,0]}}}