{"textures":{"1":"modelengine:entity/tower_skeleton_chest"},"elements":[{"from":[-6.0,8.0,3.001],"to":[-6.0,25.0,18.001],"faces":{"east":{"uv":[14.125,0.0,16.0,2.125],"tintindex":0,"rotation":0,"texture":"#1"},"west":{"uv":[14.125,0.0,16.0,2.125],"tintindex":0,"rotation":0,"texture":"#1"}}},{"from":[21.999,8.0,3.0],"to":[21.999,25.0,18.0],"faces":{"east":{"uv":[12.5,0.0,14.375,2.125],"tintindex":0,"rotation":0,"texture":"#1"},"west":{"uv":[12.5,0.0,14.375,2.125],"tintindex":0,"rotation":0,"texture":"#1"}}},{"from":[-6.0,8.0,3.0],"to":[22.0,25.0,3.0],"faces":{"south":{"uv":[12.5,0.0,16.0,2.125],"tintindex":0,"rotation":0,"texture":"#1"},"north":{"uv":[12.5,0.0,16.0,2.125],"tintindex":0,"rotation":0,"texture":"#1"}}}],"display":{"gui":{"rotation":[30,225,0]}}}