{"textures":{"1":"modelengine:entity/tower_skeleton_chest"},"elements":[{"from":[5.0,4.9767866,4.153802],"to":[11.0,7.9767876,11.153802],"faces":{"east":{"uv":[7.875,8.875,8.75,9.25],"tintindex":0,"rotation":0,"texture":"#1"},"south":{"uv":[1.5,9.125,2.25,9.5],"tintindex":0,"rotation":0,"texture":"#1"},"north":{"uv":[0.75,9.125,1.5,9.5],"tintindex":0,"rotation":0,"texture":"#1"},"west":{"uv":[8.75,8.875,9.625,9.25],"tintindex":0,"rotation":0,"texture":"#1"},"up":{"uv":[3.375,8.875,2.625,8.0],"tintindex":0,"rotation":0,"texture":"#1"},"down":{"uv":[9.0,5.375,8.25,6.25],"tintindex":0,"rotation":0,"texture":"#1"}},"rotation":{"origin":[8.0,6.4767866,7.6538014],"angle":-22.5,"axis":"x"}},{"from":[2.0,7.5232143,2.846198],"to":[14.0,11.523214,8.846198],"faces":{"east":{"uv":[3.5,8.875,4.25,9.375],"tintindex":0,"rotation":0,"texture":"#1"},"south":{"uv":[8.0,3.375,9.5,3.875],"tintindex":0,"rotation":0,"texture":"#1"},"north":{"uv":[8.0,2.875,9.5,3.375],"tintindex":0,"rotation":0,"texture":"#1"},"west":{"uv":[7.125,8.875,7.875,9.375],"tintindex":0,"rotation":0,"texture":"#1"},"up":{"uv":[9.0,8.5,7.5,7.75],"tintindex":0,"rotation":0,"texture":"#1"},"down":{"uv":[1.5,8.0,0.0,8.75],"tintindex":0,"rotation":0,"texture":"#1"}}},{"from":[3.0,6.5232143,3.846198],"to":[13.0,12.523214,12.846198],"faces":{"east":{"uv":[1.5,8.0,2.625,8.75],"tintindex":0,"rotation":0,"texture":"#1"},"south":{"uv":[8.0,1.375,9.25,2.125],"tintindex":0,"rotation":0,"texture":"#1"},"north":{"uv":[8.0,0.625,9.25,1.375],"tintindex":0,"rotation":0,"texture":"#1"},"west":{"uv":[8.0,2.125,9.125,2.875],"tintindex":0,"rotation":0,"texture":"#1"},"up":{"uv":[8.25,6.5,7.0,5.375],"tintindex":0,"rotation":0,"texture":"#1"},"down":{"uv":[5.25,7.25,4.0,8.375],"tintindex":0,"rotation":0,"texture":"#1"}}}],"display":{"gui":{"rotation":[30,225,0]}}}