{"textures":{"1":"modelengine:entity/tower_skeleton_chest"},"elements":[{"from":[9.5,6.589632,6.4126205],"to":[12.5,10.589632,10.412621],"faces":{"east":{"uv":[8.75,9.25,8.25,9.75],"tintindex":0,"rotation":0,"texture":"#1"},"south":{"uv":[3.875,9.375,3.5,9.875],"tintindex":0,"rotation":0,"texture":"#1"},"north":{"uv":[9.625,9.25,9.25,9.75],"tintindex":0,"rotation":0,"texture":"#1"},"west":{"uv":[9.75,3.875,9.25,4.375],"tintindex":0,"rotation":0,"texture":"#1"},"up":{"uv":[3.875,9.875,4.25,9.375],"tintindex":0,"rotation":0,"texture":"#1"},"down":{"uv":[4.625,9.375,5.0,9.875],"tintindex":0,"rotation":0,"texture":"#1"}}},{"from":[15.2426405,8.589632,-2.83002],"to":[16.242641,10.589632,0.16998005],"faces":{"east":{"uv":[6.875,9.375,6.5,9.625],"tintindex":0,"rotation":0,"texture":"#1"},"south":{"uv":[9.625,2.75,9.5,3.0],"tintindex":0,"rotation":0,"texture":"#1"},"north":{"uv":[2.875,9.5,2.75,9.75],"tintindex":0,"rotation":0,"texture":"#1"},"west":{"uv":[6.5,9.375,6.125,9.625],"tintindex":0,"rotation":0,"texture":"#1"},"up":{"uv":[9.5,2.75,9.625,2.375],"tintindex":0,"rotation":0,"texture":"#1"},"down":{"uv":[2.625,9.5,2.75,9.875],"tintindex":0,"rotation":0,"texture":"#1"}},"rotation":{"origin":[16.242641,9.589632,-1.83002],"angle":22.5,"axis":"x"}},{"from":[14.7426405,7.589632,-0.83001995],"to":[16.742641,9.589632,6.16998],"faces":{"east":{"uv":[10.0,6.25,9.125,6.5],"tintindex":0,"rotation":0,"texture":"#1"},"south":{"uv":[2.375,9.5,2.125,9.75],"tintindex":0,"rotation":0,"texture":"#1"},"north":{"uv":[2.125,9.5,1.875,9.75],"tintindex":0,"rotation":0,"texture":"#1"},"west":{"uv":[9.125,6.25,8.25,6.5],"tintindex":0,"rotation":0,"texture":"#1"},"up":{"uv":[8.75,10.125,9.0,9.25],"tintindex":0,"rotation":0,"texture":"#1"},"down":{"uv":[9.0,9.25,9.25,10.125],"tintindex":0,"rotation":0,"texture":"#1"}}},{"from":[12.5,7.089632,3.16998],"to":[15.5,10.089632,9.16998],"faces":{"east":{"uv":[9.75,8.125,9.0,8.5],"tintindex":0,"rotation":0,"texture":"#1"},"south":{"uv":[6.125,9.375,5.75,9.75],"tintindex":0,"rotation":0,"texture":"#1"},"north":{"uv":[3.75,8.0,3.375,8.375],"tintindex":0,"rotation":0,"texture":"#1"},"west":{"uv":[9.75,7.75,9.0,8.125],"tintindex":0,"rotation":0,"texture":"#1"},"up":{"uv":[0.0,9.875,0.375,9.125],"tintindex":0,"rotation":0,"texture":"#1"},"down":{"uv":[0.375,9.125,0.75,9.875],"tintindex":0,"rotation":0,"texture":"#1"}},"rotation":{"origin":[12.5,8.089632,6.16998],"angle":-45.0,"axis":"y"}},{"from":[8.5,7.589632,8.412621],"to":[11.5,9.589632,10.412621],"faces":{"east":{"uv":[2.625,9.5,2.375,9.75],"tintindex":0,"rotation":0,"texture":"#1"},"south":{"uv":[7.625,9.375,7.25,9.625],"tintindex":0,"rotation":0,"texture":"#1"},"north":{"uv":[7.25,9.375,6.875,9.625],"tintindex":0,"rotation":0,"texture":"#1"},"west":{"uv":[9.75,2.125,9.5,2.375],"tintindex":0,"rotation":0,"texture":"#1"},"up":{"uv":[9.375,8.75,9.75,8.5],"tintindex":0,"rotation":0,"texture":"#1"},"down":{"uv":[0.75,9.5,1.125,9.75],"tintindex":0,"rotation":0,"texture":"#1"}},"rotation":{"origin":[12.5,7.589632,6.4126205],"angle":-22.5,"axis":"y"}}],"display":{"gui":{"rotation":[30,225,0]}}}