{"textures":{"1":"modelengine:entity/tower_skeleton_chest"},"elements":[{"from":[-0.2426405,8.589632,-2.83002],"to":[0.7573595,10.589632,0.16998005],"faces":{"east":{"uv":[6.125,9.375,6.5,9.625],"tintindex":0,"rotation":0,"texture":"#1"},"south":{"uv":[9.5,2.75,9.625,3.0],"tintindex":0,"rotation":0,"texture":"#1"},"north":{"uv":[2.75,9.5,2.875,9.75],"tintindex":0,"rotation":0,"texture":"#1"},"west":{"uv":[6.5,9.375,6.875,9.625],"tintindex":0,"rotation":0,"texture":"#1"},"up":{"uv":[9.625,2.75,9.5,2.375],"tintindex":0,"rotation":0,"texture":"#1"},"down":{"uv":[2.75,9.5,2.625,9.875],"tintindex":0,"rotation":0,"texture":"#1"}},"rotation":{"origin":[-0.2426405,9.589632,-1.83002],"angle":22.5,"axis":"x"}},{"from":[3.5,6.589632,6.4126205],"to":[6.5,10.589632,10.412621],"faces":{"east":{"uv":[9.25,3.875,9.75,4.375],"tintindex":0,"rotation":0,"texture":"#1"},"south":{"uv":[3.5,9.375,3.875,9.875],"tintindex":0,"rotation":0,"texture":"#1"},"north":{"uv":[9.25,9.25,9.625,9.75],"tintindex":0,"rotation":0,"texture":"#1"},"west":{"uv":[8.25,9.25,8.75,9.75],"tintindex":0,"rotation":0,"texture":"#1"},"up":{"uv":[4.25,9.875,3.875,9.375],"tintindex":0,"rotation":0,"texture":"#1"},"down":{"uv":[5.0,9.375,4.625,9.875],"tintindex":0,"rotation":0,"texture":"#1"}}},{"from":[-0.7426405,7.589632,-0.83001995],"to":[1.2573595,9.589632,6.16998],"faces":{"east":{"uv":[8.25,6.25,9.125,6.5],"tintindex":0,"rotation":0,"texture":"#1"},"south":{"uv":[2.125,9.5,2.375,9.75],"tintindex":0,"rotation":0,"texture":"#1"},"north":{"uv":[1.875,9.5,2.125,9.75],"tintindex":0,"rotation":0,"texture":"#1"},"west":{"uv":[9.125,6.25,10.0,6.5],"tintindex":0,"rotation":0,"texture":"#1"},"up":{"uv":[9.0,10.125,8.75,9.25],"tintindex":0,"rotation":0,"texture":"#1"},"down":{"uv":[9.25,9.25,9.0,10.125],"tintindex":0,"rotation":0,"texture":"#1"}}},{"from":[0.5,7.089632,3.16998],"to":[3.5,10.089632,9.16998],"faces":{"east":{"uv":[9.0,7.75,9.75,8.125],"tintindex":0,"rotation":0,"texture":"#1"},"south":{"uv":[5.75,9.375,6.125,9.75],"tintindex":0,"rotation":0,"texture":"#1"},"north":{"uv":[3.375,8.0,3.75,8.375],"tintindex":0,"rotation":0,"texture":"#1"},"west":{"uv":[9.0,8.125,9.75,8.5],"tintindex":0,"rotation":0,"texture":"#1"},"up":{"uv":[0.375,9.875,0.0,9.125],"tintindex":0,"rotation":0,"texture":"#1"},"down":{"uv":[0.75,9.125,0.375,9.875],"tintindex":0,"rotation":0,"texture":"#1"}},"rotation":{"origin":[3.5,8.089632,6.16998],"angle":45.0,"axis":"y"}},{"from":[4.5,7.589632,8.412621],"to":[7.5,9.589632,10.412621],"faces":{"east":{"uv":[9.5,2.125,9.75,2.375],"tintindex":0,"rotation":0,"texture":"#1"},"south":{"uv":[7.25,9.375,7.625,9.625],"tintindex":0,"rotation":0,"texture":"#1"},"north":{"uv":[6.875,9.375,7.25,9.625],"tintindex":0,"rotation":0,"texture":"#1"},"west":{"uv":[2.375,9.5,2.625,9.75],"tintindex":0,"rotation":0,"texture":"#1"},"up":{"uv":[9.75,8.75,9.375,8.5],"tintindex":0,"rotation":0,"texture":"#1"},"down":{"uv":[1.125,9.5,0.75,9.75],"tintindex":0,"rotation":0,"texture":"#1"}},"rotation":{"origin":[3.5,7.589632,6.4126205],"angle":22.5,"axis":"y"}}],"display":{"gui":{"rotation":[30,225,0]}}}