{"textures":{"1":"modelengine:entity/tower_skeleton_chest"},"elements":[{"from":[-6.0,13.0,-5.0],"to":[22.0,17.0,5.0],"faces":{"east":{"uv":[8.0,3.875,9.25,4.375],"tintindex":0,"rotation":0,"texture":"#1"},"south":{"uv":[7.0,4.875,10.5,5.375],"tintindex":0,"rotation":0,"texture":"#1"},"north":{"uv":[7.0,4.375,10.5,4.875],"tintindex":0,"rotation":0,"texture":"#1"},"west":{"uv":[9.25,3.875,8.0,4.375],"tintindex":0,"rotation":0,"texture":"#1"},"up":{"uv":[3.5,6.625,0.0,5.375],"tintindex":0,"rotation":0,"texture":"#1"},"down":{"uv":[7.0,5.375,3.5,6.625],"tintindex":0,"rotation":0,"texture":"#1"}}},{"from":[-6.0,8.0,-8.0],"to":[22.0,13.0,8.0],"faces":{"east":{"uv":[7.5,6.5,9.5,7.125],"tintindex":0,"rotation":0,"texture":"#1"},"south":{"uv":[7.0,0.0,10.5,0.625],"tintindex":0,"rotation":0,"texture":"#1"},"north":{"uv":[10.5,0.0,7.0,0.625],"tintindex":0,"rotation":0,"texture":"#1"},"west":{"uv":[9.5,6.5,7.5,7.125],"tintindex":0,"rotation":0,"texture":"#1"},"up":{"uv":[7.0,2.0,3.5,0.0],"tintindex":0,"rotation":0,"texture":"#1"},"down":{"uv":[7.0,2.0,3.5,4.0],"tintindex":0,"rotation":0,"texture":"#1"}}}],"display":{"gui":{"rotation":[30,225,0]}}}