{"textures":{"0":"modelengine:entity/tower_skeleton_sword_fx"},"elements":[{"from":[0.0,24.0,1.3725829],"to":[16.0,24.0,14.627417],"faces":{"up":{"uv":[14.0,13.0,12.0,11.375],"tintindex":0,"rotation":0,"texture":"#0"},"down":{"uv":[14.0,11.375,12.0,13.0],"tintindex":0,"rotation":0,"texture":"#0"}}},{"from":[0.0,1.3725834,24.0],"to":[16.0,14.627417,24.0],"faces":{"south":{"uv":[12.0,4.875,14.0,3.25],"tintindex":0,"rotation":0,"texture":"#0"},"north":{"uv":[12.0,4.875,14.0,3.25],"tintindex":0,"rotation":0,"texture":"#0"}},"rotation":{"origin":[16.0,8.0,8.0],"angle":45.0,"axis":"x"}},{"from":[0.0,1.3725834,-8.0],"to":[16.0,14.627417,-8.0],"faces":{"south":{"uv":[12.0,9.75,14.0,11.375],"tintindex":0,"rotation":0,"texture":"#0"},"north":{"uv":[12.0,9.75,14.0,11.375],"tintindex":0,"rotation":0,"texture":"#0"}},"rotation":{"origin":[16.0,8.0,8.0],"angle":45.0,"axis":"x"}},{"from":[0.0,1.3725834,24.0],"to":[16.0,14.627417,24.0],"faces":{"south":{"uv":[12.0,3.25,14.0,1.625],"tintindex":0,"rotation":0,"texture":"#0"},"north":{"uv":[12.0,3.25,14.0,1.625],"tintindex":0,"rotation":0,"texture":"#0"}}},{"from":[0.0,-8.0,1.3725829],"to":[16.0,-8.0,14.627417],"faces":{"up":{"uv":[14.0,8.125,12.0,6.5],"tintindex":0,"rotation":0,"texture":"#0"},"down":{"uv":[14.0,6.5,12.0,8.125],"tintindex":0,"rotation":0,"texture":"#0"}},"rotation":{"origin":[16.0,8.0,8.0],"angle":45.0,"axis":"x"}},{"from":[0.0,24.0,1.3725829],"to":[16.0,24.0,14.627417],"faces":{"up":{"uv":[14.0,0.0,12.0,1.625],"tintindex":0,"rotation":0,"texture":"#0"},"down":{"uv":[14.0,1.625,12.0,0.0],"tintindex":0,"rotation":0,"texture":"#0"}},"rotation":{"origin":[16.0,8.0,8.0],"angle":45.0,"axis":"x"}},{"from":[0.0,1.3725834,-8.0],"to":[16.0,14.627417,-8.0],"faces":{"south":{"uv":[12.0,8.125,14.0,9.75],"tintindex":0,"rotation":0,"texture":"#0"},"north":{"uv":[12.0,8.125,14.0,9.75],"tintindex":0,"rotation":0,"texture":"#0"}}},{"from":[0.0,-8.0,1.3725829],"to":[16.0,-8.0,14.627417],"faces":{"up":{"uv":[14.0,4.875,12.0,6.5],"tintindex":0,"rotation":0,"texture":"#0"},"down":{"uv":[14.0,6.5,12.0,4.875],"tintindex":0,"rotation":0,"texture":"#0"}}}],"display":{"gui":{"rotation":[30,225,0]}}}