{"textures":{"1":"modelengine:entity/tower_skeleton_chest"},"elements":[{"from":[8.0,8.0,6.5],"to":[8.0,15.0,9.5],"faces":{"east":{"uv":[4.25,8.875,4.625,9.75],"tintindex":0,"rotation":0,"texture":"#1"},"west":{"uv":[4.625,8.875,4.25,9.75],"tintindex":0,"rotation":0,"texture":"#1"}}},{"from":[8.0,8.0,6.5],"to":[8.0,15.0,9.5],"faces":{"east":{"uv":[4.25,8.875,4.625,9.75],"tintindex":0,"rotation":0,"texture":"#1"},"west":{"uv":[4.625,8.875,4.25,9.75],"tintindex":0,"rotation":0,"texture":"#1"}},"rotation":{"origin":[8.0,11.5,8.0],"angle":45.0,"axis":"y"}}],"display":{"gui":{"rotation":[30,225,0]}}}