{"textures":{"4":"modelengine:entity/parasitic_abomination_parts"},"elements":[{"from":[3.5,15.0,15.0],"to":[15.0,25.0,25.5],"faces":{"east":{"uv":[5.75,12.25,8.375,14.75],"tintindex":0,"rotation":0,"texture":"#4"},"south":{"uv":[2.875,11.5,5.75,14.0],"tintindex":0,"rotation":0,"texture":"#4"},"north":{"uv":[0.0,11.5,2.875,14.0],"tintindex":0,"rotation":0,"texture":"#4"},"west":{"uv":[8.375,12.25,11.0,14.75],"tintindex":0,"rotation":0,"texture":"#4"},"up":{"uv":[12.5,9.625,9.625,7.0],"tintindex":0,"rotation":0,"texture":"#4"},"down":{"uv":[12.5,9.625,9.625,12.25],"tintindex":0,"rotation":0,"texture":"#4"}}},{"from":[9.5,22.0,-3.5],"to":[9.5,26.0,4.5],"faces":{"east":{"uv":[14.5,7.0,12.5,8.0],"tintindex":0,"rotation":0,"texture":"#4"},"west":{"uv":[12.5,7.0,14.5,8.0],"tintindex":0,"rotation":0,"texture":"#4"}},"rotation":{"origin":[9.5,22.0,0.5],"angle":22.5,"axis":"z"}},{"from":[0.5,10.5,7.0],"to":[5.5,14.0,8.5],"faces":{"east":{"uv":[12.5,11.0,12.875,11.875],"tintindex":0,"rotation":0,"texture":"#4"},"south":{"uv":[13.125,0.875,14.375,1.75],"tintindex":0,"rotation":0,"texture":"#4"},"north":{"uv":[13.125,0.0,14.375,0.875],"tintindex":0,"rotation":0,"texture":"#4"},"west":{"uv":[11.75,13.25,12.125,14.125],"tintindex":0,"rotation":0,"texture":"#4"},"up":{"uv":[14.375,3.875,13.125,3.5],"tintindex":0,"rotation":0,"texture":"#4"},"down":{"uv":[14.375,3.875,13.125,4.25],"tintindex":0,"rotation":0,"texture":"#4"}},"rotation":{"origin":[5.5,14.5,7.75],"angle":22.5,"axis":"z"}},{"from":[19.0,-1.0,-3.5],"to":[19.0,8.0,21.0],"faces":{"east":{"uv":[0.0,7.0,6.125,9.25],"tintindex":0,"rotation":0,"texture":"#4"},"west":{"uv":[0.0,9.25,6.125,11.5],"tintindex":0,"rotation":0,"texture":"#4"}}},{"from":[10.0,17.265366,-7.3477592],"to":[18.0,17.265366,-3.3477592],"faces":{"up":{"uv":[12.5,8.0,14.5,7.0],"tintindex":0,"rotation":180,"texture":"#4"},"down":{"uv":[14.5,8.0,12.5,7.0],"tintindex":0,"rotation":0,"texture":"#4"}},"rotation":{"origin":[14.0,17.265366,-3.5],"angle":-45.0,"axis":"x"}},{"from":[10.0,21.84776,-3.2653666],"to":[18.0,25.84776,-3.2653666],"faces":{"south":{"uv":[14.5,7.0,12.5,8.0],"tintindex":0,"rotation":0,"texture":"#4"},"north":{"uv":[12.5,7.0,14.5,8.0],"tintindex":0,"rotation":0,"texture":"#4"}},"rotation":{"origin":[14.0,23.84776,-3.2653666],"angle":-22.5,"axis":"x"}},{"from":[0.5,18.0,7.0],"to":[5.5,21.5,8.5],"faces":{"east":{"uv":[12.125,13.25,12.5,14.125],"tintindex":0,"rotation":0,"texture":"#4"},"south":{"uv":[13.125,2.625,14.375,3.5],"tintindex":0,"rotation":0,"texture":"#4"},"north":{"uv":[13.125,1.75,14.375,2.625],"tintindex":0,"rotation":0,"texture":"#4"},"west":{"uv":[12.5,13.25,12.875,14.125],"tintindex":0,"rotation":0,"texture":"#4"},"up":{"uv":[14.375,4.625,13.125,4.25],"tintindex":0,"rotation":0,"texture":"#4"},"down":{"uv":[14.375,4.625,13.125,5.0],"tintindex":0,"rotation":0,"texture":"#4"}},"rotation":{"origin":[5.5,22.0,7.75],"angle":22.5,"axis":"z"}},{"from":[9.734633,14.5,-7.3477592],"to":[9.734633,22.5,-3.3477592],"faces":{"east":{"uv":[14.5,8.0,12.5,7.0],"tintindex":0,"rotation":270,"texture":"#4"},"west":{"uv":[12.5,8.0,14.5,7.0],"tintindex":0,"rotation":90,"texture":"#4"}}},{"from":[21.265366,21.84776,-3.5],"to":[21.265366,25.84776,4.5],"faces":{"east":{"uv":[12.5,7.0,14.5,8.0],"tintindex":0,"rotation":0,"texture":"#4"},"west":{"uv":[14.5,7.0,12.5,8.0],"tintindex":0,"rotation":0,"texture":"#4"}},"rotation":{"origin":[21.265366,23.84776,0.5],"angle":-22.5,"axis":"z"}},{"from":[5.5,9.0,6.0],"to":[6.5,15.0,9.5],"faces":{"east":{"uv":[12.5,8.0,13.375,9.5],"tintindex":0,"rotation":0,"texture":"#4"},"south":{"uv":[11.0,13.25,11.25,14.75],"tintindex":0,"rotation":0,"texture":"#4"},"north":{"uv":[13.125,5.0,13.375,6.5],"tintindex":0,"rotation":0,"texture":"#4"},"west":{"uv":[12.5,9.5,13.375,11.0],"tintindex":0,"rotation":0,"texture":"#4"},"up":{"uv":[13.625,5.875,13.375,5.0],"tintindex":0,"rotation":0,"texture":"#4"},"down":{"uv":[13.625,5.875,13.375,6.75],"tintindex":0,"rotation":0,"texture":"#4"}}},{"from":[5.5,16.5,6.0],"to":[6.5,22.5,9.5],"faces":{"east":{"uv":[13.0,11.0,13.875,12.5],"tintindex":0,"rotation":0,"texture":"#4"},"south":{"uv":[11.5,13.25,11.75,14.75],"tintindex":0,"rotation":0,"texture":"#4"},"north":{"uv":[11.25,13.25,11.5,14.75],"tintindex":0,"rotation":0,"texture":"#4"},"west":{"uv":[13.0,12.5,13.875,14.0],"tintindex":0,"rotation":0,"texture":"#4"},"up":{"uv":[13.625,8.875,13.375,8.0],"tintindex":0,"rotation":0,"texture":"#4"},"down":{"uv":[13.625,8.875,13.375,9.75],"tintindex":0,"rotation":0,"texture":"#4"}}},{"from":[6.5,8.0,-3.5],"to":[20.5,22.0,21.0],"faces":{"east":{"uv":[0.0,0.0,6.125,3.5],"tintindex":0,"rotation":0,"texture":"#4"},"south":{"uv":[9.625,3.5,13.125,7.0],"tintindex":0,"rotation":0,"texture":"#4"},"north":{"uv":[9.625,0.0,13.125,3.5],"tintindex":0,"rotation":0,"texture":"#4"},"west":{"uv":[0.0,3.5,6.125,7.0],"tintindex":0,"rotation":0,"texture":"#4"},"up":{"uv":[9.625,6.125,6.125,0.0],"tintindex":0,"rotation":0,"texture":"#4"},"down":{"uv":[9.625,6.125,6.125,12.25],"tintindex":0,"rotation":0,"texture":"#4"}}}],"display":{"gui":{"rotation":[30,225,0]}}}