{"textures":{"1":"modelengine:entity/toro_wither_terror"},"elements":[{"from":[10.494491,3.5620232,11.072441],"to":[13.294491,10.562023,14.072441],"faces":{"east":{"uv":[10.5,7.65625,10.75,8.21875],"tintindex":0,"rotation":0,"texture":"#1"},"south":{"uv":[4.40625,10.90625,4.625,11.46875],"tintindex":0,"rotation":0,"texture":"#1"},"north":{"uv":[4.1875,10.90625,4.40625,11.46875],"tintindex":0,"rotation":0,"texture":"#1"},"west":{"uv":[10.5,10.3125,10.75,10.875],"tintindex":0,"rotation":0,"texture":"#1"},"up":{"uv":[1.625,12.34375,1.40625,12.09375],"tintindex":0,"rotation":0,"texture":"#1"},"down":{"uv":[1.84375,12.09375,1.625,12.34375],"tintindex":0,"rotation":0,"texture":"#1"}},"rotation":{"origin":[8.59449,4.262023,12.572441],"angle":-22.5,"axis":"z"}},{"from":[2.6799998,-9.343508,-2.0075588],"to":[5.48,-6.7435074,5.392441],"faces":{"east":{"uv":[10.625,8.65625,11.21875,8.875],"tintindex":0,"rotation":0,"texture":"#1"},"south":{"uv":[12.25,5.25,12.46875,5.46875],"tintindex":0,"rotation":0,"texture":"#1"},"north":{"uv":[12.25,5.03125,12.46875,5.25],"tintindex":0,"rotation":0,"texture":"#1"},"west":{"uv":[10.625,9.84375,11.21875,10.0625],"tintindex":0,"rotation":0,"texture":"#1"},"up":{"uv":[7.8125,11.28125,7.59375,10.6875],"tintindex":0,"rotation":0,"texture":"#1"},"down":{"uv":[8.03125,10.6875,7.8125,11.28125],"tintindex":0,"rotation":0,"texture":"#1"}},"rotation":{"origin":[8.2,12.756493,-23.22756],"angle":-22.5,"axis":"x"}},{"from":[9.72,-10.143507,-9.20756],"to":[14.120001,-5.943507,-1.80756],"faces":{"east":{"uv":[9.78125,9.5625,10.375,9.90625],"tintindex":0,"rotation":0,"texture":"#1"},"south":{"uv":[4.625,11.0625,4.96875,11.40625],"tintindex":0,"rotation":0,"texture":"#1"},"north":{"uv":[11.0625,0.59375,11.40625,0.9375],"tintindex":0,"rotation":0,"texture":"#1"},"west":{"uv":[4.71875,9.8125,5.3125,10.15625],"tintindex":0,"rotation":0,"texture":"#1"},"up":{"uv":[0.34375,10.46875,0.0,9.875],"tintindex":0,"rotation":0,"texture":"#1"},"down":{"uv":[1.28125,9.875,0.9375,10.46875],"tintindex":0,"rotation":0,"texture":"#1"}},"rotation":{"origin":[7.8,12.756493,-23.22756],"angle":-22.5,"axis":"x"}},{"from":[4.7999997,11.034995,13.117043],"to":[11.200001,17.234997,21.317045],"faces":{"east":{"uv":[4.09375,8.375,4.75,8.875],"tintindex":0,"rotation":0,"texture":"#1"},"south":{"uv":[1.125,9.375,1.625,9.875],"tintindex":0,"rotation":0,"texture":"#1"},"north":{"uv":[0.0,9.375,0.5,9.875],"tintindex":0,"rotation":0,"texture":"#1"},"west":{"uv":[0.59375,8.40625,1.25,8.90625],"tintindex":0,"rotation":0,"texture":"#1"},"up":{"uv":[8.0,8.90625,7.5,8.25],"tintindex":0,"rotation":0,"texture":"#1"},"down":{"uv":[8.90625,3.5,8.40625,4.15625],"tintindex":0,"rotation":0,"texture":"#1"}}},{"from":[3.0,9.834995,5.1170435],"to":[13.0,18.834995,13.317045],"faces":{"east":{"uv":[0.6875,6.75,1.34375,7.46875],"tintindex":0,"rotation":0,"texture":"#1"},"south":{"uv":[6.34375,6.09375,7.125,6.8125],"tintindex":0,"rotation":0,"texture":"#1"},"north":{"uv":[6.34375,5.375,7.125,6.09375],"tintindex":0,"rotation":0,"texture":"#1"},"west":{"uv":[1.34375,6.75,2.0,7.46875],"tintindex":0,"rotation":0,"texture":"#1"},"up":{"uv":[7.3125,3.90625,6.53125,3.25],"tintindex":0,"rotation":0,"texture":"#1"},"down":{"uv":[7.375,3.90625,6.59375,4.5625],"tintindex":0,"rotation":0,"texture":"#1"}}},{"from":[5.8,-4.143508,-14.927559],"to":[10.200001,6.856492,-10.72756],"faces":{"east":{"uv":[6.6875,8.59375,7.03125,9.46875],"tintindex":0,"rotation":0,"texture":"#1"},"south":{"uv":[7.03125,8.59375,7.375,9.46875],"tintindex":0,"rotation":0,"texture":"#1"},"north":{"uv":[8.59375,4.15625,8.9375,5.03125],"tintindex":0,"rotation":0,"texture":"#1"},"west":{"uv":[8.65625,8.1875,9.0,9.0625],"tintindex":0,"rotation":0,"texture":"#1"},"up":{"uv":[9.40625,11.25,9.0625,10.90625],"tintindex":0,"rotation":0,"texture":"#1"},"down":{"uv":[11.3125,7.0625,10.96875,7.40625],"tintindex":0,"rotation":0,"texture":"#1"}},"rotation":{"origin":[8.2,12.756493,-23.22756],"angle":-22.5,"axis":"x"}},{"from":[6.1,11.156493,-15.427559],"to":[13.700001,18.356493,3.7724404],"faces":{"east":{"uv":[2.59375,5.09375,4.09375,5.65625],"tintindex":0,"rotation":0,"texture":"#1"},"south":{"uv":[1.875,7.90625,2.46875,8.46875],"tintindex":0,"rotation":0,"texture":"#1"},"north":{"uv":[0.78125,7.84375,1.375,8.40625],"tintindex":0,"rotation":0,"texture":"#1"},"west":{"uv":[5.09375,4.25,6.59375,4.8125],"tintindex":0,"rotation":0,"texture":"#1"},"up":{"uv":[5.09375,5.75,4.5,4.25],"tintindex":0,"rotation":0,"texture":"#1"},"down":{"uv":[1.40625,4.875,0.8125,6.375],"tintindex":0,"rotation":0,"texture":"#1"}},"rotation":{"origin":[8.0,12.756493,-23.22756],"angle":-22.5,"axis":"y"}},{"from":[2.2999997,11.156493,-15.427559],"to":[9.9,18.356493,3.7724404],"faces":{"east":{"uv":[5.09375,4.8125,6.59375,5.375],"tintindex":0,"rotation":0,"texture":"#1"},"south":{"uv":[0.0,8.28125,0.59375,8.84375],"tintindex":0,"rotation":0,"texture":"#1"},"north":{"uv":[8.0625,8.1875,8.65625,8.75],"tintindex":0,"rotation":0,"texture":"#1"},"west":{"uv":[5.125,0.0,6.625,0.5625],"tintindex":0,"rotation":0,"texture":"#1"},"up":{"uv":[2.0,6.375,1.40625,4.875],"tintindex":0,"rotation":0,"texture":"#1"},"down":{"uv":[2.59375,4.875,2.0,6.375],"tintindex":0,"rotation":0,"texture":"#1"}},"rotation":{"origin":[8.0,12.756493,-23.22756],"angle":22.5,"axis":"y"}},{"from":[21.2,5.9564924,1.8724403],"to":[25.2,18.156494,6.472441],"faces":{"east":{"uv":[6.75,7.625,7.125,8.59375],"tintindex":0,"rotation":0,"texture":"#1"},"south":{"uv":[5.375,8.5625,5.6875,9.53125],"tintindex":0,"rotation":0,"texture":"#1"},"north":{"uv":[5.0625,8.5625,5.375,9.53125],"tintindex":0,"rotation":0,"texture":"#1"},"west":{"uv":[7.125,7.625,7.5,8.59375],"tintindex":0,"rotation":0,"texture":"#1"},"up":{"uv":[1.625,11.53125,1.3125,11.15625],"tintindex":0,"rotation":0,"texture":"#1"},"down":{"uv":[2.5625,11.15625,2.25,11.53125],"tintindex":0,"rotation":0,"texture":"#1"}},"rotation":{"origin":[28.0,16.356493,4.1724405],"angle":-22.5,"axis":"z"}},{"from":[9.72,-4.143508,-13.607559],"to":[14.120001,0.056492805,-6.2075596],"faces":{"east":{"uv":[4.125,9.78125,4.71875,10.125],"tintindex":0,"rotation":0,"texture":"#1"},"south":{"uv":[11.03125,9.0,11.375,9.34375],"tintindex":0,"rotation":0,"texture":"#1"},"north":{"uv":[6.28125,11.03125,6.625,11.375],"tintindex":0,"rotation":0,"texture":"#1"},"west":{"uv":[9.78125,6.71875,10.375,7.0625],"tintindex":0,"rotation":0,"texture":"#1"},"up":{"uv":[8.125,10.34375,7.78125,9.75],"tintindex":0,"rotation":0,"texture":"#1"},"down":{"uv":[10.125,7.0625,9.78125,7.65625],"tintindex":0,"rotation":0,"texture":"#1"}},"rotation":{"origin":[7.8,12.756493,-23.22756],"angle":-22.5,"axis":"x"}},{"from":[1.8799996,-4.143508,-13.607559],"to":[6.2799997,0.056492805,-6.2075596],"faces":{"east":{"uv":[9.625,5.53125,10.21875,5.875],"tintindex":0,"rotation":0,"texture":"#1"},"south":{"uv":[0.34375,11.0,0.6875,11.34375],"tintindex":0,"rotation":0,"texture":"#1"},"north":{"uv":[0.0,11.0,0.34375,11.34375],"tintindex":0,"rotation":0,"texture":"#1"},"west":{"uv":[9.625,8.6875,10.21875,9.03125],"tintindex":0,"rotation":0,"texture":"#1"},"up":{"uv":[7.4375,10.28125,7.09375,9.6875],"tintindex":0,"rotation":0,"texture":"#1"},"down":{"uv":[10.03125,7.90625,9.6875,8.5],"tintindex":0,"rotation":0,"texture":"#1"}},"rotation":{"origin":[8.2,12.756493,-23.22756],"angle":-22.5,"axis":"x"}},{"from":[-9.200001,5.9564924,1.8724403],"to":[-5.2,18.156494,6.472441],"faces":{"east":{"uv":[5.21875,7.21875,5.59375,8.1875],"tintindex":0,"rotation":0,"texture":"#1"},"south":{"uv":[4.75,8.5625,5.0625,9.53125],"tintindex":0,"rotation":0,"texture":"#1"},"north":{"uv":[2.0625,8.46875,2.375,9.4375],"tintindex":0,"rotation":0,"texture":"#1"},"west":{"uv":[1.5,7.46875,1.875,8.4375],"tintindex":0,"rotation":0,"texture":"#1"},"up":{"uv":[3.625,11.46875,3.3125,11.09375],"tintindex":0,"rotation":0,"texture":"#1"},"down":{"uv":[3.9375,11.09375,3.625,11.46875],"tintindex":0,"rotation":0,"texture":"#1"}},"rotation":{"origin":[-12.0,16.356493,4.1724405],"angle":22.5,"axis":"z"}},{"from":[-0.8944912,5.262023,10.272441],"to":[3.1055098,15.062023,14.872442],"faces":{"east":{"uv":[8.96875,7.15625,9.34375,7.9375],"tintindex":0,"rotation":0,"texture":"#1"},"south":{"uv":[3.8125,9.40625,4.125,10.1875],"tintindex":0,"rotation":0,"texture":"#1"},"north":{"uv":[3.5,9.40625,3.8125,10.1875],"tintindex":0,"rotation":0,"texture":"#1"},"west":{"uv":[9.0,7.9375,9.375,8.71875],"tintindex":0,"rotation":0,"texture":"#1"},"up":{"uv":[9.96875,11.5,9.65625,11.125],"tintindex":0,"rotation":0,"texture":"#1"},"down":{"uv":[10.28125,11.125,9.96875,11.5],"tintindex":0,"rotation":0,"texture":"#1"}},"rotation":{"origin":[7.4055095,4.262023,12.572441],"angle":-22.5,"axis":"z"}},{"from":[1.8799996,-10.143507,-9.20756],"to":[6.2799997,-5.943507,-1.80756],"faces":{"east":{"uv":[9.65625,3.0,10.25,3.34375],"tintindex":0,"rotation":0,"texture":"#1"},"south":{"uv":[0.6875,11.03125,1.03125,11.375],"tintindex":0,"rotation":0,"texture":"#1"},"north":{"uv":[11.0,10.84375,11.34375,11.1875],"tintindex":0,"rotation":0,"texture":"#1"},"west":{"uv":[9.75,4.03125,10.34375,4.375],"tintindex":0,"rotation":0,"texture":"#1"},"up":{"uv":[6.65625,10.34375,6.3125,9.75],"tintindex":0,"rotation":0,"texture":"#1"},"down":{"uv":[7.78125,9.75,7.4375,10.34375],"tintindex":0,"rotation":0,"texture":"#1"}},"rotation":{"origin":[8.2,12.756493,-23.22756],"angle":-22.5,"axis":"x"}},{"from":[1.7999997,-0.24350739,-5.72756],"to":[14.200001,13.156493,7.2724404],"faces":{"east":{"uv":[1.53125,0.0,2.5625,1.0625],"tintindex":0,"rotation":0,"texture":"#1"},"south":{"uv":[2.5625,0.0,3.53125,1.0625],"tintindex":0,"rotation":0,"texture":"#1"},"north":{"uv":[2.0625,2.125,3.03125,3.1875],"tintindex":0,"rotation":0,"texture":"#1"},"west":{"uv":[1.53125,1.0625,2.5625,2.125],"tintindex":0,"rotation":0,"texture":"#1"},"up":{"uv":[4.0,3.15625,3.03125,2.125],"tintindex":0,"rotation":0,"texture":"#1"},"down":{"uv":[4.0,3.15625,3.03125,4.1875],"tintindex":0,"rotation":0,"texture":"#1"}},"rotation":{"origin":[9.0,12.756493,-23.22756],"angle":-22.5,"axis":"x"}},{"from":[-6.800001,5.4564924,1.8724403],"to":[5.6,10.456493,6.472441],"faces":{"east":{"uv":[8.8125,10.21875,9.1875,10.625],"tintindex":0,"rotation":0,"texture":"#1"},"south":{"uv":[4.25,7.21875,5.21875,7.625],"tintindex":0,"rotation":0,"texture":"#1"},"north":{"uv":[7.125,6.03125,8.09375,6.4375],"tintindex":0,"rotation":0,"texture":"#1"},"west":{"uv":[10.25,2.96875,10.625,3.375],"tintindex":0,"rotation":0,"texture":"#1"},"up":{"uv":[8.5,1.96875,7.53125,1.59375],"tintindex":0,"rotation":0,"texture":"#1"},"down":{"uv":[8.5,1.96875,7.53125,2.34375],"tintindex":0,"rotation":0,"texture":"#1"}},"rotation":{"origin":[9.0,12.756493,-23.22756],"angle":-22.5,"axis":"x"}},{"from":[2.6799998,-3.3435078,-6.4075603],"to":[5.48,-0.7435074,0.9924402],"faces":{"east":{"uv":[5.96875,4.03125,6.5625,4.25],"tintindex":0,"rotation":0,"texture":"#1"},"south":{"uv":[12.25,1.90625,12.46875,2.125],"tintindex":0,"rotation":0,"texture":"#1"},"north":{"uv":[12.21875,12.15625,12.4375,12.375],"tintindex":0,"rotation":0,"texture":"#1"},"west":{"uv":[10.59375,1.96875,11.1875,2.1875],"tintindex":0,"rotation":0,"texture":"#1"},"up":{"uv":[7.375,11.28125,7.15625,10.6875],"tintindex":0,"rotation":0,"texture":"#1"},"down":{"uv":[7.59375,10.6875,7.375,11.28125],"tintindex":0,"rotation":0,"texture":"#1"}},"rotation":{"origin":[8.2,12.756493,-23.22756],"angle":-22.5,"axis":"x"}},{"from":[10.52,-9.343508,-2.0075588],"to":[13.32,-6.7435074,5.392441],"faces":{"east":{"uv":[10.65625,3.4375,11.25,3.65625],"tintindex":0,"rotation":0,"texture":"#1"},"south":{"uv":[7.9375,12.25,8.15625,12.46875],"tintindex":0,"rotation":0,"texture":"#1"},"north":{"uv":[6.46875,12.25,6.6875,12.46875],"tintindex":0,"rotation":0,"texture":"#1"},"west":{"uv":[9.6875,10.6875,10.28125,10.90625],"tintindex":0,"rotation":0,"texture":"#1"},"up":{"uv":[8.6875,11.28125,8.46875,10.6875],"tintindex":0,"rotation":0,"texture":"#1"},"down":{"uv":[10.5,10.6875,10.28125,11.28125],"tintindex":0,"rotation":0,"texture":"#1"}},"rotation":{"origin":[7.8,12.756493,-23.22756],"angle":-22.5,"axis":"x"}},{"from":[5.0,-6.2,-7.2666683],"to":[11.0,4.8,-3.0666676],"faces":{"east":{"uv":[2.375,8.71875,2.71875,9.59375],"tintindex":0,"rotation":0,"texture":"#1"},"south":{"uv":[0.0,6.9375,0.46875,7.8125],"tintindex":0,"rotation":0,"texture":"#1"},"north":{"uv":[3.53125,1.21875,4.0,2.09375],"tintindex":0,"rotation":0,"texture":"#1"},"west":{"uv":[2.71875,8.71875,3.0625,9.59375],"tintindex":0,"rotation":0,"texture":"#1"},"up":{"uv":[10.65625,0.59375,10.1875,0.25],"tintindex":0,"rotation":0,"texture":"#1"},"down":{"uv":[3.9375,10.1875,3.46875,10.53125],"tintindex":0,"rotation":0,"texture":"#1"}},"rotation":{"origin":[8.0,1.4000001,-7.2666683],"angle":-45.0,"axis":"x"}},{"from":[21.6,-0.84350777,2.6724405],"to":[24.400002,6.1564927,5.6724405],"faces":{"east":{"uv":[3.46875,10.53125,3.71875,11.09375],"tintindex":0,"rotation":0,"texture":"#1"},"south":{"uv":[6.625,10.90625,6.84375,11.46875],"tintindex":0,"rotation":0,"texture":"#1"},"north":{"uv":[5.46875,10.90625,5.6875,11.46875],"tintindex":0,"rotation":0,"texture":"#1"},"west":{"uv":[3.71875,10.53125,3.96875,11.09375],"tintindex":0,"rotation":0,"texture":"#1"},"up":{"uv":[2.0625,12.34375,1.84375,12.09375],"tintindex":0,"rotation":0,"texture":"#1"},"down":{"uv":[12.3125,2.46875,12.09375,2.71875],"tintindex":0,"rotation":0,"texture":"#1"}},"rotation":{"origin":[28.0,16.356493,4.1724405],"angle":-22.5,"axis":"z"}},{"from":[12.894491,5.262023,10.272441],"to":[16.894491,15.062023,14.872442],"faces":{"east":{"uv":[7.375,8.90625,7.75,9.6875],"tintindex":0,"rotation":0,"texture":"#1"},"south":{"uv":[9.375,7.90625,9.6875,8.6875],"tintindex":0,"rotation":0,"texture":"#1"},"north":{"uv":[1.625,9.375,1.9375,10.15625],"tintindex":0,"rotation":0,"texture":"#1"},"west":{"uv":[8.9375,4.03125,9.3125,4.8125],"tintindex":0,"rotation":0,"texture":"#1"},"up":{"uv":[11.4375,2.90625,11.125,2.53125],"tintindex":0,"rotation":0,"texture":"#1"},"down":{"uv":[3.21875,11.125,2.90625,11.5],"tintindex":0,"rotation":0,"texture":"#1"}},"rotation":{"origin":[8.59449,4.262023,12.572441],"angle":22.5,"axis":"z"}},{"from":[-8.400002,-0.84350777,2.6724405],"to":[-5.6000004,6.1564927,5.6724405],"faces":{"east":{"uv":[0.84375,10.46875,1.09375,11.03125],"tintindex":0,"rotation":0,"texture":"#1"},"south":{"uv":[1.09375,10.90625,1.3125,11.46875],"tintindex":0,"rotation":0,"texture":"#1"},"north":{"uv":[10.5,10.875,10.71875,11.4375],"tintindex":0,"rotation":0,"texture":"#1"},"west":{"uv":[10.46875,9.03125,10.71875,9.59375],"tintindex":0,"rotation":0,"texture":"#1"},"up":{"uv":[12.28125,8.03125,12.0625,7.78125],"tintindex":0,"rotation":0,"texture":"#1"},"down":{"uv":[12.28125,10.34375,12.0625,10.59375],"tintindex":0,"rotation":0,"texture":"#1"}},"rotation":{"origin":[-12.0,16.356493,4.1724405],"angle":22.5,"axis":"z"}},{"from":[10.4,5.4564924,1.8724403],"to":[22.800001,10.456493,6.472441],"faces":{"east":{"uv":[10.25,9.90625,10.625,10.3125],"tintindex":0,"rotation":0,"texture":"#1"},"south":{"uv":[7.3125,3.25,8.28125,3.65625],"tintindex":0,"rotation":0,"texture":"#1"},"north":{"uv":[6.75,7.21875,7.71875,7.625],"tintindex":0,"rotation":0,"texture":"#1"},"west":{"uv":[10.28125,3.375,10.65625,3.78125],"tintindex":0,"rotation":0,"texture":"#1"},"up":{"uv":[8.5,2.71875,7.53125,2.34375],"tintindex":0,"rotation":0,"texture":"#1"},"down":{"uv":[5.21875,7.625,4.25,8.0],"tintindex":0,"rotation":0,"texture":"#1"}},"rotation":{"origin":[7.0,12.756493,-23.22756],"angle":-22.5,"axis":"x"}},{"from":[2.7055092,3.5620232,11.072441],"to":[5.5055094,10.562023,14.072441],"faces":{"east":{"uv":[10.5,0.59375,10.75,1.15625],"tintindex":0,"rotation":0,"texture":"#1"},"south":{"uv":[3.96875,10.90625,4.1875,11.46875],"tintindex":0,"rotation":0,"texture":"#1"},"north":{"uv":[10.90625,2.53125,11.125,3.09375],"tintindex":0,"rotation":0,"texture":"#1"},"west":{"uv":[5.21875,10.5,5.46875,11.0625],"tintindex":0,"rotation":0,"texture":"#1"},"up":{"uv":[10.875,12.3125,10.65625,12.0625],"tintindex":0,"rotation":0,"texture":"#1"},"down":{"uv":[0.90625,12.09375,0.6875,12.34375],"tintindex":0,"rotation":0,"texture":"#1"}},"rotation":{"origin":[7.4055095,4.262023,12.572441],"angle":22.5,"axis":"z"}},{"from":[10.52,-3.3435078,-6.4075603],"to":[13.32,-0.7435074,0.9924402],"faces":{"east":{"uv":[10.625,10.0625,11.21875,10.28125],"tintindex":0,"rotation":0,"texture":"#1"},"south":{"uv":[6.25,12.25,6.46875,12.46875],"tintindex":0,"rotation":0,"texture":"#1"},"north":{"uv":[6.03125,12.25,6.25,12.46875],"tintindex":0,"rotation":0,"texture":"#1"},"west":{"uv":[10.65625,0.25,11.25,0.46875],"tintindex":0,"rotation":0,"texture":"#1"},"up":{"uv":[8.25,11.28125,8.03125,10.6875],"tintindex":0,"rotation":0,"texture":"#1"},"down":{"uv":[8.46875,10.6875,8.25,11.28125],"tintindex":0,"rotation":0,"texture":"#1"}},"rotation":{"origin":[7.8,12.756493,-23.22756],"angle":-22.5,"axis":"x"}}],"display":{"gui":{"rotation":[30,225,0]}}}