{"textures":{"1":"modelengine:entity/toro_wither_terror"},"elements":[{"from":[6.6000023,7.2475863,-2.8023272],"to":[9.300003,10.247586,6.497672],"faces":{"east":{"uv":[12.15625,8.84375,11.65625,9.0],"tintindex":0,"rotation":0,"texture":"#1"},"south":{"uv":[7.625,12.34375,7.46875,12.5],"tintindex":0,"rotation":0,"texture":"#1"},"north":{"uv":[12.25,0.0,12.09375,0.15625],"tintindex":0,"rotation":0,"texture":"#1"},"west":{"uv":[9.625,5.53125,9.125,5.6875],"tintindex":0,"rotation":0,"texture":"#1"},"up":{"uv":[3.3125,11.09375,3.46875,10.59375],"tintindex":0,"rotation":0,"texture":"#1"},"down":{"uv":[11.75,4.0,11.90625,4.5],"tintindex":0,"rotation":0,"texture":"#1"}},"rotation":{"origin":[7.800003,7.3975863,3.0476713],"angle":22.5,"axis":"x"}},{"from":[6.75,10.397587,-10.30233],"to":[9.150002,13.397587,1.0976725],"faces":{"east":{"uv":[12.0,10.5,11.40625,10.65625],"tintindex":0,"rotation":0,"texture":"#1"},"south":{"uv":[2.375,10.59375,2.25,10.75],"tintindex":0,"rotation":0,"texture":"#1"},"north":{"uv":[10.46875,2.53125,10.34375,2.6875],"tintindex":0,"rotation":0,"texture":"#1"},"west":{"uv":[12.0,7.875,11.40625,8.03125],"tintindex":0,"rotation":0,"texture":"#1"},"up":{"uv":[2.90625,3.78125,3.03125,3.1875],"tintindex":0,"rotation":0,"texture":"#1"},"down":{"uv":[0.6875,5.09375,0.8125,5.6875],"tintindex":0,"rotation":0,"texture":"#1"}},"rotation":{"origin":[7.800003,7.3975863,3.0476713],"angle":-22.5,"axis":"x"}},{"from":[5.8500023,5.297586,5.747672],"to":[10.050003,9.797586,9.947672],"faces":{"east":{"uv":[12.3125,6.03125,12.09375,6.28125],"tintindex":0,"rotation":0,"texture":"#1"},"south":{"uv":[5.8125,12.09375,5.59375,12.34375],"tintindex":0,"rotation":0,"texture":"#1"},"north":{"uv":[5.15625,12.09375,4.9375,12.34375],"tintindex":0,"rotation":0,"texture":"#1"},"west":{"uv":[5.59375,12.09375,5.375,12.34375],"tintindex":0,"rotation":0,"texture":"#1"},"up":{"uv":[12.28125,0.21875,12.5,0.0],"tintindex":0,"rotation":0,"texture":"#1"},"down":{"uv":[12.28125,1.0625,12.5,1.28125],"tintindex":0,"rotation":0,"texture":"#1"}},"rotation":{"origin":[8.100002,7.5475864,7.8476725],"angle":-22.5,"axis":"x"}}],"display":{"gui":{"rotation":[30,225,0]}}}