{
    "fill": {"block": "minecraft:cave_air"},
    "verticalRange": {
        "max": 400,
        "min": 15
    },
    "customBiome": "carving/deepslate",
    "fork": {
        "ravines": [
            {
                "rarity": 135,
                "ravine": "deep/main"
            },
            {
                "rarity": 255,
                "ravine": "amethyst/main"
            }
        ],
        "caves": [{
            "breakSurface": false,
            "cave": "rocky/small",
            "rarity": 110
        }],
        "elipsoids": [{
            "customBiome": "carving/rocky",
            "fill": {"block": "minecraft:cave_air"},
            "rarity": 90,
            "baseWidth": {
                "min": 5,
                "max": 27,
                "style": {"style": "STATIC"}
            }
        }]
    },
    "worm": {
        "girth": {
            "max": 9,
            "min": 2,
            "style": {"style": "NOWHERE"}
        },
        "maxDistance": 55,
        "yStyle": {
            "min": -3,
            "max": 1,
            "generator": {
                "zoom": 3,
                "style": "NOWHERE"
            }
        },
        "xStyle": {
            "min": -9,
            "max": 9,
            "generator": {
                "zoom": 0.6,
                "style": "NOWHERE"
            }
        },
        "zStyle": {
            "min": -9,
            "max": 9,
            "generator": {
                "zoom": 0.6,
                "style": "NOWHERE"
            }
        }
    }
}
