{
    "name": "Library",
    "rarity": 1,
    "loot": [
        {
            "type": "paper",
            "maxAmount": 7,
            "minAmount": 2,
            "rarity": 1,
            "slotTypes": "STORAGE"
        },
        {
            "type": "book",
            "maxAmount": 3,
            "minAmount": 1,
            "rarity": 1,
            "slotTypes": "STORAGE"
        },
        {
            "type": "enchanted_book",
            "maxAmount": 1,
            "minAmount": 1,
            "rarity": 2,
            "slotTypes": "STORAGE",
            "enchantments": [
                {
                    "enchantment": "binding_curse",
                    "chance": 0.25,
                    "maxLevel": 1,
                    "minLevel": 1
                },
                {
                    "enchantment": "vanishing_curse",
                    "chance": 0.25,
                    "maxLevel": 1,
                    "minLevel": 1
                },
                {
                    "enchantment": "frost_walker",
                    "chance": 0.25,
                    "maxLevel": 2,
                    "minLevel": 1
                },
                {
                    "enchantment": "mending",
                    "chance": 0.25,
                    "maxLevel": 1,
                    "minLevel": 1
                }
            ]
        },
        {
            "type": "compass",
            "maxAmount": 1,
            "minAmount": 1,
            "rarity": 10,
            "slotTypes": "STORAGE"
        },
        {
            "type": "map",
            "maxamount": 1,
            "minAmount": 1,
            "rarity": 10,
            "slottypes": "STORAGE"
        }
    ]
}
