{"textures":{"0":"modelengine:entity/mega_warden_invis"},"elements":[{"from":[4.75,3.5,9.25],"to":[20.75,19.5,9.25],"faces":{"south":{"uv":[7.4375,0.0,1.7763568E-15,7.4375],"tintindex":0,"rotation":0,"texture":"#0"},"north":{"uv":[1.7763568E-15,0.0,7.4375,7.4375],"tintindex":0,"rotation":0,"texture":"#0"}},"rotation":{"origin":[15.0,13.0,7.75],"angle":-45.0,"axis":"z"}},{"from":[-2.75,2.75,7.25],"to":[21.25,26.75,7.25],"faces":{"south":{"uv":[0.0,6.0,6.0,12.0],"tintindex":0,"rotation":0,"texture":"#0"},"north":{"uv":[0.0,0.0,6.0,6.0],"tintindex":0,"rotation":0,"texture":"#0"}},"rotation":{"origin":[15.0,13.0,7.75],"angle":-22.5,"axis":"z"}},{"from":[4.75,3.5,4.5],"to":[20.75,19.5,4.5],"faces":{"south":{"uv":[7.4375,0.0,1.7763568E-15,7.4375],"tintindex":0,"rotation":0,"texture":"#0"},"north":{"uv":[1.7763568E-15,0.0,7.4375,7.4375],"tintindex":0,"rotation":0,"texture":"#0"}},"rotation":{"origin":[15.0,13.0,7.75],"angle":-45.0,"axis":"z"}}],"display":{"gui":{"rotation":[30,225,0]}}}