{
    "name": "Hot Treasure",
    "rarity": 1,
    "maxPicked": 2,
    "minPicked": 1,
    "loot": [
        {
            "type": "bone",
            "maxAmount": 8,
            "minAmount": 4,
            "rarity": 1,
            "slotTypes": "STORAGE"
        },
        {
            "type": "rotten_flesh",
            "maxAmount": 7,
            "minAmount": 3,
            "rarity": 1,
            "slotTypes": "STORAGE"
        },
        {
            "type": "gunpowder",
            "maxAmount": 8,
            "minAmount": 1,
            "rarity": 2,
            "slotTypes": "STORAGE"
        },
        {
            "type": "sand",
            "maxAmount": 8,
            "minAmount": 1,
            "rarity": 2,
            "slotTypes": "STORAGE"
        },
        {
            "type": "string",
            "maxAmount": 8,
            "minAmount": 1,
            "rarity": 2,
            "slotTypes": "STORAGE"
        },
        {
            "type": "spider_eye",
            "maxAmount": 3,
            "minAmount": 1,
            "rarity": 3,
            "slotTypes": "STORAGE"
        },
        {
            "type": "enchanted_book",
            "rarity": 4,
            "maxAmount": 1,
            "slotTypes": "STORAGE"
        },
        {
            "type": "saddle",
            "maxAmount": 1,
            "rarity": 4,
            "slotTypes": "STORAGE"
        },
        {
            "type": "golden_apple",
            "maxAmount": 1,
            "rarity": 4,
            "slotTypes": "STORAGE"
        },
        {
            "type": "gold_ingot",
            "maxAmount": 7,
            "minAmount": 2,
            "rarity": 5,
            "slotTypes": "STORAGE"
        },
        {
            "type": "iron_ingot",
            "maxAmount": 5,
            "minAmount": 1,
            "rarity": 5,
            "slotTypes": "STORAGE"
        },
        {
            "type": "emerald",
            "maxAmount": 3,
            "minAmount": 1,
            "rarity": 5,
            "slotTypes": "STORAGE"
        },
        {
            "type": "iron_horse_armor",
            "maxAmount": 1,
            "rarity": 5,
            "slotTypes": "STORAGE"
        },
        {
            "type": "golden_horse_armor",
            "maxAmount": 1,
            "rarity": 8,
            "slotTypes": "STORAGE"
        },
        {
            "type": "diamond",
            "maxAmount": 3,
            "minAmount": 1,
            "rarity": 16,
            "slotTypes": "STORAGE"
        },
        {
            "type": "diamond_horse_armor",
            "maxAmount": 1,
            "rarity": 16,
            "slotTypes": "STORAGE"
        },
        {
            "type": "golden_apple",
            "maxAmount": 1,
            "rarity": 38,
            "slotTypes": "STORAGE"
        }
    ]
}
