{
    "name": "Hot",
    "color": "#D1CD44",
    "rarity": 4,
    "seaBiomeZoom": 3.5,
    "landBiomes": [
        "hot/desert-dunes",
        "hot/small-valley",
        "hot/desert-dunes-red",
        "savanna/savanna",
        "mesa/dark",
        "savanna/plateau",
        "savanna/forest",
        "savanna/acacia-denmyre",
        "mesa/plateau",
        "mesa/valleys",
        "mesa/plateau-high",
        "mesa/valleys",
        "mesa/mesa"
    ],
    "caveBiomes": [
        "carving/rocky-cavebiome"
    ],
    "jigsawStructures": [
        {
            "structure": "trail-ruins",
            "rarity": 1000
        },
        {
        "structure": "ruined-portal",
        "rarity": 1200
        },
        {
        "structure": "dungeon-skeleton",
        "rarity": 800
        },
        {
        "structure": "dungeon-spider",
        "rarity": 800
        },
        {
        "structure": "dungeon-zombie",
        "rarity": 800
        }

    ],

    "objects": [
        {
            "heightmap": {
                "seed": 1337,
                "style": {
                    "style": "SIMPLEX",
                    "multiplier": 10
                },
                "offsetY": 5
            },
            "chance": 0.05,
            "bottom": true,
            "density": 1,
            "place": [
                "structures/amethyst1",
                "structures/amethyst2",
                "structures/amethyst3",
                "structures/amethyst4",
                "structures/amethyst5",
                "structures/amethyst6"
            ],
            "edit": [{
                "find": [{"block": "minecraft:glass"}],
                "replace": {"palette": [{"block": "minecraft:void_air"}]}
            }],
            "enabled": true,
            "xAxis": {
                "interval": 90,
                "max": 360,
                "min": 0
            },
            "yAxis": {
                "interval": 90,
                "max": 270,
                "min": 0
            },
            "translate": {
                "yRandom": 10,
                "y": 2
            }
        }
    ],
    "shoreBiomes": ["hot/shore/beach"],
    "seaBiomes": ["hot/sea/ocean", "ocean/rich-oceans"],
    "entitySpawners": [
        "hot/passive",
        "hot/hostile",
        "hot/cave",
        "hot/water"
    ],
    "deposits": [
        {
            "minHeight": 2,
            "maxPerChunk": 20,
            "maxHeight": 100,
            "minPerChunk": 1,
            "minSize": 3,
            "maxSize": 8,
            "palette": [{"block": "minecraft:gold_ore"}],
            "varience": 5
        },
        {
            "minHeight": 15,
            "maxPerChunk": 8,
            "maxHeight": 70,
            "minPerChunk": 1,
            "minSize": 3,
            "maxSize": 8,
            "palette": [{"block": "minecraft:lapis_ore"}],
            "varience": 5
        }
    ],
    "landBiomeZoom": 7,
    "effects": [
        {
            "potionTicksMin": 87,
            "potionEffect": "CONFUSION",
            "chance": 1200,
            "potionStrength": 0,
            "potionTicksMax": 67,
            "interval": 500
        },
        {
            "particleAltX": 0.001,
            "particleAltY": 0.00885,
            "particleAltZ": 0.001,
            "chance": 2,
            "particleEffect": "CAMPFIRE_SIGNAL_SMOKE",
            "particleOffset": 0,
            "interval": 1350,
            "particleCount": 0
        }
    ],

    "carving": {
        "ravines": [
            {
                "rarity": 731,
                "ravine": "drip/main"
            },
            {
                "rarity": 331,
                "ravine": "sandstone/main"
            },
            {
                "rarity": 331,
                "ravine": "red-sandstone/main"
            }
        ],
        "caves": [
            {
                "breakSurface": true,
                "cave": "sandstone/main",
                "rarity": 20,
                "caveStartHeight": {
                    "max": 400,
                    "min": 15,
                    "style": {"style": "STATIC"}
                }
            },
            {
                "breakSurface": true,
                "cave": "red-sandstone/main",
                "rarity": 20,
                "caveStartHeight": {
                    "max": 400,
                    "min": 15,
                    "style": {"style": "STATIC"}
                }
            },
            {
                "breakSurface": true,
                "cave": "mixed-sandstone/main",
                "rarity": 15,
                "caveStartHeight": {
                    "max": 400,
                    "min": 15,
                    "style": {"style": "STATIC"}
                }
            },
            {
                "breakSurface": true,
                "cave": "drip/main",
                "rarity": 46,
                "caveStartHeight": {
                    "max": 400,
                    "min": 15,
                    "style": {"style": "STATIC"}
                }
            },
            {
                "breakSurface": true,
                "cave": "rocky/main",
                "rarity": 50,
                "caveStartHeight": {
                    "max": 400,
                    "min": 15,
                    "style": {"style": "STATIC"}
                }
            }
        ]
    },
    "shoreHeightMin": 3.2,
    "shoreHeightMax": 6.2,
    "shoreHeightZoom": 1.14,
    "loot": {
        "mode": "REPLACE",
        "tables": ["hot/food", "hot/treasure"]
    }
}
