{
    "placementOptions": {
        "loot": ["structures/pyramid-desert"],
        "markers": [{
            "emptyAbove": true,
            "mark": [
                {"block": "minecraft:sandstone"},
                {"block": "minecraft:cut_sandstone"},
                {"block": "minecraft:cut_red_sandstone"},
                {"block": "minecraft:red_sandstone"}
            ],
            "marker": "dank",
            "maximumMarkers": 9
        }],
        "overStilt": 0,
        "chance": 1,
        "meld": false,
        "density": 1,
        "boreExtendMinY": 0,
        "edit": [{
            "find": [{"block": "minecraft:glass"}],
            "replace": {"palette": [{"block": "minecraft:void_air"}]}
        }],
        "bottom": false,
        "translateCenter": false,
        "rotation": {
            "yAxis": {
                "min": 0,
                "max": 270,
                "interval": 90,
                "enabled": true
            },
            "xAxis": {
                "min": 0,
                "max": 0,
                "interval": 0,
                "enabled": false
            },
            "zAxis": {
                "min": 0,
                "max": 0,
                "interval": 0,
                "enabled": false
            },
            "enabled": true
        },
        "boreExtendMaxY": 0,
        "waterloggable": false,
        "smartBore": true,
        "bore": false,
        "translate": {
            "yRandom": 0,
            "x": 0,
            "y": -18,
            "z": 0
        },
        "mode": "MIN_HEIGHT",
        "carvingSupport": "SURFACE_ONLY",
        "snow": 0,
        "underwater": false,
        "onwater": false,
        "clamp": {
            "minimumHeight": 0,
            "maximumHeight": 255
        },
        "warp": {
            "multiplier": 1,
            "style": "FLAT",
            "zoom": 1,
            "maxFractureAccuracy": false,
            "exponent": 1
        }
    },
    "object": "jigsaw/pyramid/pyramid_2"
}
