{"textures":{"4":"modelengine:entity/mega_warden"},"elements":[{"from":[-3.0,-0.5,2.0],"to":[19.0,20.5,15.0],"faces":{"east":{"uv":[3.248,3.502,2.4395,4.8105],"tintindex":0,"rotation":0,"texture":"#4"},"south":{"uv":[2.0645,1.3145,3.4355,2.623],"tintindex":0,"rotation":0,"texture":"#4"},"north":{"uv":[2.0645,0.002,3.4355,1.3105],"tintindex":0,"rotation":0,"texture":"#4"},"west":{"uv":[2.4395,3.502,3.248,4.8105],"tintindex":0,"rotation":0,"texture":"#4"},"up":{"uv":[4.8105,0.8105,3.4395,0.002],"tintindex":0,"rotation":0,"texture":"#4"},"down":{"uv":[4.8105,0.8145,3.4395,1.623],"tintindex":0,"rotation":0,"texture":"#4"}}},{"from":[8.0,-0.5,15.0],"to":[8.0,20.5,23.0],"faces":{"east":{"uv":[5.627,1.0645,6.123,2.373],"tintindex":0,"rotation":0,"texture":"#4"},"west":{"uv":[6.123,1.0645,5.627,2.373],"tintindex":0,"rotation":0,"texture":"#4"}}}],"display":{"gui":{"rotation":[30,225,0]}}}