{"textures":{"4":"modelengine:entity/mega_warden"},"elements":[{"from":[4.660608,-7.0,2.7664213],"to":[15.660608,10.0,14.766421],"faces":{"east":{"uv":[2.3105,4.8145,1.5645,5.873],"tintindex":0,"rotation":0,"texture":"#4"},"south":{"uv":[6.248,0.002,5.5645,1.0605],"tintindex":0,"rotation":0,"texture":"#4"},"north":{"uv":[5.998,4.627,5.3145,5.6855],"tintindex":0,"rotation":0,"texture":"#4"},"west":{"uv":[5.5605,0.002,4.8145,1.0605],"tintindex":0,"rotation":0,"texture":"#4"},"up":{"uv":[4.3145,7.3105,4.998,6.5645],"tintindex":0,"rotation":0,"texture":"#4"},"down":{"uv":[6.627,1.9395,7.3105,2.6855],"tintindex":0,"rotation":0,"texture":"#4"}}}],"display":{"gui":{"rotation":[30,225,0]}}}