{"textures":{"7":"modelengine:entity/mega_warden_rocks"},"elements":[{"from":[-2.0,5.5,1.5],"to":[18.0,10.5,14.5],"faces":{"east":{"uv":[6.25,2.5,7.875,3.125],"tintindex":0,"rotation":0,"texture":"#7"},"south":{"uv":[0.0,5.375,2.5,6.0],"tintindex":0,"rotation":0,"texture":"#7"},"north":{"uv":[5.0,3.125,7.5,3.75],"tintindex":0,"rotation":0,"texture":"#7"},"west":{"uv":[5.375,6.625,7.0,7.25],"tintindex":0,"rotation":0,"texture":"#7"},"up":{"uv":[2.5,3.875,0.0,2.25],"tintindex":0,"rotation":0,"texture":"#7"},"down":{"uv":[5.0,2.25,2.5,3.875],"tintindex":0,"rotation":0,"texture":"#7"}}}],"display":{"gui":{"rotation":[30,225,0]}}}