{"textures":{"7":"modelengine:entity/mega_warden_rocks"},"elements":[{"from":[8.75,5.5,3.5],"to":[15.75,10.5,13.5],"faces":{"east":{"uv":[3.25,6.75,4.5,7.375],"tintindex":0,"rotation":0,"texture":"#7"},"south":{"uv":[3.375,7.375,4.25,8.0],"tintindex":0,"rotation":0,"texture":"#7"},"north":{"uv":[2.5,7.375,3.375,8.0],"tintindex":0,"rotation":0,"texture":"#7"},"west":{"uv":[7.0,6.875,8.25,7.5],"tintindex":0,"rotation":0,"texture":"#7"},"up":{"uv":[0.875,7.25,0.0,6.0],"tintindex":0,"rotation":0,"texture":"#7"},"down":{"uv":[1.75,6.0,0.875,7.25],"tintindex":0,"rotation":0,"texture":"#7"}}},{"from":[-1.25,5.5,1.5],"to":[8.75,10.5,13.5],"faces":{"east":{"uv":[6.875,4.375,8.375,5.0],"tintindex":0,"rotation":0,"texture":"#7"},"south":{"uv":[4.5,7.25,5.75,7.875],"tintindex":0,"rotation":0,"texture":"#7"},"north":{"uv":[0.0,7.25,1.25,7.875],"tintindex":0,"rotation":0,"texture":"#7"},"west":{"uv":[7.0,5.0,8.5,5.625],"tintindex":0,"rotation":0,"texture":"#7"},"up":{"uv":[6.0,5.375,4.75,3.875],"tintindex":0,"rotation":0,"texture":"#7"},"down":{"uv":[6.25,1.625,5.0,3.125],"tintindex":0,"rotation":0,"texture":"#7"}}}],"display":{"gui":{"rotation":[30,225,0]}}}