{"textures":{"6":"modelengine:entity/mega_warden_damage"},"elements":[{"from":[3.0,-4.0,6.75],"to":[8.0,8.0,8.75],"faces":{"east":{"uv":[6.9355,7.752,6.8145,8.498],"tintindex":0,"rotation":0,"texture":"#6"},"south":{"uv":[7.248,7.627,6.9395,8.373],"tintindex":0,"rotation":0,"texture":"#6"},"north":{"uv":[4.623,4.9395,4.3145,5.6855],"tintindex":0,"rotation":0,"texture":"#6"},"west":{"uv":[6.8105,7.752,6.6895,8.498],"tintindex":0,"rotation":0,"texture":"#6"},"up":{"uv":[3.4395,2.623,3.748,2.502],"tintindex":0,"rotation":0,"texture":"#6"},"down":{"uv":[3.752,2.502,4.0605,2.623],"tintindex":0,"rotation":0,"texture":"#6"}}}],"display":{"gui":{"rotation":[30,225,0]}}}