{
    "group": "CAVE",
    "maximumRate": {
        "amount": 3,
        "per": {"seconds": 30}
    },
    "allowedLightLevels": {
        "max": 7,
        "min": 0
    },
    "maxEntitiesPerChunk": 2,
    "energyMultiplier": 3,
    "spawns": [
        {
            "entity": "standard/hostile/skeleton",
            "energyMultiplier": 1.35,
            "rarity": 5
        },
        {
            "entity": "standard/neutral/cavespider",
            "energyMultiplier": 1.15,
            "rarity": 4
        },
         {
            "entity": "standard/neutral/spider",
            "energyMultiplier": 1.15,
            "rarity": 2
        }
    ]
}
