{"textures":{"1":"modelengine:entity/wizpiglin_2_arc"},"elements":[{"from":[8.75,11.771639,8.0],"to":[18.75,21.771639,8.0],"faces":{"south":{"uv":[8.375,13.625,14.375,7.625],"tintindex":0,"rotation":0,"texture":"#1"},"north":{"uv":[14.375,13.625,8.375,7.625],"tintindex":0,"rotation":0,"texture":"#1"}},"rotation":{"origin":[8.0,13.771639,8.0],"angle":-22.5,"axis":"x"}},{"from":[-2.75,9.771639,8.0],"to":[7.25,19.771639,8.0],"faces":{"south":{"uv":[14.375,7.5,8.375,1.5],"tintindex":0,"rotation":0,"texture":"#1"},"north":{"uv":[8.375,7.5,14.375,1.5],"tintindex":0,"rotation":0,"texture":"#1"}},"rotation":{"origin":[8.0,11.771639,8.0],"angle":22.5,"axis":"x"}},{"from":[8.0,2.7716384,8.75],"to":[8.0,12.771639,18.75],"faces":{"east":{"uv":[7.375,1.5,1.375,7.5],"tintindex":0,"rotation":0,"texture":"#1"},"west":{"uv":[1.375,1.5,7.375,7.5],"tintindex":0,"rotation":0,"texture":"#1"}},"rotation":{"origin":[8.0,10.771639,8.0],"angle":22.5,"axis":"z"}},{"from":[8.0,2.7716384,-2.75],"to":[8.0,12.771639,7.25],"faces":{"east":{"uv":[1.375,7.625,7.375,13.625],"tintindex":0,"rotation":0,"texture":"#1"},"west":{"uv":[7.375,7.625,1.375,13.625],"tintindex":0,"rotation":0,"texture":"#1"}},"rotation":{"origin":[8.0,10.771639,8.0],"angle":-22.5,"axis":"z"}}],"display":{"gui":{"rotation":[30,225,0]}}}