{
    "group": "NORMAL",
    "maximumRate": {
        "amount": 8,
        "per": {"seconds": 15}
    },
    "timeBlock": {
        "startHour": 20,
        "endHour": 3
    },
    "maxEntitiesPerChunk": 2,
    "energyMultiplier": 0.95,
    "weather": "ANY",
    "spawns": [
        {
            "entity": "standard/neutral/spider",
            "energyMultiplier": 1,
            "rarity": 5,
            "maxSpawns": 2,
            "minSpawns": 1
        },
        {
            "entity": "standard/hostile/zombie",
            "energyMultiplier": 1,
            "rarity": 5,
            "maxSpawns": 4,
            "minSpawns": 2
        },
        {
            "entity": "standard/hostile/creeper",
            "energyMultiplier": 1,
            "rarity": 5,
            "maxSpawns": 1,
            "minSpawns": 1
        },
        {
            "entity": "standard/hostile/slime",
            "energyMultiplier": 1,
            "rarity": 5,
            "maxSpawns": 2,
            "minSpawns": 1
        },
        {
            "entity": "standard/hostile/skeleton",
            "energyMultiplier": 1,
            "rarity": 30,
            "maxSpawns": 2,
            "minSpawns": 1
        },
        {
            "entity": "standard/neutral/enderman",
            "energyMultiplier": 1,
            "rarity": 60,
            "maxSpawns": 2,
            "minSpawns": 1
        }
    ]
}
