{"textures":{"0":"modelengine:entity/tower_skeleton_minion"},"elements":[{"from":[4.0,13.0,3.0],"to":[12.0,21.0,8.0],"faces":{"east":{"uv":[0.0,4.0,0.625,5.0],"tintindex":0,"rotation":0,"texture":"#0"},"south":{"uv":[2.0,3.0,3.0,4.0],"tintindex":0,"rotation":0,"texture":"#0"},"north":{"uv":[3.0,1.5,4.0,2.5],"tintindex":0,"rotation":0,"texture":"#0"},"west":{"uv":[0.625,4.0,1.25,5.0],"tintindex":0,"rotation":0,"texture":"#0"},"up":{"uv":[2.25,4.625,1.25,4.0],"tintindex":0,"rotation":0,"texture":"#0"},"down":{"uv":[5.0,1.5,4.0,2.125],"tintindex":0,"rotation":0,"texture":"#0"}}},{"from":[12.0,21.0,8.0],"to":[4.0,13.0,3.0],"faces":{"east":{"uv":[0.625,5.0,1.25,4.0],"tintindex":0,"rotation":0,"texture":"#0"},"south":{"uv":[3.0,2.5,4.0,1.5],"tintindex":0,"rotation":0,"texture":"#0"},"north":{"uv":[2.0,4.0,3.0,3.0],"tintindex":0,"rotation":0,"texture":"#0"},"west":{"uv":[0.0,5.0,0.625,4.0],"tintindex":0,"rotation":0,"texture":"#0"},"up":{"uv":[4.0,1.5,5.0,2.125],"tintindex":0,"rotation":0,"texture":"#0"},"down":{"uv":[1.25,4.625,2.25,4.0],"tintindex":0,"rotation":0,"texture":"#0"}}},{"from":[6.5,20.847378,7.2337093],"to":[9.5,24.847378,7.2337093],"faces":{"south":{"uv":[3.875,5.75,3.5,6.25],"tintindex":0,"rotation":0,"texture":"#0"},"north":{"uv":[3.5,5.75,3.875,6.25],"tintindex":0,"rotation":0,"texture":"#0"}},"rotation":{"origin":[8.0,22.847378,7.2337093],"angle":-22.5,"axis":"x"}},{"from":[6.5,8.0,8.0],"to":[9.5,13.0,8.0],"faces":{"south":{"uv":[3.125,5.375,3.5,6.0],"tintindex":0,"rotation":0,"texture":"#0"},"north":{"uv":[3.5,5.375,3.125,6.0],"tintindex":0,"rotation":0,"texture":"#0"}}}],"display":{"gui":{"rotation":[30,225,0]}}}