{"textures":{"0":"modelengine:entity/tower_skeleton_minion"},"elements":[{"from":[5.5,5.1120834,2.5771608],"to":[10.5,9.112083,8.577161],"faces":{"east":{"uv":[4.875,0.0,5.625,0.5],"tintindex":0,"rotation":0,"texture":"#0"},"south":{"uv":[5.0,1.5,5.625,2.0],"tintindex":0,"rotation":0,"texture":"#0"},"north":{"uv":[4.875,1.0,5.5,1.5],"tintindex":0,"rotation":0,"texture":"#0"},"west":{"uv":[4.875,0.5,5.625,1.0],"tintindex":0,"rotation":0,"texture":"#0"},"up":{"uv":[2.875,4.75,2.25,4.0],"tintindex":0,"rotation":0,"texture":"#0"},"down":{"uv":[4.5,4.0,3.875,4.75],"tintindex":0,"rotation":0,"texture":"#0"}},"rotation":{"origin":[8.0,7.6120834,5.577161],"angle":-22.5,"axis":"x"}},{"from":[4.0,7.8498535,2.2314973],"to":[12.0,13.8498535,10.231497],"faces":{"east":{"uv":[3.875,0.75,4.875,1.5],"tintindex":0,"rotation":0,"texture":"#0"},"south":{"uv":[3.875,2.5,4.875,3.25],"tintindex":0,"rotation":0,"texture":"#0"},"north":{"uv":[3.875,0.0,4.875,0.75],"tintindex":0,"rotation":0,"texture":"#0"},"west":{"uv":[4.875,0.75,3.875,1.5],"tintindex":0,"rotation":0,"texture":"#0"},"up":{"uv":[1.0,4.0,0.0,3.0],"tintindex":0,"rotation":0,"texture":"#0"},"down":{"uv":[2.0,3.0,1.0,4.0],"tintindex":0,"rotation":0,"texture":"#0"}}}],"display":{"gui":{"rotation":[30,225,0]}}}