{"textures":{"0":"modelengine:entity/tower_skeleton_minion"},"elements":[{"from":[6.5,-2.5,7.5],"to":[8.5,8.5,9.5],"faces":{"east":{"uv":[5.0,3.875,5.25,5.25],"tintindex":0,"rotation":0,"texture":"#0"},"south":{"uv":[5.125,2.375,5.375,3.75],"tintindex":0,"rotation":0,"texture":"#0"},"north":{"uv":[1.0,5.0,1.25,6.375],"tintindex":0,"rotation":0,"texture":"#0"},"west":{"uv":[5.25,3.75,5.5,5.125],"tintindex":0,"rotation":0,"texture":"#0"},"up":{"uv":[3.875,4.75,3.625,4.5],"tintindex":0,"rotation":0,"texture":"#0"},"down":{"uv":[5.875,0.75,5.625,1.0],"tintindex":0,"rotation":0,"texture":"#0"}}}],"display":{"gui":{"rotation":[30,225,0]}}}