{"textures":{"0":"modelengine:entity/tower_skeleton_minion"},"elements":[{"from":[8.5,2.0,-16.0],"to":[8.5,8.0,15.0],"faces":{"east":{"uv":[3.875,0.75,0.0,1.5],"tintindex":0,"rotation":0,"texture":"#0"},"west":{"uv":[0.0,0.75,3.875,1.5],"tintindex":0,"rotation":0,"texture":"#0"}}},{"from":[7.5,3.0,6.0],"to":[9.5,8.0,11.0],"faces":{"east":{"uv":[2.25,4.75,2.875,5.375],"tintindex":0,"rotation":0,"texture":"#0"},"south":{"uv":[5.875,5.0,6.125,5.625],"tintindex":0,"rotation":0,"texture":"#0"},"north":{"uv":[5.875,4.375,6.125,5.0],"tintindex":0,"rotation":0,"texture":"#0"},"west":{"uv":[3.625,4.75,4.25,5.375],"tintindex":0,"rotation":0,"texture":"#0"},"up":{"uv":[6.25,2.0,6.0,1.375],"tintindex":0,"rotation":0,"texture":"#0"},"down":{"uv":[6.25,2.375,6.0,3.0],"tintindex":0,"rotation":0,"texture":"#0"}}}],"display":{"gui":{"rotation":[30,225,0]}}}