{"textures":{"0":"modelengine:entity/tower_skeleton_minion"},"elements":[{"from":[7.0,-4.0,6.0],"to":[9.0,8.0,8.0],"faces":{"east":{"uv":[0.25,5.0,0.5,6.5],"tintindex":0,"rotation":0,"texture":"#0"},"south":{"uv":[0.5,5.0,0.75,6.5],"tintindex":0,"rotation":0,"texture":"#0"},"north":{"uv":[0.0,5.0,0.25,6.5],"tintindex":0,"rotation":0,"texture":"#0"},"west":{"uv":[0.75,5.0,1.0,6.5],"tintindex":0,"rotation":0,"texture":"#0"},"up":{"uv":[6.375,4.0,6.125,3.75],"tintindex":0,"rotation":0,"texture":"#0"},"down":{"uv":[6.375,4.0,6.125,4.25],"tintindex":0,"rotation":0,"texture":"#0"}}}],"display":{"gui":{"rotation":[30,225,0]}}}