{"textures":{"0":"modelengine:entity/tower_skeleton_minion"},"elements":[{"from":[6.0,7.0,2.5],"to":[10.0,8.0,9.5],"faces":{"east":{"uv":[4.0,2.375,4.875,2.5],"tintindex":0,"rotation":0,"texture":"#0"},"south":{"uv":[5.875,3.375,6.375,3.5],"tintindex":0,"rotation":0,"texture":"#0"},"north":{"uv":[5.875,2.0,6.375,2.125],"tintindex":0,"rotation":0,"texture":"#0"},"west":{"uv":[5.0,2.0,5.875,2.125],"tintindex":0,"rotation":0,"texture":"#0"},"up":{"uv":[3.625,5.375,3.125,4.5],"tintindex":0,"rotation":0,"texture":"#0"},"down":{"uv":[5.0,4.0,4.5,4.875],"tintindex":0,"rotation":0,"texture":"#0"}}}],"display":{"gui":{"rotation":[30,225,0]}}}