{"textures":{"0":"modelengine:entity/tower_skeleton_minion"},"elements":[{"from":[4.1882057,6.653282,4.5333333],"to":[7.1882057,9.653282,9.533333],"faces":{"east":{"uv":[5.625,0.0,6.25,0.375],"tintindex":0,"rotation":0,"texture":"#0"},"south":{"uv":[1.625,6.125,2.0,6.5],"tintindex":0,"rotation":0,"texture":"#0"},"north":{"uv":[1.25,6.125,1.625,6.5],"tintindex":0,"rotation":0,"texture":"#0"},"west":{"uv":[5.625,0.375,6.25,0.75],"tintindex":0,"rotation":0,"texture":"#0"},"up":{"uv":[6.0,2.0,5.625,1.375],"tintindex":0,"rotation":0,"texture":"#0"},"down":{"uv":[6.0,2.375,5.625,3.0],"tintindex":0,"rotation":0,"texture":"#0"}},"rotation":{"origin":[5.6882057,8.153282,7.0333333],"angle":-22.5,"axis":"z"}},{"from":[8.811794,6.653282,4.4333334],"to":[11.811794,9.653282,9.533333],"faces":{"east":{"uv":[5.5,3.625,6.125,4.0],"tintindex":0,"rotation":0,"texture":"#0"},"south":{"uv":[6.125,0.75,6.5,1.125],"tintindex":0,"rotation":0,"texture":"#0"},"north":{"uv":[5.875,6.0,6.25,6.375],"tintindex":0,"rotation":0,"texture":"#0"},"west":{"uv":[5.5,4.0,6.125,4.375],"tintindex":0,"rotation":0,"texture":"#0"},"up":{"uv":[5.875,5.0,5.5,4.375],"tintindex":0,"rotation":0,"texture":"#0"},"down":{"uv":[5.875,5.0,5.5,5.625],"tintindex":0,"rotation":0,"texture":"#0"}},"rotation":{"origin":[10.311794,8.153282,7.0333333],"angle":22.5,"axis":"z"}},{"from":[6.5,6.1934376,4.4333334],"to":[9.5,9.193438,9.533333],"faces":{"east":{"uv":[3.5,5.375,4.125,5.75],"tintindex":0,"rotation":0,"texture":"#0"},"south":{"uv":[5.5,6.0,5.875,6.375],"tintindex":0,"rotation":0,"texture":"#0"},"north":{"uv":[3.125,6.0,3.5,6.375],"tintindex":0,"rotation":0,"texture":"#0"},"west":{"uv":[5.5,1.0,6.125,1.375],"tintindex":0,"rotation":0,"texture":"#0"},"up":{"uv":[1.625,6.125,1.25,5.5],"tintindex":0,"rotation":0,"texture":"#0"},"down":{"uv":[2.0,5.5,1.625,6.125],"tintindex":0,"rotation":0,"texture":"#0"}}}],"display":{"gui":{"rotation":[30,225,0]}}}