{"textures":{"0":"modelengine:entity/tower_skeleton_minion"},"elements":[{"from":[7.25,-2.0,8.0],"to":[9.25,8.0,10.0],"faces":{"east":{"uv":[5.625,2.375,5.375,3.625],"tintindex":0,"rotation":0,"texture":"#0"},"south":{"uv":[2.5,5.375,2.25,6.625],"tintindex":0,"rotation":0,"texture":"#0"},"north":{"uv":[5.25,5.25,5.0,6.5],"tintindex":0,"rotation":0,"texture":"#0"},"west":{"uv":[5.5,5.125,5.25,6.375],"tintindex":0,"rotation":0,"texture":"#0"},"up":{"uv":[5.625,3.625,5.875,3.375],"tintindex":0,"rotation":0,"texture":"#0"},"down":{"uv":[5.875,0.75,6.125,1.0],"tintindex":0,"rotation":0,"texture":"#0"}}}],"display":{"gui":{"rotation":[30,225,0]}}}