{"textures":{"0":"modelengine:entity/tower_skeleton_minion"},"elements":[{"from":[7.5,-2.5,7.5],"to":[9.5,8.5,9.5],"faces":{"east":{"uv":[5.5,3.75,5.25,5.125],"tintindex":0,"rotation":0,"texture":"#0"},"south":{"uv":[5.375,2.375,5.125,3.75],"tintindex":0,"rotation":0,"texture":"#0"},"north":{"uv":[1.25,5.0,1.0,6.375],"tintindex":0,"rotation":0,"texture":"#0"},"west":{"uv":[5.25,3.875,5.0,5.25],"tintindex":0,"rotation":0,"texture":"#0"},"up":{"uv":[3.625,4.75,3.875,4.5],"tintindex":0,"rotation":0,"texture":"#0"},"down":{"uv":[5.625,0.75,5.875,1.0],"tintindex":0,"rotation":0,"texture":"#0"}}}],"display":{"gui":{"rotation":[30,225,0]}}}