{"textures":{"0":"modelengine:entity/tower_skeleton_minion"},"elements":[{"from":[8.0,-4.0,7.0],"to":[10.0,8.0,9.0],"faces":{"east":{"uv":[5.0,4.875,4.75,6.375],"tintindex":0,"rotation":0,"texture":"#0"},"south":{"uv":[4.75,4.875,4.5,6.375],"tintindex":0,"rotation":0,"texture":"#0"},"north":{"uv":[4.5,4.75,4.25,6.25],"tintindex":0,"rotation":0,"texture":"#0"},"west":{"uv":[5.125,2.375,4.875,3.875],"tintindex":0,"rotation":0,"texture":"#0"},"up":{"uv":[6.125,1.375,6.375,1.125],"tintindex":0,"rotation":0,"texture":"#0"},"down":{"uv":[6.125,3.5,6.375,3.75],"tintindex":0,"rotation":0,"texture":"#0"}}}],"display":{"gui":{"rotation":[30,225,0]}}}