{"textures":{"0":"modelengine:entity/tower_skeleton_minion"},"elements":[{"from":[7.0,-4.0,6.0],"to":[9.0,8.0,8.0],"faces":{"east":{"uv":[1.0,5.0,0.75,6.5],"tintindex":0,"rotation":0,"texture":"#0"},"south":{"uv":[0.75,5.0,0.5,6.5],"tintindex":0,"rotation":0,"texture":"#0"},"north":{"uv":[0.25,5.0,0.0,6.5],"tintindex":0,"rotation":0,"texture":"#0"},"west":{"uv":[0.5,5.0,0.25,6.5],"tintindex":0,"rotation":0,"texture":"#0"},"up":{"uv":[6.125,4.0,6.375,3.75],"tintindex":0,"rotation":0,"texture":"#0"},"down":{"uv":[6.125,4.0,6.375,4.25],"tintindex":0,"rotation":0,"texture":"#0"}}},{"from":[9.0,-6.0,1.0],"to":[10.0,6.0,13.0],"faces":{"east":{"uv":[3.0,1.5,1.5,3.0],"tintindex":0,"rotation":0,"texture":"#0"},"south":{"uv":[2.25,5.5,2.125,7.0],"tintindex":0,"rotation":0,"texture":"#0"},"north":{"uv":[2.125,5.5,2.0,7.0],"tintindex":0,"rotation":0,"texture":"#0"},"west":{"uv":[1.5,1.5,0.0,3.0],"tintindex":0,"rotation":0,"texture":"#0"},"up":{"uv":[2.5,7.5,2.625,6.0],"tintindex":0,"rotation":0,"texture":"#0"},"down":{"uv":[2.625,6.0,2.75,7.5],"tintindex":0,"rotation":0,"texture":"#0"}}}],"display":{"gui":{"rotation":[30,225,0]}}}