{"textures":{"0":"modelengine:entity/tower_skeleton_minion"},"elements":[{"from":[6.9692664,-4.6955185,5.0],"to":[6.9692664,3.304482,12.0],"faces":{"east":{"uv":[3.875,3.5,3.0,4.5],"tintindex":0,"rotation":0,"texture":"#0"},"west":{"uv":[3.0,3.5,3.875,4.5],"tintindex":0,"rotation":0,"texture":"#0"}},"rotation":{"origin":[6.9692664,-0.6955185,8.5],"angle":-22.5,"axis":"z"}},{"from":[3.5,1.0,6.0],"to":[7.5,8.0,6.0],"faces":{"south":{"uv":[1.25,4.625,1.75,5.5],"tintindex":0,"rotation":0,"texture":"#0"},"north":{"uv":[1.75,4.625,1.25,5.5],"tintindex":0,"rotation":0,"texture":"#0"}}},{"from":[6.5,3.0,6.0],"to":[8.5,8.0,11.0],"faces":{"east":{"uv":[4.25,4.75,3.625,5.375],"tintindex":0,"rotation":0,"texture":"#0"},"south":{"uv":[6.125,5.0,5.875,5.625],"tintindex":0,"rotation":0,"texture":"#0"},"north":{"uv":[6.125,4.375,5.875,5.0],"tintindex":0,"rotation":0,"texture":"#0"},"west":{"uv":[2.875,4.75,2.25,5.375],"tintindex":0,"rotation":0,"texture":"#0"},"up":{"uv":[6.0,2.0,6.25,1.375],"tintindex":0,"rotation":0,"texture":"#0"},"down":{"uv":[6.0,2.375,6.25,3.0],"tintindex":0,"rotation":0,"texture":"#0"}}}],"display":{"gui":{"rotation":[30,225,0]}}}