{"textures":{"0":"modelengine:entity/tower_skeleton_minion"},"elements":[{"from":[7.0,8.0,1.0],"to":[8.0,9.0,31.0],"faces":{"east":{"uv":[4.0,2.125,7.75,2.25],"tintindex":0,"rotation":0,"texture":"#0"},"south":{"uv":[5.125,3.75,5.25,3.875],"tintindex":0,"rotation":0,"texture":"#0"},"north":{"uv":[4.875,3.875,5.0,4.0],"tintindex":0,"rotation":0,"texture":"#0"},"west":{"uv":[4.0,2.25,7.75,2.375],"tintindex":0,"rotation":0,"texture":"#0"},"up":{"uv":[3.0,7.75,2.875,4.0],"tintindex":0,"rotation":0,"texture":"#0"},"down":{"uv":[3.125,4.5,3.0,8.25],"tintindex":0,"rotation":0,"texture":"#0"}}},{"from":[7.5,7.0,-2.0],"to":[7.5,10.0,3.0],"faces":{"east":{"uv":[6.125,5.625,5.5,6.0],"tintindex":0,"rotation":0,"texture":"#0"},"west":{"uv":[5.5,5.625,6.125,6.0],"tintindex":0,"rotation":0,"texture":"#0"}}}],"display":{"gui":{"rotation":[30,225,0]}}}